# Blender 5.2.0 LTS
# www.blender.org
mtllib boneclaw prob perfect .mtl
o maybe_correct_sized_bc_body.001
v 0.775411 0.168757 0.131029
v 0.822925 0.160456 0.131029
v 0.797326 0.046401 0.131029
v 0.617886 0.042015 0.131029
v 0.727093 0.214771 0.131029
v 0.622494 0.240600 0.131029
v 0.509132 0.237830 0.131029
v 0.513980 0.039476 0.131029
v 0.419416 0.037165 0.131029
v 0.414106 0.254431 0.131029
v 1.003533 -0.270039 -0.060809
v 0.986812 -0.355491 -0.073094
v 0.986812 -0.355491 -0.000362
v 1.012988 -0.269807 -0.000362
v 0.986812 -0.355491 -0.000362
v 0.986812 -0.355491 0.062969
v 1.003533 -0.270039 0.050683
v 1.012988 -0.269807 -0.000362
v 0.986581 -0.346034 0.134778
v 0.994422 -0.279723 0.085636
v 0.986812 -0.355491 0.062969
v 1.003533 -0.270039 0.050683
v 0.986812 -0.355491 -0.073094
v 0.994422 -0.279723 -0.095819
v 0.986581 -0.346034 -0.144961
v 1.003533 -0.270039 -0.060809
v 1.003533 -0.270039 -0.092935
v 1.032823 -0.307056 -0.150614
v 1.059578 -0.240283 -0.147788
v 1.099942 -0.343263 -0.069345
v 1.139961 -0.436791 -0.083534
v 1.139961 -0.436791 0.000619
v 1.099711 -0.333808 0.000619
v 1.139961 -0.436791 0.000619
v 1.139961 -0.436791 0.073351
v 1.099942 -0.343263 0.059162
v 1.099711 -0.333808 0.000619
v 1.012988 -0.269807 -0.190297
v 1.032823 -0.307056 -0.150614
v 1.059578 -0.240283 -0.147788
v 0.858453 -0.131769 -0.120390
v 0.885089 -0.064883 -0.101472
v 0.858222 -0.122313 -0.152517
v 1.130043 -0.418109 0.148967
v 1.090948 -0.362407 0.093192
v 1.139961 -0.436791 0.073351
v 1.099942 -0.343263 0.059162
v 0.885089 -0.064883 0.090366
v 0.858453 -0.131769 0.109284
v 0.858222 -0.122313 0.142334
v 1.139961 -0.436791 -0.083534
v 1.090948 -0.362407 -0.092935
v 1.130043 -0.418109 -0.149633
v 1.099942 -0.343263 -0.069345
v 1.032823 -0.307056 0.140431
v 1.059578 -0.240283 0.143315
v 1.003533 -0.270039 0.082810
v 1.147571 -0.361024 -0.160073
v 1.099942 -0.343263 -0.092935
v 1.126581 -0.276493 -0.143058
v 1.147571 -0.361024 -0.160073
v 1.130043 -0.418109 -0.149633
v 1.090948 -0.362407 -0.092935
v 1.099942 -0.343263 -0.092935
v 1.099711 -0.333807 0.201858
v 1.126581 -0.276493 0.147064
v 1.147571 -0.361024 0.155600
v 1.147571 -0.361024 0.155600
v 1.126581 -0.276493 0.147064
v 1.099942 -0.343263 0.089443
v 1.099711 -0.333808 -0.205408
v 1.147571 -0.361024 -0.160073
v 1.126581 -0.276493 -0.143058
v 1.147571 -0.361024 0.155600
v 1.099942 -0.343263 0.089443
v 1.090948 -0.362407 0.093192
v 1.130043 -0.418109 0.148967
v 1.096008 0.204862 -0.000362
v 1.096240 0.195406 -0.000362
v 1.039270 0.203476 0.055413
v 1.048033 0.232076 0.046877
v 1.096008 0.204862 -0.000362
v 1.048033 0.232076 -0.047601
v 1.039270 0.203476 -0.057060
v 1.096240 0.195406 -0.000362
v 0.904001 -0.064421 -0.099568
v 0.858453 -0.131769 -0.120390
v 0.839772 -0.141687 -0.000362
v 0.904001 -0.064421 -0.000362
v 0.839772 -0.141687 -0.000362
v 0.858453 -0.131769 0.109284
v 0.904001 -0.064421 0.088462
v 0.904001 -0.064421 -0.000362
v 1.058414 0.194481 -0.000362
v 1.078017 0.166690 -0.000362
v 1.040192 0.165766 0.038398
v 1.058414 0.194481 -0.000362
v 1.040192 0.165766 -0.039122
v 1.078017 0.166690 -0.000362
v 0.488161 -0.452721 -0.000362
v 0.423815 -0.529990 -0.000362
v 0.423584 -0.520533 0.112111
v 0.478704 -0.452951 0.117763
v 0.478704 -0.452951 -0.118487
v 0.423584 -0.520533 -0.112776
v 0.488161 -0.452721 -0.000362
v 0.423815 -0.529990 -0.000362
v 0.885089 -0.064883 -0.101472
v 0.836769 -0.018869 -0.119410
v 0.846226 -0.018639 -0.150614
v 0.836769 -0.018869 0.108304
v 0.885089 -0.064883 0.090366
v 0.846226 -0.018639 0.140431
v 1.104309 0.252376 -0.000362
v 1.096008 0.204862 -0.000362
v 1.048033 0.232076 0.046877
v 0.669440 -0.136389 -0.068364
v 0.614201 -0.194395 -0.072172
v 0.614432 -0.203852 -0.001285
v 0.669440 -0.136389 -0.001285
v 0.669440 -0.136389 -0.001285
v 0.614432 -0.203852 -0.001285
v 0.614201 -0.194395 0.062046
v 0.669440 -0.136389 0.058239
v 1.104309 0.252376 -0.000362
v 1.048033 0.232076 -0.047601
v 1.096008 0.204862 -0.000362
v 0.659753 -0.127163 -0.134522
v 0.613510 -0.166142 -0.164802
v 0.614201 -0.194395 -0.072172
v 0.669440 -0.136389 -0.068364
v 0.659753 -0.127163 0.124396
v 0.613510 -0.166141 0.154619
v 0.614201 -0.194395 0.062046
v 0.669440 -0.136389 0.058239
v 0.407547 -0.246756 -0.000362
v 0.362110 -0.323447 -0.000362
v 0.361879 -0.313991 0.111188
v 0.398090 -0.246988 0.112111
v 0.398090 -0.246988 -0.112776
v 0.361879 -0.313991 -0.111854
v 0.407547 -0.246756 -0.000362
v 0.362110 -0.323447 -0.000362
v 0.698261 0.232990 -0.000362
v 0.698954 0.204620 -0.000362
v 0.660897 0.213153 0.032745
v 0.669892 0.232297 0.023286
v 0.698261 0.232990 -0.000362
v 0.669892 0.232297 -0.023952
v 0.660897 0.213153 -0.033412
v 0.698954 0.204620 -0.000362
v 0.583744 0.277502 -0.000362
v 0.584437 0.249132 -0.000362
v 0.536924 0.257433 0.043128
v 0.545687 0.286033 0.036494
v 0.583744 0.277502 -0.000362
v 0.545687 0.286033 -0.037218
v 0.536924 0.257433 -0.043793
v 0.584437 0.249132 -0.000362
v 0.537155 0.247977 0.021382
v 0.556299 0.238983 -0.000362
v 0.566218 0.220301 -0.000362
v 0.537849 0.219607 0.031765
v 0.537155 0.247977 -0.022106
v 0.537849 0.219607 -0.033412
v 0.566218 0.220301 -0.000362
v 0.556299 0.238983 -0.000362
v 0.140237 -0.527458 -0.116584
v 0.149925 -0.536683 0.012904
v 0.185094 -0.431741 -0.066519
v 0.185094 -0.431741 0.012904
v 0.149925 -0.536683 0.012904
v 0.185094 -0.431741 0.058239
v 0.185094 -0.431741 0.012904
v 0.140237 -0.527458 0.096019
v 0.140237 -0.527458 0.096019
v 0.158919 -0.517539 0.125319
v 0.194549 -0.431510 0.075254
v 0.185094 -0.431741 0.058239
v 0.194549 -0.431510 -0.078805
v 0.158919 -0.517539 -0.136425
v 0.140237 -0.527458 -0.116584
v 0.185094 -0.431741 -0.066519
v 0.234896 0.240590 -0.003189
v 0.176543 0.305283 0.058239
v 0.176543 0.305283 -0.003189
v 0.225439 0.240358 0.055413
v 0.225439 0.240358 -0.054234
v 0.234896 0.240590 -0.003189
v 0.176543 0.305283 -0.057982
v 0.176543 0.305283 -0.003189
v 0.582822 0.315212 -0.000362
v 0.545687 0.286033 0.036494
v 0.554453 0.314518 0.026112
v 0.659753 -0.127163 -0.134522
v 0.648910 -0.070655 -0.140231
v 0.602436 -0.100178 -0.089186
v 0.601974 -0.081265 -0.086360
v 0.648910 -0.070655 -0.140231
v 0.590903 -0.015416 -0.129792
v 0.216214 0.230671 -0.107124
v 0.176543 0.305283 -0.057982
v 0.177465 0.267572 -0.133599
v 0.225439 0.240358 -0.054234
v 0.659753 -0.127163 0.124396
v 0.602436 -0.100178 0.079003
v 0.648910 -0.070655 0.130048
v 0.601974 -0.081265 0.076177
v 0.648910 -0.070655 0.130048
v 0.590903 -0.015416 0.125319
v 0.582822 0.315212 -0.000362
v 0.554453 0.314518 -0.026836
v 0.545687 0.286033 -0.037218
v 0.216214 0.230671 0.100748
v 0.177465 0.267572 0.127222
v 0.176543 0.305283 0.058239
v 0.225439 0.240358 0.055413
v 0.060891 -0.378119 -0.000362
v 0.115091 -0.272828 0.086617
v 0.115321 -0.282284 -0.000362
v 0.060661 -0.368663 0.109284
v 0.060661 -0.368663 -0.109951
v 0.060891 -0.378119 -0.000362
v 0.115091 -0.272828 -0.087283
v 0.115321 -0.282284 -0.000362
v 0.203778 -0.421937 -0.051407
v 0.269279 -0.391951 -0.118487
v 0.233300 -0.468411 -0.115660
v 0.203778 -0.421937 0.049761
v 0.233300 -0.468411 0.114937
v 0.269279 -0.391951 0.116840
v 0.065027 0.226976 -0.003189
v 0.016246 0.291902 0.054432
v 0.016014 0.301359 -0.003189
v 0.065027 0.226976 0.051606
v 0.065027 0.226976 -0.050427
v 0.065027 0.226976 -0.003189
v 0.016246 0.291902 -0.054234
v 0.016014 0.301359 -0.003189
v 0.327748 -0.466103 -0.091090
v 0.318292 -0.466334 -0.066519
v 0.319679 -0.523072 -0.146807
v 0.319679 -0.523072 0.146140
v 0.327748 -0.466103 0.090366
v 0.318292 -0.466334 0.065795
v 0.055571 0.226745 -0.099568
v 0.016246 0.291902 -0.054234
v 0.016936 0.263649 -0.124139
v 0.065027 0.226976 -0.050427
v 0.055571 0.226745 0.094173
v 0.016936 0.263649 0.118744
v 0.016246 0.291902 0.054432
v 0.065027 0.226976 0.051606
v 0.134003 -0.272366 -0.050426
v 0.209077 -0.251607 -0.111854
v 0.154069 -0.319070 -0.109951
v 0.134003 -0.272366 0.049761
v 0.154069 -0.319070 0.109284
v 0.209077 -0.251607 0.111188
v -0.076819 0.232971 -0.003189
v -0.144860 0.306889 0.064872
v -0.144860 0.306889 -0.003189
v -0.086276 0.232741 0.061065
v -0.086276 0.232741 -0.058963
v -0.076819 0.232971 -0.003189
v -0.144860 0.306889 -0.063693
v -0.144860 0.306889 -0.003189
v 0.275965 -0.278358 -0.085380
v 0.277118 -0.325525 -0.118487
v 0.266509 -0.278589 -0.066519
v 0.277118 -0.325525 0.117763
v 0.275965 -0.278358 0.084714
v 0.266509 -0.278589 0.065795
v -0.095501 0.223053 -0.117506
v -0.144860 0.306889 -0.063693
v -0.143938 0.269179 -0.145884
v -0.086276 0.232741 -0.058963
v -0.095501 0.223053 0.111188
v -0.143938 0.269179 0.139507
v -0.144860 0.306889 0.064872
v -0.086276 0.232741 0.061065
v 0.234896 0.240590 -0.003189
v 0.180235 0.154210 -0.003189
v 0.179775 0.173008 0.045031
v 0.225439 0.240358 0.055413
v 0.234896 0.240590 -0.003189
v 0.225439 0.240358 -0.054234
v 0.179775 0.173008 -0.044774
v 0.180235 0.154210 -0.003189
v 0.216214 0.230671 0.100748
v 0.179313 0.191921 0.062046
v 0.217138 0.192846 0.108304
v 0.179313 0.191921 -0.067442
v 0.179775 0.173008 -0.044774
v 0.225439 0.240358 -0.054234
v 0.216214 0.230671 -0.107124
v 0.179082 0.201377 -0.065539
v 0.217138 0.192846 -0.111854
v -0.246919 0.228814 -0.003189
v -0.305273 0.293507 0.058239
v -0.305273 0.293507 -0.003189
v -0.256375 0.228583 0.055413
v -0.256375 0.228583 -0.054234
v -0.246919 0.228814 -0.003189
v -0.305273 0.293507 -0.057982
v -0.305273 0.293507 -0.003189
v 0.217138 0.192846 0.108304
v 0.179082 0.201377 0.062046
v 0.171009 0.144523 0.101728
v -0.265601 0.218896 -0.107124
v -0.305273 0.293507 -0.057982
v -0.304351 0.255797 -0.133599
v -0.256375 0.228583 -0.054234
v -0.265601 0.218896 0.100748
v -0.304351 0.255797 0.127222
v -0.305273 0.293507 0.058239
v -0.256375 0.228583 0.055413
v 0.217138 0.192846 -0.111854
v 0.171009 0.144523 -0.110931
v 0.179082 0.201377 -0.065539
v -0.453335 -0.220485 0.151793
v -0.463944 -0.173550 0.208491
v -0.398096 -0.162478 0.117763
v -0.453335 -0.220485 -0.152517
v -0.463944 -0.173550 -0.209215
v -0.398096 -0.162478 -0.118487
v 0.065027 0.226976 -0.003189
v 0.019478 0.159629 -0.003189
v 0.019247 0.169085 0.042147
v 0.065027 0.226976 0.051606
v 0.065027 0.226976 -0.003189
v 0.065027 0.226976 -0.050427
v 0.019247 0.169085 -0.041948
v 0.019478 0.159629 -0.003189
v 0.055571 0.226745 0.094173
v 0.018785 0.187998 0.057316
v 0.056495 0.188919 0.100748
v 0.018554 0.197454 0.057316
v 0.010481 0.140600 0.100748
v 0.018785 0.187998 -0.063693
v 0.019247 0.169085 -0.041948
v 0.065027 0.226976 -0.050427
v 0.055571 0.226745 -0.099568
v 0.018554 0.197454 -0.061789
v 0.056495 0.188919 -0.104298
v 0.010481 0.140599 -0.109951
v -0.416788 0.215201 -0.003189
v -0.465570 0.280128 0.054432
v -0.465801 0.289584 -0.003189
v -0.416788 0.215201 0.051606
v -0.416788 0.215201 -0.050427
v -0.416788 0.215201 -0.003189
v -0.465570 0.280128 -0.054234
v -0.465801 0.289584 -0.003189
v -0.426245 0.214970 0.094173
v -0.464879 0.251873 0.118744
v -0.465570 0.280128 0.054432
v -0.416788 0.215201 0.051606
v -0.426245 0.214970 -0.099568
v -0.465570 0.280128 -0.054234
v -0.464879 0.251873 -0.124139
v -0.416788 0.215201 -0.050427
v -0.076819 0.232971 -0.003189
v -0.140937 0.146361 -0.003189
v -0.141165 0.155702 0.049761
v -0.086276 0.232741 0.061065
v -0.076819 0.232971 -0.003189
v -0.086276 0.232741 -0.058963
v -0.141165 0.155702 -0.048523
v -0.140937 0.146361 -0.003189
v -0.095501 0.223053 0.111188
v -0.141627 0.174616 0.067698
v -0.104033 0.184997 0.118744
v -0.141627 0.174616 -0.074075
v -0.141165 0.155702 -0.048523
v -0.086276 0.232741 -0.058963
v -0.095501 0.223053 -0.117506
v -0.142090 0.193528 -0.072172
v -0.104033 0.184997 -0.122236
v -0.104033 0.184997 0.118744
v -0.142090 0.193528 0.068621
v -0.149931 0.127217 0.100748
v -0.104033 0.184997 -0.122236
v -0.149931 0.127217 -0.109951
v -0.142090 0.193528 -0.072172
v -0.537402 -0.260388 -0.123217
v -0.482857 -0.174012 -0.102395
v -0.500155 -0.240554 -0.156266
v -0.482857 -0.174012 0.100748
v -0.537402 -0.260388 0.122493
v -0.500155 -0.240554 0.155600
v -0.546628 -0.270076 -0.000362
v -0.537402 -0.260388 0.122493
v -0.482857 -0.174012 0.100748
v -0.482626 -0.183468 -0.000362
v -0.482857 -0.174012 -0.102395
v -0.537402 -0.260388 -0.123217
v -0.546628 -0.270076 -0.000362
v -0.482626 -0.183468 -0.000362
v -0.558635 0.221196 -0.003189
v -0.626676 0.295115 0.064872
v -0.626676 0.295115 -0.003189
v -0.568091 0.220965 0.061065
v -0.568091 0.220965 -0.058963
v -0.558635 0.221196 -0.003189
v -0.626676 0.295115 -0.063693
v -0.626676 0.295115 -0.003189
v -0.577316 0.211278 0.111188
v -0.625754 0.257404 0.139507
v -0.626676 0.295115 0.064872
v -0.568091 0.220965 0.061065
v -0.577316 0.211278 -0.117506
v -0.626676 0.295115 -0.063693
v -0.625754 0.257404 -0.145884
v -0.568091 0.220965 -0.058963
v -0.246919 0.228814 -0.003189
v -0.301581 0.142436 -0.003189
v -0.302040 0.161233 0.045031
v -0.256375 0.228583 0.055413
v -0.246919 0.228814 -0.003189
v -0.256375 0.228583 -0.054234
v -0.302040 0.161233 -0.044774
v -0.301581 0.142436 -0.003189
v -0.265601 0.218896 0.100748
v -0.302502 0.180146 0.062046
v -0.264676 0.181070 0.108304
v -0.302502 0.180146 -0.067442
v -0.302040 0.161233 -0.044774
v -0.256375 0.228583 -0.054234
v -0.265601 0.218896 -0.107124
v -0.302733 0.189602 -0.065539
v -0.264676 0.181070 -0.111854
v -0.264676 0.181070 0.108304
v -0.302733 0.189602 0.062046
v -0.310690 0.132750 0.101728
v -0.264676 0.181070 -0.111854
v -0.310690 0.132750 -0.109951
v -0.302733 0.189602 -0.065539
v -0.747416 0.207121 0.100748
v -0.786051 0.244024 0.127222
v -0.786973 0.281734 0.058239
v -0.738191 0.216808 0.055413
v -0.747416 0.207121 -0.107124
v -0.786973 0.281734 -0.057982
v -0.786051 0.244024 -0.133599
v -0.738191 0.216808 -0.054234
v -0.728735 0.217039 -0.003189
v -0.786973 0.281734 0.058239
v -0.786973 0.281734 -0.003189
v -0.738191 0.216808 0.055413
v -0.738191 0.216808 -0.054234
v -0.728735 0.217039 -0.003189
v -0.786973 0.281734 -0.057982
v -0.786973 0.281734 -0.003189
v -0.740489 -0.076341 -0.146807
v -0.730342 -0.104363 -0.115661
v -0.796190 -0.115435 -0.179914
v -0.795265 -0.153261 -0.122236
v -0.740489 -0.076341 0.135759
v -0.796190 -0.115435 0.168808
v -0.730342 -0.104363 0.104555
v -0.795265 -0.153261 0.112111
v -0.416788 0.215201 -0.003189
v -0.416788 0.215201 -0.050427
v -0.462568 0.157310 -0.041948
v -0.462337 0.147853 -0.003189
v -0.416788 0.215201 -0.003189
v -0.462337 0.147853 -0.003189
v -0.462568 0.157310 0.042147
v -0.416788 0.215201 0.051606
v -0.426245 0.214970 0.094173
v -0.463030 0.176222 0.057316
v -0.425320 0.177145 0.100748
v -0.463030 0.176222 -0.063693
v -0.462568 0.157310 -0.041948
v -0.416788 0.215201 -0.050427
v -0.426245 0.214970 -0.099568
v -0.463262 0.185679 -0.061789
v -0.425320 0.177144 -0.104298
v -0.471334 0.128825 -0.109028
v -0.425320 0.177145 0.100748
v -0.463262 0.185679 0.057316
v -0.471334 0.128825 0.100748
v -0.907945 0.203197 0.094173
v -0.946694 0.240099 0.118744
v -0.947385 0.268352 0.054432
v -0.898603 0.203426 0.051606
v -0.907945 0.203197 -0.099568
v -0.947385 0.268352 -0.054234
v -0.946694 0.240099 -0.124139
v -0.898603 0.203426 -0.050427
v -0.898603 0.203426 -0.003189
v -0.947385 0.268352 0.054432
v -0.947617 0.277809 -0.003189
v -0.898603 0.203426 0.051606
v -0.898603 0.203426 -0.050427
v -0.898603 0.203426 -0.003189
v -0.947385 0.268352 -0.054234
v -0.947617 0.277809 -0.003189
v -0.585848 0.173221 0.118744
v -0.623905 0.181752 0.068621
v -0.631746 0.115443 0.096998
v -0.558635 0.221196 -0.003189
v -0.568091 0.220965 -0.058963
v -0.622981 0.143927 -0.048523
v -0.622752 0.134586 -0.003189
v -0.558635 0.221196 -0.003189
v -0.622752 0.134586 -0.003189
v -0.622981 0.143927 0.049761
v -0.568091 0.220965 0.061065
v -0.585848 0.173221 -0.122236
v -0.631746 0.115442 -0.107124
v -0.623905 0.181752 -0.072172
v -0.577316 0.211278 0.111188
v -0.623443 0.162840 0.067698
v -0.585848 0.173221 0.118744
v -0.623443 0.162840 -0.074075
v -0.622981 0.143927 -0.048523
v -0.568091 0.220965 -0.058963
v -0.577316 0.211278 -0.117506
v -0.623905 0.181752 -0.072172
v -0.585848 0.173221 -0.122236
v -0.798036 -0.039899 -0.095819
v -0.730342 -0.104363 -0.115661
v -0.730111 -0.113820 -0.000362
v -0.798036 -0.039899 -0.000362
v -0.730111 -0.113820 -0.000362
v -0.730342 -0.104363 0.104555
v -0.798036 -0.039899 0.084714
v -0.798036 -0.039899 -0.000362
v -1.023835 -0.083266 0.142334
v -1.060970 -0.112444 0.168808
v -1.014147 -0.092491 0.125319
v -1.060277 -0.140813 0.132875
v -1.023835 -0.083266 -0.146807
v -1.014147 -0.092491 -0.123217
v -1.061198 -0.103103 -0.173281
v -1.060277 -0.140813 -0.130772
v -0.751332 -0.019834 0.147064
v -0.800113 0.045093 0.143315
v -0.798498 -0.020986 0.088462
v -1.059131 0.199502 0.111188
v -1.107569 0.245629 0.139507
v -1.108491 0.283339 0.064872
v -1.049906 0.209189 0.061065
v -1.059131 0.199502 -0.117506
v -1.108491 0.283339 -0.063693
v -1.107569 0.245629 -0.145884
v -1.049906 0.209189 -0.058963
v -0.798036 -0.039899 -0.095819
v -0.798036 -0.039899 -0.096743
v -0.730342 -0.104363 -0.115661
v -0.740489 -0.076341 -0.146807
v -0.751332 -0.019834 -0.152517
v -0.798036 -0.039899 -0.096743
v -0.798498 -0.020986 -0.093916
v -0.751332 -0.019834 -0.152517
v -0.800113 0.045093 -0.145884
v -0.798036 -0.039899 0.086617
v -0.730342 -0.104363 0.104555
v -0.740489 -0.076341 0.135759
v -0.798036 -0.039899 0.084714
v -0.751332 -0.019834 0.147064
v -0.798498 -0.020986 0.088462
v -1.040450 0.209421 -0.003189
v -1.108491 0.283339 0.064872
v -1.108491 0.283339 -0.003189
v -1.049906 0.209189 0.061065
v -1.049906 0.209189 -0.058963
v -1.040450 0.209421 -0.003189
v -1.108491 0.283339 -0.063693
v -1.108491 0.283339 -0.003189
v -0.746492 0.169294 0.108304
v -0.784433 0.177830 0.062046
v -0.792506 0.120976 0.100748
v -0.746492 0.169294 -0.111854
v -0.792506 0.120976 -0.109951
v -0.784433 0.177830 -0.065539
v -0.728735 0.217039 -0.003189
v -0.738191 0.216808 -0.054234
v -0.783740 0.149461 -0.044774
v -0.783280 0.130663 -0.003189
v -0.728735 0.217039 -0.003189
v -0.783280 0.130663 -0.003189
v -0.783740 0.149461 0.045031
v -0.738191 0.216808 0.055413
v -0.939767 -0.043363 -0.058963
v -0.872301 -0.098486 -0.070268
v -0.871842 -0.117284 -0.000362
v -0.939767 -0.043363 -0.000362
v -0.871842 -0.117284 -0.000362
v -0.872301 -0.098486 0.060143
v -0.939767 -0.043363 0.048780
v -0.939767 -0.043363 -0.000362
v -0.747416 0.207121 0.100748
v -0.784202 0.168373 0.062046
v -0.746492 0.169294 0.108304
v -0.784202 0.168373 -0.067442
v -0.783740 0.149461 -0.044774
v -0.738191 0.216808 -0.054234
v -0.747416 0.207121 -0.107124
v -0.784433 0.177830 -0.065539
v -0.746492 0.169294 -0.111854
v -0.882220 -0.079805 0.138585
v -0.939767 -0.043363 0.088462
v -0.893063 -0.023298 0.145160
v -0.940229 -0.024450 0.087540
v -0.893063 -0.023298 0.145160
v -0.941613 0.032173 0.141411
v -0.872301 -0.098486 0.060143
v -0.939767 -0.043363 0.088462
v -0.939767 -0.043363 0.048780
v -0.872301 -0.098486 -0.070268
v -0.939767 -0.043363 -0.058963
v -0.939767 -0.043363 -0.098646
v -0.882220 -0.079805 -0.148710
v -0.893063 -0.023298 -0.150614
v -0.939767 -0.043363 -0.098646
v -0.940229 -0.024450 -0.092935
v -0.893063 -0.023298 -0.150614
v -0.941613 0.032173 -0.144961
v 0.255897 -0.231538 -0.122236
v 0.275965 -0.278358 -0.085380
v 0.266509 -0.278589 -0.066519
v 0.255897 -0.231538 0.121569
v 0.266509 -0.278589 0.065795
v 0.275965 -0.278358 0.084714
v -1.062354 -0.055822 -0.101472
v -1.014147 -0.092491 -0.123217
v -1.013916 -0.101948 -0.001285
v -1.062354 -0.055822 -0.001285
v -1.013916 -0.101948 -0.001285
v -1.014147 -0.092491 0.125319
v -1.062354 -0.055822 0.103574
v -1.062354 -0.055822 -0.001285
v -0.898603 0.203426 -0.003189
v -0.898603 0.203426 -0.050427
v -0.944384 0.145534 -0.041948
v -0.944152 0.136078 -0.003189
v -0.898603 0.203426 -0.003189
v -0.944152 0.136078 -0.003189
v -0.944384 0.145534 0.042147
v -0.898603 0.203426 0.051606
v -0.944846 0.164448 -0.063693
v -0.944384 0.145534 -0.041948
v -0.898603 0.203426 -0.050427
v -0.907945 0.203197 -0.099568
v -0.945076 0.173903 -0.061789
v -0.907020 0.165372 -0.104298
v -0.953149 0.117049 -0.111854
v -0.907945 0.203197 0.094173
v -0.944846 0.164448 0.057316
v -0.907020 0.165372 0.100748
v -0.945076 0.173903 0.057316
v -0.953149 0.117049 0.103574
v -1.118168 -0.095033 0.000619
v -1.195552 -0.021228 0.059162
v -1.195784 -0.011771 0.000619
v -1.195552 -0.021228 -0.069345
v -1.118168 -0.095033 0.000619
v -1.195784 -0.011771 0.000619
v -1.318832 -0.005317 0.180171
v -1.282160 0.042774 0.136682
v -1.280314 -0.032762 0.140431
v -1.062354 -0.055822 0.104555
v -1.014147 -0.092491 0.125319
v -1.023835 -0.083266 0.142334
v -1.062816 -0.036908 0.113033
v -1.062354 -0.055822 -0.101472
v -1.062354 -0.055822 -0.109028
v -1.014147 -0.092491 -0.123217
v -1.023835 -0.083266 -0.146807
v -1.062816 -0.036908 -0.117506
v -1.318832 -0.005317 -0.190297
v -1.280314 -0.032762 -0.150614
v -1.282160 0.042774 -0.141155
v -1.067664 0.161445 -0.122236
v -1.113561 0.103667 -0.108105
v -1.105721 0.169978 -0.072172
v -1.067664 0.161445 0.118744
v -1.105721 0.169978 0.068621
v -1.113561 0.103667 0.097922
v -1.138815 -0.019842 -0.160073
v -1.195552 -0.021228 -0.092935
v -1.197399 0.054308 -0.143058
v -1.127855 -0.085808 0.148967
v -1.195090 -0.040141 0.093192
v -1.138815 -0.019842 0.155600
v -1.195552 -0.021228 0.089443
v -1.138815 -0.019842 0.155600
v -1.197399 0.054308 0.147064
v -1.040450 0.209421 -0.003189
v -1.049906 0.209189 -0.058963
v -1.104796 0.132152 -0.048523
v -1.104568 0.122811 -0.003189
v -1.040450 0.209421 -0.003189
v -1.104568 0.122811 -0.003189
v -1.104796 0.132152 0.049761
v -1.049906 0.209189 0.061065
v -1.127855 -0.085808 -0.149633
v -1.138815 -0.019842 -0.160073
v -1.195090 -0.040141 -0.092935
v -1.195552 -0.021228 -0.092935
v -1.059131 0.199502 0.111188
v -1.105259 0.151064 0.067698
v -1.067664 0.161445 0.118744
v -1.105259 0.151064 -0.074075
v -1.104796 0.132152 -0.048523
v -1.049906 0.209189 -0.058963
v -1.059131 0.199502 -0.117506
v -1.105721 0.169978 -0.072172
v -1.067664 0.161445 -0.122236
v 0.327748 -0.466103 -0.091090
v 0.307683 -0.419398 -0.152517
v 0.318292 -0.466334 -0.066519
v 0.327748 -0.466103 0.090366
v 0.318292 -0.466334 0.065795
v 0.307683 -0.419398 0.151793
v -1.280314 -0.032762 -0.150614
v -1.318832 -0.005317 -0.092935
v -1.282160 0.042774 -0.141155
v -1.280314 -0.032762 0.140431
v -1.282160 0.042774 0.136682
v -1.318832 -0.005317 0.082810
v -1.714732 -0.052841 0.068621
v -1.676906 -0.051916 0.028015
v -1.713807 -0.090667 0.032745
v -1.686824 -0.033234 0.047857
v -1.713807 -0.090667 -0.033411
v -1.676906 -0.051916 -0.028682
v -1.714732 -0.052841 -0.069345
v -1.686824 -0.033234 -0.048523
v -1.799492 -0.064375 0.065795
v -1.771124 -0.063681 0.027035
v -1.798568 -0.102200 0.029919
v -1.771586 -0.044768 0.047857
v -1.798568 -0.102200 -0.030585
v -1.771124 -0.063681 -0.027759
v -1.799492 -0.064375 -0.066519
v -1.771586 -0.044768 -0.049504
v -1.307297 -0.090193 -0.073094
v -1.328058 -0.015004 -0.095819
v -1.307527 -0.080737 -0.144961
v -1.318832 -0.005317 -0.060809
v -1.307527 -0.080737 0.134778
v -1.328058 -0.015004 0.085636
v -1.307297 -0.090193 0.062969
v -1.318832 -0.005317 0.050683
v -1.307065 -0.099650 -0.000362
v -1.318832 -0.005317 0.050683
v -1.309607 0.004370 -0.000362
v -1.318832 -0.005317 -0.060809
v -1.307297 -0.090193 -0.073094
v -1.307065 -0.099650 -0.000362
v -1.309607 0.004370 -0.000362
v -1.951604 -0.030243 0.052586
v -1.979858 -0.030934 0.076177
v -1.980549 -0.002680 0.050683
v -1.715424 -0.024471 -0.000362
v -1.715656 -0.015016 -0.020203
v -1.676906 -0.051916 -0.028682
v -1.676674 -0.061373 -0.000362
v -1.951604 -0.030243 -0.053253
v -1.980549 -0.002680 -0.051407
v -1.979858 -0.030934 -0.076901
v -1.715424 -0.024471 -0.000362
v -1.676674 -0.061373 -0.000362
v -1.676906 -0.051916 0.028015
v -1.715656 -0.015016 0.019479
v -1.686824 -0.033234 -0.048523
v -1.715656 -0.015016 -0.020203
v -1.715656 -0.015016 -0.023952
v -1.676906 -0.051916 -0.028682
v -1.715656 -0.015016 -0.025856
v -1.687287 -0.014322 -0.056079
v -1.716577 0.022695 -0.050426
v -1.676906 -0.051916 0.028015
v -1.686824 -0.033234 0.047857
v -1.715656 -0.015016 0.019479
v -1.715656 -0.015016 0.023286
v -1.715656 -0.015016 0.025190
v -1.687287 -0.014322 0.055413
v -1.716577 0.022695 0.048780
v -1.978934 -0.068760 0.063891
v -1.941224 -0.067838 0.027035
v -1.978240 -0.097129 0.031765
v -1.951142 -0.049157 0.045953
v -1.978240 -0.097129 -0.032489
v -1.941224 -0.067838 -0.027759
v -1.978934 -0.068760 -0.065539
v -1.951142 -0.049157 -0.046677
v -2.054816 -0.061152 0.067699
v -2.016991 -0.060228 0.028939
v -2.053891 -0.098978 0.031765
v -2.026910 -0.041546 0.049761
v -2.053891 -0.098978 -0.032489
v -2.016991 -0.060228 -0.029663
v -2.054816 -0.061152 -0.068364
v -2.026910 -0.041546 -0.050426
v -1.800186 -0.036005 -0.022106
v -1.771586 -0.044768 -0.049504
v -1.771124 -0.063681 -0.027759
v -1.800417 -0.026548 -0.028682
v -1.771124 -0.063681 0.027035
v -1.771586 -0.044768 0.047857
v -1.800186 -0.036005 0.021382
v -1.800417 -0.026548 0.028015
v -1.771586 -0.044768 -0.049504
v -1.800417 -0.026548 -0.028682
v -1.781504 -0.026086 -0.055156
v -1.800417 -0.026548 -0.030585
v -1.801339 0.011162 -0.047601
v -1.781504 -0.026086 -0.055156
v -1.781504 -0.026086 0.054432
v -1.800417 -0.026548 0.029919
v -1.800417 -0.026548 0.028015
v -1.771586 -0.044768 0.047857
v -1.781504 -0.026086 0.054432
v -1.801339 0.011162 0.046877
v -1.800186 -0.036005 -0.000362
v -1.770892 -0.073138 -0.000362
v -1.771124 -0.063681 0.027035
v -1.800186 -0.036005 0.021382
v -1.800186 -0.036005 -0.000362
v -1.800186 -0.036005 -0.022106
v -1.771124 -0.063681 -0.027759
v -1.770892 -0.073138 -0.000362
v -1.895097 -0.019400 -0.000362
v -1.895328 -0.009945 -0.026836
v -1.846891 -0.056071 -0.040044
v -1.846659 -0.065527 -0.000362
v -1.895097 -0.019400 -0.000362
v -1.846659 -0.065527 -0.000362
v -1.846891 -0.056071 0.039320
v -1.895328 -0.009945 0.026112
v -1.856809 -0.037389 -0.053253
v -1.895328 -0.009945 -0.026836
v -1.846891 -0.056071 -0.040044
v -1.846891 -0.056071 0.039320
v -1.856809 -0.037389 0.052586
v -1.895328 -0.009945 0.026112
v -1.979858 -0.030934 -0.025856
v -1.980549 -0.002680 -0.051407
v -1.951604 -0.030243 -0.053253
v -1.979858 -0.030934 0.025190
v -1.951604 -0.030243 0.052586
v -1.980549 -0.002680 0.050683
v -2.055740 -0.023327 -0.029663
v -2.056662 0.014383 -0.055156
v -2.027372 -0.022633 -0.058963
v -2.055740 -0.023327 0.028015
v -2.027372 -0.022633 0.058239
v -2.056662 0.014383 0.053510
v -1.979627 -0.040391 -0.000362
v -1.940992 -0.077295 -0.000362
v -1.941224 -0.067838 0.027035
v -1.979627 -0.040391 0.019479
v -1.979627 -0.040391 -0.000362
v -1.979627 -0.040391 -0.020203
v -1.941224 -0.067838 -0.027759
v -1.940992 -0.077295 -0.000362
v -1.951142 -0.049157 -0.046677
v -1.979627 -0.040391 -0.020203
v -1.979858 -0.030934 -0.023952
v -1.941224 -0.067838 -0.027759
v -1.979858 -0.030934 -0.025856
v -1.951604 -0.030243 -0.053253
v -1.941224 -0.067838 0.027035
v -1.951142 -0.049157 0.045953
v -1.979627 -0.040391 0.019479
v -1.979858 -0.030934 0.023286
v -1.979858 -0.030934 0.025190
v -1.951604 -0.030243 0.052586
v -2.055509 -0.032783 -0.000362
v -2.055740 -0.023327 -0.022106
v -2.016991 -0.060228 -0.029663
v -2.016759 -0.069684 -0.000362
v -2.055509 -0.032783 -0.000362
v -2.016759 -0.069684 -0.000362
v -2.016991 -0.060228 0.028939
v -2.055740 -0.023327 0.021382
v -2.055740 -0.023327 -0.022106
v -2.026910 -0.041546 -0.050426
v -2.016991 -0.060228 -0.029663
v -2.055740 -0.023327 -0.026836
v -2.055740 -0.023327 -0.029663
v -2.027372 -0.022633 -0.058963
v -2.016991 -0.060228 0.028939
v -2.026910 -0.041546 0.049761
v -2.055740 -0.023327 0.021382
v -2.055740 -0.023327 0.026112
v -2.055740 -0.023327 0.028015
v -2.027372 -0.022633 0.058239
v -1.979627 -0.040391 -0.000362
v -1.979627 -0.040391 0.019479
v -2.007303 -0.069453 0.027035
v -1.979627 -0.040391 -0.020203
v -1.979627 -0.040391 -0.000362
v -2.007303 -0.069453 -0.027759
v 0.836769 -0.018869 -0.119410
v 0.904001 -0.064421 -0.099568
v 0.827082 -0.009644 -0.000362
v 0.904001 -0.064421 -0.000362
v 0.827082 -0.009644 -0.000362
v 0.904001 -0.064421 -0.000362
v 0.904001 -0.064421 0.088462
v 0.836769 -0.018869 0.108304
v 0.669440 -0.136389 -0.068364
v 0.602436 -0.100178 -0.089186
v 0.659753 -0.127163 -0.134522
v 0.601974 -0.081265 -0.057060
v 0.659753 -0.127163 0.124396
v 0.602436 -0.100178 0.079003
v 0.669440 -0.136389 0.058239
v 0.601974 -0.081265 0.046877
v 0.601974 -0.081265 -0.057060
v 0.669440 -0.136389 -0.068364
v 0.669440 -0.136389 -0.001285
v 0.601743 -0.071808 -0.001285
v 0.669440 -0.136389 -0.001285
v 0.669440 -0.136389 0.058239
v 0.601974 -0.081265 0.046877
v 0.601743 -0.071808 -0.001285
v -1.259783 -0.098494 0.072428
v -1.195552 -0.021228 0.059162
v -1.195090 -0.040141 0.093192
v -1.250558 -0.088807 0.147064
v -1.259783 -0.098494 -0.082553
v -1.195552 -0.021228 -0.069345
v -1.269240 -0.098726 0.000619
v -1.195090 -0.040141 -0.092935
v -1.195552 -0.021228 -0.069345
v -1.259783 -0.098494 -0.082553
v -1.250558 -0.088807 -0.147788
v -1.269240 -0.098726 0.000619
v -1.195552 -0.021228 0.059162
v -1.259783 -0.098494 0.072428
v -1.270636 0.345611 0.022306
v -1.289781 0.354605 -0.000362
v -1.261871 0.374096 -0.000362
v -1.242842 0.365098 0.011923
v -1.242842 0.365098 -0.012648
v -1.214704 0.375249 -0.000362
v -1.261871 0.374096 -0.000362
v -1.261871 0.374096 -0.000362
v -1.270636 0.345611 -0.023030
v -1.289781 0.354605 -0.000362
v 0.743466 0.319137 -0.000362
v 0.790864 0.310835 -0.000362
v 0.753038 0.309909 0.014749
v 0.904001 -0.064421 -0.097665
v 0.902849 -0.017254 -0.157247
v 0.970197 -0.062803 -0.152517
v -0.995119 -0.101488 0.060143
v -0.939767 -0.043363 0.088462
v -0.986124 -0.082344 0.136682
v -1.261871 0.374096 -0.000362
v -1.214704 0.375249 -0.000362
v -1.242842 0.365098 0.011923
v -0.939767 -0.043363 -0.098646
v -0.995119 -0.101488 -0.070268
v -0.986124 -0.082344 -0.147788
v 1.084472 0.289739 -0.000362
v 1.150552 0.291354 -0.000362
v 1.103616 0.280745 0.018557
v 0.410642 0.396162 -0.000362
v 0.457924 0.397318 -0.000362
v 0.429786 0.387168 0.011923
v 0.339965 -0.191635 -0.000362
v 0.407547 -0.246756 -0.000362
v 0.398090 -0.246988 0.112111
v 0.330508 -0.191867 0.106458
v 0.339965 -0.191635 -0.000362
v 0.330508 -0.191867 -0.107124
v 0.398090 -0.246988 -0.112776
v 0.407547 -0.246756 -0.000362
v -1.347892 0.022244 0.138585
v -1.282160 0.042774 0.136682
v -1.318832 -0.005317 0.180171
v 0.411010 -0.388487 -0.000362
v 0.488161 -0.452721 -0.000362
v 0.478704 -0.452951 0.117763
v 0.401553 -0.388718 0.110207
v 0.411010 -0.388487 -0.000362
v 0.401553 -0.388718 -0.111854
v 0.478704 -0.452951 -0.118487
v 0.488161 -0.452721 -0.000362
v 0.563216 0.343119 -0.000362
v 0.610498 0.344274 -0.000362
v 0.582360 0.334124 0.013827
v -1.347892 0.022244 -0.148710
v -1.318832 -0.005317 -0.190297
v -1.282160 0.042774 -0.141155
v 0.927534 -0.252972 -0.073094
v 0.936990 -0.252741 -0.143058
v 0.994422 -0.279723 -0.095819
v 1.003533 -0.270039 -0.060809
v 0.927534 -0.252972 0.062046
v 1.003533 -0.270039 0.050683
v 0.994422 -0.279723 0.085636
v 0.936990 -0.252741 0.132875
v 0.902849 -0.017254 0.151793
v 0.885089 -0.064883 0.090366
v 0.904001 -0.064421 0.092269
v 0.846226 -0.018639 0.140431
v 0.970197 -0.062803 0.148967
v 0.902849 -0.017254 0.151793
v -1.403594 -0.016851 0.062046
v -1.318832 -0.005317 0.050683
v -1.328058 -0.015004 0.085636
v -1.394138 -0.016619 0.132874
v -1.403594 -0.016851 -0.073094
v -1.394138 -0.016619 -0.143058
v -1.328058 -0.015004 -0.095819
v -1.318832 -0.005317 -0.060809
v -1.318832 -0.005317 -0.092935
v -1.347892 0.022244 -0.148710
v -1.282160 0.042774 -0.141155
v 0.753038 0.309909 -0.015474
v 0.790864 0.310835 -0.000362
v 0.743466 0.319137 -0.000362
v 0.743466 0.319137 -0.000362
v 0.734700 0.290653 -0.028682
v 0.705872 0.308757 -0.000362
v -1.318832 -0.005317 0.082810
v -1.282160 0.042774 0.136682
v -1.347892 0.022244 0.138585
v -1.403594 -0.016851 -0.073094
v -1.318832 -0.005317 -0.060809
v -1.403594 -0.016851 -0.000362
v -1.309607 0.004370 -0.000362
v -1.403594 -0.016851 -0.000362
v -1.309607 0.004370 -0.000362
v -1.318832 -0.005317 0.050683
v -1.403594 -0.016851 0.062046
v 0.429786 0.387168 -0.012647
v 0.457924 0.397318 -0.000362
v 0.410642 0.396162 -0.000362
v 0.410642 0.396162 -0.000362
v 0.401879 0.367562 -0.023030
v 0.382851 0.376559 -0.000362
v 0.917846 -0.243746 -0.000362
v 1.012988 -0.269807 -0.000362
v 1.003533 -0.270039 0.050683
v 0.927534 -0.252972 0.062046
v 0.927534 -0.252972 -0.073094
v 1.003533 -0.270039 -0.060809
v 0.917846 -0.243746 -0.000362
v 1.012988 -0.269807 -0.000362
v -0.463944 -0.173550 0.208491
v -0.521838 -0.127654 0.153697
v -0.474556 -0.126499 0.146140
v 0.734700 0.290653 0.028015
v 0.705872 0.308757 -0.000362
v 0.743466 0.319137 -0.000362
v 0.753038 0.309909 0.014749
v -0.474556 -0.126499 -0.146807
v -0.521838 -0.127654 -0.154363
v -0.463944 -0.173550 -0.209215
v 0.983810 -0.232673 -0.148710
v 1.012988 -0.269807 -0.190297
v 1.059578 -0.240283 -0.147788
v 0.582360 0.334124 -0.015474
v 0.610498 0.344274 -0.000362
v 0.563216 0.343119 -0.000362
v 0.563216 0.343119 -0.000362
v 0.554453 0.314518 -0.026836
v 0.535309 0.323513 -0.000362
v 0.401879 0.367562 0.022306
v 0.382851 0.376559 -0.000362
v 0.410642 0.396162 -0.000362
v 0.429786 0.387168 0.011923
v 0.115091 -0.272828 -0.087283
v 0.115321 -0.282284 -0.000362
v 0.010029 -0.228085 -0.000362
v 0.019486 -0.227854 -0.110931
v 0.010029 -0.228085 -0.000362
v 0.115321 -0.282284 -0.000362
v 0.115091 -0.272828 0.086617
v 0.019486 -0.227854 0.110207
v 1.084472 0.289739 -0.000362
v 1.066252 0.260907 -0.035315
v 1.103616 0.280745 -0.019222
v 1.037652 0.269670 -0.000362
v 1.150552 0.291354 -0.000362
v 1.084472 0.289739 -0.000362
v -0.474556 -0.126499 0.146140
v -0.398096 -0.162478 0.117763
v -0.463944 -0.173550 0.208491
v -0.474556 -0.126499 -0.146807
v -0.463944 -0.173550 -0.209215
v -0.398096 -0.162478 -0.118487
v 0.983810 -0.232673 0.138585
v 1.059578 -0.240283 0.143315
v 1.012988 -0.269807 0.180171
v 0.123392 -0.225315 -0.113757
v 0.209077 -0.251607 -0.111854
v 0.134003 -0.272366 -0.050426
v 0.123392 -0.225315 0.113033
v 0.134003 -0.272366 0.049761
v 0.209077 -0.251607 0.111188
v 0.554453 0.314518 0.026112
v 0.535309 0.323513 -0.000362
v 0.563216 0.343119 -0.000362
v 0.582360 0.334124 0.013827
v 0.846226 -0.018639 -0.150614
v 0.902849 -0.017254 -0.157247
v 0.885089 -0.064883 -0.101472
v 0.904001 -0.064421 -0.097665
v 1.003533 -0.270039 0.082810
v 1.059578 -0.240283 0.143315
v 0.983810 -0.232673 0.138585
v 0.706793 0.271046 0.038398
v 0.668505 0.289035 -0.000362
v 0.705872 0.308757 -0.000362
v 0.734700 0.290653 0.028015
v 0.705872 0.308757 -0.000362
v 0.706793 0.271046 -0.039122
v 0.734700 0.290653 -0.028682
v 0.668505 0.289035 -0.000362
v -0.521838 -0.127654 -0.154363
v -0.474556 -0.126499 -0.146807
v -0.473400 -0.173781 -0.091090
v -0.474556 -0.126499 0.146140
v -0.473400 -0.173781 0.090366
v -0.521838 -0.127654 0.153697
v 1.066252 0.260907 0.034591
v 1.037652 0.269670 -0.000362
v 1.084472 0.289739 -0.000362
v 1.103616 0.280745 0.018557
v -0.578692 -0.119582 -0.000362
v -0.482626 -0.183468 -0.000362
v -0.482857 -0.174012 0.100748
v -0.578461 -0.129038 0.123473
v -0.578461 -0.129038 -0.124139
v -0.482857 -0.174012 -0.102395
v -0.578692 -0.119582 -0.000362
v -0.482626 -0.183468 -0.000362
v -0.463944 -0.173550 -0.066519
v -0.474556 -0.126499 -0.146807
v -0.398096 -0.162478 -0.118487
v -0.463944 -0.173550 0.065795
v -0.398096 -0.162478 0.117763
v -0.474556 -0.126499 0.146140
v 1.003533 -0.270039 -0.092935
v 0.983810 -0.232673 -0.148710
v 1.059578 -0.240283 -0.147788
v 0.364190 -0.408555 0.155600
v 0.318523 -0.475790 0.208491
v 0.307683 -0.419398 0.151793
v 0.403168 -0.454798 0.199032
v 0.401553 -0.388718 0.110207
v 0.478704 -0.452951 0.117763
v 0.364190 -0.408555 0.155600
v 0.364190 -0.408555 -0.156266
v 0.307683 -0.419398 -0.152517
v 0.318523 -0.475790 -0.209215
v 0.403168 -0.454798 -0.199755
v 0.401553 -0.388718 -0.111854
v 0.364190 -0.408555 -0.156266
v 0.478704 -0.452951 -0.118487
v 0.213234 -0.421707 0.158426
v 0.174599 -0.384803 0.114937
v 0.269279 -0.391951 0.116840
v 0.213234 -0.421707 -0.159093
v 0.269279 -0.391951 -0.118487
v 0.174599 -0.384803 -0.115660
v -0.521838 -0.127654 0.153697
v -0.578461 -0.129038 0.123473
v -0.473400 -0.173781 0.090366
v -0.578461 -0.129038 -0.124139
v -0.521838 -0.127654 -0.154363
v -0.482857 -0.174012 -0.102395
v 0.066883 -0.236158 -0.124139
v 0.019486 -0.227854 -0.110931
v 0.115091 -0.272828 -0.087283
v 0.066883 -0.236158 0.122493
v 0.019486 -0.227854 0.110207
v 0.115091 -0.272828 0.086617
v 0.185094 -0.431741 -0.066519
v 0.185094 -0.431741 0.012904
v 0.071041 -0.406258 0.012904
v 0.080497 -0.406026 -0.087283
v 0.185094 -0.431741 0.012904
v 0.080497 -0.406026 0.074332
v 0.071041 -0.406258 0.012904
v 0.185094 -0.431741 0.058239
v 0.174599 -0.384803 -0.115660
v 0.269279 -0.391951 -0.118487
v 0.203778 -0.421937 -0.051407
v 0.174599 -0.384803 0.114937
v 0.203778 -0.421937 0.049761
v 0.269279 -0.391951 0.116840
v -0.882220 -0.079805 0.138585
v -0.939767 -0.043363 0.088462
v -0.872301 -0.098486 0.060143
v -0.872301 -0.098486 -0.070268
v -0.939767 -0.043363 -0.098646
v -0.882220 -0.079805 -0.148710
v 0.127549 -0.395415 0.125319
v 0.099179 -0.396108 0.114014
v 0.194549 -0.431510 0.075254
v 0.194549 -0.431510 0.075254
v 0.080497 -0.406026 0.074332
v 0.185094 -0.431741 0.058239
v 0.127549 -0.395415 -0.126966
v 0.099179 -0.396108 -0.120390
v 0.194549 -0.431510 -0.078805
v 0.080497 -0.406026 -0.087283
v 0.194549 -0.431510 -0.078805
v 0.185094 -0.431741 -0.066519
v -1.118168 -0.095033 0.000619
v -1.118168 -0.095033 0.073351
v -1.195552 -0.021228 0.059162
v -1.195552 -0.021228 -0.069345
v -1.118168 -0.095033 -0.083534
v -1.118168 -0.095033 0.000619
v 1.051967 -0.316050 -0.157247
v 1.099711 -0.333808 -0.205408
v 1.126581 -0.276493 -0.143058
v -1.127855 -0.085808 0.148967
v -1.195090 -0.040141 0.093192
v -1.118168 -0.095033 0.073351
v -1.195552 -0.021228 0.059162
v -1.118168 -0.095033 -0.083534
v -1.195090 -0.040141 -0.092935
v -1.127855 -0.085808 -0.149633
v -1.195552 -0.021228 -0.069345
v 1.051967 -0.316050 0.153697
v 1.126581 -0.276493 0.147064
v 1.099711 -0.333807 0.201858
v 0.364190 -0.408555 -0.156266
v 0.337204 -0.465871 -0.092013
v 0.327748 -0.466103 -0.091090
v 0.364190 -0.408555 -0.156266
v 0.307683 -0.419398 -0.152517
v 0.318292 -0.466334 -0.066519
v 0.252444 -0.477405 -0.118487
v 0.337204 -0.465871 0.091289
v 0.327748 -0.466103 0.090366
v 0.364190 -0.408555 0.155600
v 0.364190 -0.408555 0.155600
v 0.307683 -0.419398 0.151793
v 0.252444 -0.477405 0.117763
v 0.318292 -0.466334 0.065795
v 0.983810 -0.232673 0.138585
v 0.994422 -0.279723 0.085636
v 0.936990 -0.252741 0.132875
v 0.983810 -0.232673 -0.148710
v 0.936990 -0.252741 -0.143058
v 0.994422 -0.279723 -0.095819
v 0.602436 -0.100178 -0.089186
v 0.546853 -0.148846 -0.067442
v 0.556079 -0.139159 -0.133598
v 0.546853 -0.148846 0.057316
v 0.602436 -0.100178 0.079003
v 0.556079 -0.139159 0.122493
v 1.006072 -0.373944 0.000619
v 1.099711 -0.333808 0.000619
v 1.099942 -0.343263 0.059162
v 1.006302 -0.383400 0.072428
v 1.006302 -0.383400 -0.082553
v 1.099942 -0.343263 -0.069345
v 1.006072 -0.373944 0.000619
v 1.099711 -0.333808 0.000619
v 1.099942 -0.343263 0.089443
v 1.126581 -0.276493 0.147064
v 1.051967 -0.316050 0.153697
v 1.006302 -0.383400 -0.082553
v 1.024984 -0.373481 -0.147788
v 1.090948 -0.362407 -0.092935
v 1.099942 -0.343263 -0.069345
v 1.051967 -0.316050 -0.157247
v 1.099942 -0.343263 -0.092935
v 1.126581 -0.276493 -0.143058
v 1.006302 -0.383400 0.072428
v 1.099942 -0.343263 0.059162
v 1.090948 -0.362407 0.093192
v 1.024984 -0.373481 0.147064
v 0.986581 -0.346034 -0.144961
v 1.032823 -0.307056 -0.150614
v 0.994422 -0.279723 -0.095819
v 0.885089 -0.064883 0.090366
v 0.858453 -0.131769 0.109284
v 0.904001 -0.064421 0.088462
v 1.012988 -0.269807 0.180171
v 1.059578 -0.240283 0.143315
v 1.032823 -0.307056 0.140431
v -1.998309 -0.050309 0.045953
v -1.998771 -0.031396 0.052586
v -1.979858 -0.030934 0.076177
v -1.978934 -0.068760 0.063891
v 1.130043 -0.418109 0.148967
v 1.064425 -0.438636 0.186746
v 1.099711 -0.333807 0.201858
v 1.147571 -0.361024 0.155600
v -2.083532 -0.042930 0.050683
v -2.074884 -0.014332 0.059162
v -2.055740 -0.023327 0.079984
v -2.054816 -0.061152 0.067699
v -1.895328 -0.009945 -0.024933
v -1.895328 -0.009945 -0.026836
v -1.923004 -0.039007 -0.053253
v 1.058414 0.194481 -0.000362
v 1.040192 0.165766 0.038398
v 1.039501 0.194019 0.024209
v 0.836769 -0.018869 0.108304
v 0.904001 -0.064421 0.088462
v 0.885089 -0.064883 0.090366
v 1.104309 0.252376 -0.000362
v 1.048033 0.232076 0.046877
v 1.066252 0.260907 0.034591
v 1.103616 0.280745 0.018557
v 1.113188 0.271517 -0.000362
v -1.923697 -0.010637 -0.053253
v -1.895328 -0.009945 -0.024933
v -1.895328 -0.009945 -0.024933
v -1.923004 -0.039007 -0.053253
v -1.931998 -0.058151 0.039320
v -1.923004 -0.039007 0.052586
v -1.894172 -0.057226 0.075254
v -1.893248 -0.095052 0.046877
v -2.055740 -0.023327 0.079984
v -2.074884 -0.014332 0.059162
v -2.056662 0.014383 0.053510
v -1.828324 -0.046155 0.047857
v -1.828786 -0.027242 0.054432
v -1.800417 -0.026548 0.075254
v -1.799492 -0.064375 0.065795
v -1.923004 -0.039007 0.052586
v -1.923697 -0.010637 0.052586
v -1.895328 -0.009945 0.076177
v -1.894172 -0.057226 0.075254
v 0.601974 -0.081265 0.165982
v 0.648910 -0.070655 0.130048
v 0.659753 -0.127163 0.124396
v 0.613510 -0.166141 0.154619
v -1.923697 -0.010637 -0.053253
v -1.896249 0.027766 -0.050426
v -1.895328 -0.009945 -0.024933
v -1.394138 -0.016619 0.132874
v -1.318832 -0.005317 0.180171
v -1.373838 -0.072896 0.166905
v -1.347892 0.022244 0.138585
v 0.913458 -0.064191 0.195282
v 0.970197 -0.062803 0.148967
v 0.914614 -0.111473 0.152716
v -1.895328 -0.009945 0.076177
v -1.923697 -0.010637 0.052586
v -1.896249 0.027766 0.048780
v -1.743447 -0.034619 0.047857
v -1.743909 -0.015705 0.055413
v -1.715656 -0.015016 0.080907
v -1.714732 -0.052841 0.068621
v -1.800417 -0.026548 0.075254
v -1.828786 -0.027242 0.054432
v -1.801339 0.011162 0.046877
v -1.715656 -0.015016 0.080907
v -1.743909 -0.015705 0.055413
v -1.716577 0.022695 0.048780
v -1.163037 0.196963 0.110207
v -1.105489 0.160521 0.153697
v -1.107569 0.245629 0.139507
v -1.152656 0.159368 0.117763
v -1.250558 -0.088807 0.147064
v -1.193013 -0.125134 0.186746
v -1.195552 -0.021228 0.201858
v -1.242834 -0.022384 0.153697
v 0.706793 0.271046 0.038398
v 0.735624 0.252827 -0.000362
v 0.726861 0.224227 -0.000362
v 0.679117 0.241984 0.047857
v 0.582360 0.334124 0.013827
v 0.592047 0.324899 -0.000362
v 0.582822 0.315212 -0.000362
v 0.554453 0.314518 0.026112
v 0.583744 0.277502 -0.000362
v 0.545687 0.286033 0.036494
v 0.233300 -0.468411 0.114937
v 0.213234 -0.421707 0.158426
v 0.269279 -0.391951 0.116840
v 0.734700 0.290653 0.028015
v 0.753728 0.281656 -0.000362
v 0.735624 0.252827 -0.000362
v 0.706793 0.271046 0.038398
v 0.179082 0.201377 0.139507
v 0.177465 0.267572 0.127222
v 0.216214 0.230671 0.100748
v 0.217138 0.192846 0.108304
v 0.341583 -0.257830 0.159349
v 0.361879 -0.313991 0.111188
v 0.314597 -0.315147 0.128145
v 0.398090 -0.246988 0.112111
v 0.902849 -0.017254 0.151793
v 0.970197 -0.062803 0.148967
v 0.913458 -0.064191 0.195282
v -1.279399 0.317010 0.029919
v -1.317226 0.316086 -0.000362
v -1.289781 0.354605 -0.000362
v -1.270636 0.345611 0.022306
v 0.478704 -0.452951 0.117763
v 0.423584 -0.520533 0.112111
v 0.376417 -0.521686 0.153697
v 0.403168 -0.454798 0.199032
v 0.376417 -0.521686 0.153697
v 0.318523 -0.475790 0.208491
v 0.385390 0.272654 0.027035
v 0.384699 0.300907 0.017634
v 0.403728 0.291911 -0.000362
v 0.413644 0.273345 -0.000362
v -1.305692 0.231324 -0.000362
v -1.285161 0.165592 0.027035
v -1.322987 0.164668 -0.000362
v -1.286779 0.231787 0.017634
v -1.287238 0.250584 0.035572
v -1.334520 0.249429 -0.000362
v -1.317226 0.316086 -0.000362
v -1.279399 0.317010 0.029919
v 0.601974 -0.081265 0.165982
v 0.590903 -0.015416 0.125319
v 0.648910 -0.070655 0.130048
v -1.242834 -0.022384 0.153697
v -1.197399 0.054308 0.147064
v -1.195552 -0.021228 0.201858
v 0.154069 -0.319070 0.109284
v 0.143460 -0.272134 0.155600
v 0.209077 -0.251607 0.111188
v 0.431172 0.330429 -0.000362
v 0.393232 0.338964 0.029919
v 0.401879 0.367562 0.022306
v 0.430248 0.368256 -0.000362
v 0.384469 0.310364 0.035572
v 0.431172 0.330429 -0.000362
v 0.431866 0.302060 -0.000362
v 0.753038 0.309909 0.014749
v 0.772410 0.291575 -0.000362
v 0.753728 0.281656 -0.000362
v 0.734700 0.290653 0.028015
v -1.060970 -0.112444 0.168808
v -1.099487 -0.085115 0.141411
v -1.062816 -0.036908 0.175441
v -1.100641 -0.037833 0.143315
v -0.993052 0.201117 0.093192
v -0.945076 0.173903 0.130048
v -0.946694 0.240099 0.118744
v -0.992359 0.172748 0.098903
v -0.945076 0.173903 0.130048
v -0.953149 0.117049 0.103574
v 0.018554 0.197454 0.130048
v 0.016936 0.263649 0.118744
v 0.055571 0.226745 0.094173
v 0.056495 0.188919 0.100748
v -1.100641 -0.037833 0.143315
v -1.063972 0.010374 0.142334
v -1.062816 -0.036908 0.175441
v -0.986124 -0.082344 0.136682
v -0.928696 -0.109211 0.172557
v -0.940229 -0.024450 0.184843
v -0.978055 -0.025375 0.144237
v -0.832409 0.205043 0.099825
v -0.784433 0.177830 0.139507
v -0.786051 0.244024 0.127222
v -0.831715 0.176674 0.106458
v -0.978055 -0.025375 0.144237
v -0.941613 0.032173 0.141411
v -0.940229 -0.024450 0.184843
v 0.143460 -0.272134 0.155600
v 0.154069 -0.319070 0.109284
v 0.107249 -0.339138 0.121569
v 0.049704 -0.302812 0.157445
v 1.103616 0.280745 0.018557
v 1.150552 0.291354 -0.000362
v 1.113188 0.271517 -0.000362
v 0.129164 -0.461494 0.161253
v 0.186710 -0.497936 0.124396
v 0.158919 -0.517539 0.125319
v 0.091800 -0.481331 0.136682
v 0.213234 -0.421707 0.158426
v 0.129164 -0.461494 0.161253
v 0.233300 -0.468411 0.114937
v 0.429786 0.387168 0.011923
v 0.439473 0.377943 -0.000362
v 0.430248 0.368256 -0.000362
v 0.401879 0.367562 0.022306
v 0.314597 -0.315147 -0.128869
v 0.277118 -0.325525 -0.118487
v 0.275965 -0.278358 -0.085380
v -0.141859 0.184071 0.153697
v -0.143938 0.269179 0.139507
v -0.095501 0.223053 0.111188
v -0.104033 0.184997 0.118744
v -0.796190 -0.115435 0.168808
v -0.844394 -0.078881 0.134778
v -0.798498 -0.020986 0.186746
v -0.845780 -0.022142 0.145160
v -1.099487 -0.085115 -0.145884
v -1.100641 -0.037833 -0.147788
v -1.062816 -0.036908 -0.117506
v 0.179313 0.191921 0.062046
v 0.179775 0.173008 0.045031
v 0.225439 0.240358 0.055413
v -0.845780 -0.022142 0.145160
v -0.800113 0.045093 0.143315
v -0.798498 -0.020986 0.186746
v -1.152656 0.159368 0.117763
v -1.105489 0.160521 0.153697
v -1.113561 0.103667 0.097922
v 0.179082 0.201377 0.139507
v 0.217138 0.192846 0.108304
v 0.171009 0.144523 0.101728
v -0.681221 0.208738 0.110207
v -0.623674 0.172297 0.153697
v -0.625754 0.257404 0.139507
v -0.670840 0.171144 0.117763
v 0.314597 -0.315147 0.128145
v 0.257052 -0.278820 0.158426
v 0.341583 -0.257830 0.159349
v 0.277118 -0.325525 0.117763
v -1.062816 -0.036908 -0.117506
v -1.100641 -0.037833 -0.147788
v -1.063972 0.010374 -0.145884
v 0.582360 0.334124 0.013827
v 0.610498 0.344274 -0.000362
v 0.592047 0.324899 -0.000362
v -0.302733 0.189602 0.139507
v -0.304351 0.255797 0.127222
v -0.265601 0.218896 0.100748
v -0.264676 0.181070 0.108304
v 1.012988 -0.269807 0.180171
v 1.032823 -0.307056 0.140431
v 0.986581 -0.346034 0.134778
v 0.929149 -0.319051 0.166905
v 0.018554 0.197454 0.130048
v 0.056495 0.188919 0.100748
v 0.010481 0.140600 0.100748
v -0.463944 -0.173550 0.208491
v -0.500155 -0.240554 0.155600
v -0.548474 -0.194540 0.199032
v -1.287238 0.250584 0.035572
v -1.286779 0.231787 0.017634
v -1.305692 0.231324 -0.000362
v 0.049704 -0.302812 0.157445
v 0.107249 -0.339138 0.121569
v 0.060661 -0.368663 0.109284
v -0.025716 -0.314117 0.117763
v 0.018785 0.187998 0.057316
v 0.019247 0.169085 0.042147
v 0.065027 0.226976 0.051606
v -1.394138 -0.016619 -0.143058
v -1.347892 0.022244 -0.148710
v -1.328058 -0.015004 -0.095819
v -0.831715 0.176674 0.106458
v -0.784433 0.177830 0.139507
v -0.792506 0.120976 0.100748
v 0.186710 -0.497936 -0.125062
v 0.158919 -0.517539 -0.136425
v 0.194549 -0.431510 -0.078805
v 0.194549 -0.431510 -0.074075
v 0.233300 -0.468411 -0.115660
v 0.330508 -0.191867 0.106458
v 0.398090 -0.246988 0.112111
v 0.341583 -0.257830 0.159349
v 0.293375 -0.221160 0.129126
v 0.753038 0.309909 0.014749
v 0.790864 0.310835 -0.000362
v 0.772410 0.291575 -0.000362
v -0.511237 0.212893 0.093192
v -0.463262 0.185679 0.130048
v -0.464879 0.251873 0.118744
v -0.510544 0.184523 0.098903
v -0.463262 0.185679 0.130048
v -0.471334 0.128825 0.100748
v 0.429786 0.387168 0.011923
v 0.457924 0.397318 -0.000362
v 0.439473 0.377943 -0.000362
v -0.463262 0.185679 0.130048
v -0.464879 0.251873 0.118744
v -0.426245 0.214970 0.094173
v -0.425320 0.177145 0.100748
v -0.141859 0.184071 0.153697
v -0.104033 0.184997 0.118744
v -0.149931 0.127217 0.100748
v 0.107249 -0.339138 -0.122236
v 0.060661 -0.368663 -0.109951
v 0.115091 -0.272828 -0.087283
v -0.141627 0.174616 0.067698
v -0.141165 0.155702 0.049761
v -0.086276 0.232741 0.061065
v -0.548474 -0.194540 0.199032
v -0.578461 -0.129038 0.123473
v -0.521838 -0.127654 0.153697
v -0.670840 0.171144 0.117763
v -0.623674 0.172297 0.153697
v -0.631746 0.115443 0.096998
v -0.350593 0.216818 0.099825
v -0.302733 0.189602 0.139507
v -0.304351 0.255797 0.127222
v -0.349900 0.188450 0.106458
v -0.302733 0.189602 0.139507
v -0.264676 0.181070 0.108304
v -0.310690 0.132750 0.101728
v 0.154069 -0.319070 -0.109951
v 0.107249 -0.339138 -0.122236
v 0.124546 -0.272596 -0.072172
v -0.623674 0.172297 0.153697
v -0.625754 0.257404 0.139507
v -0.577316 0.211278 0.111188
v -0.585848 0.173221 0.118744
v -0.463944 -0.173550 0.208491
v -0.548474 -0.194540 0.199032
v -0.521838 -0.127654 0.153697
v -0.463262 0.185679 0.130048
v -0.425320 0.177145 0.100748
v -0.471334 0.128825 0.100748
v -0.302502 0.180146 0.062046
v -0.302040 0.161233 0.045031
v -0.256375 0.228583 0.055413
v 0.143460 -0.272134 0.155600
v 0.049704 -0.302812 0.157445
v 0.066883 -0.236158 0.122493
v 0.123392 -0.225315 0.113033
v 0.209077 -0.251607 0.111188
v -0.199406 0.220513 0.110207
v -0.141859 0.184071 0.153697
v -0.143938 0.269179 0.139507
v -0.189141 0.182917 0.117763
v -0.349900 0.188450 0.106458
v -0.302733 0.189602 0.139507
v -0.310690 0.132750 0.101728
v -0.798498 -0.020986 0.186746
v -0.800113 0.045093 0.143315
v -0.751332 -0.019834 0.147064
v -0.784433 0.177830 0.139507
v -0.786051 0.244024 0.127222
v -0.747416 0.207121 0.100748
v -0.746492 0.169294 0.108304
v -0.740489 -0.076341 0.135759
v -0.796190 -0.115435 0.168808
v -0.798498 -0.020986 0.186746
v -0.751332 -0.019834 0.147064
v -0.623674 0.172297 0.153697
v -0.585848 0.173221 0.118744
v -0.631746 0.115443 0.096998
v -1.318832 -0.005317 0.180171
v -1.280314 -0.032762 0.140431
v -1.307527 -0.080737 0.134778
v -1.373838 -0.072896 0.166905
v -0.463030 0.176222 0.057316
v -0.462568 0.157310 0.042147
v -0.416788 0.215201 0.051606
v 0.049704 -0.302812 0.157445
v -0.025716 -0.314117 0.117763
v 0.019486 -0.227854 0.110207
v 0.066883 -0.236158 0.122493
v -0.189141 0.182917 0.117763
v -0.141859 0.184071 0.153697
v -0.149931 0.127217 0.100748
v -0.940229 -0.024450 0.184843
v -0.941613 0.032173 0.141411
v -0.893063 -0.023298 0.145160
v -0.784433 0.177830 0.139507
v -0.746492 0.169294 0.108304
v -0.792506 0.120976 0.100748
v 0.364190 -0.408555 0.155600
v 0.403168 -0.454798 0.199032
v 0.318523 -0.475790 0.208491
v 0.213234 -0.421707 0.158426
v 0.129164 -0.461494 0.161253
v 0.127549 -0.395415 0.125319
v 0.174599 -0.384803 0.114937
v -0.029421 0.224668 0.093192
v 0.018554 0.197454 0.130048
v 0.016936 0.263649 0.118744
v -0.028728 0.196299 0.098903
v 0.018554 0.197454 0.130048
v 0.010481 0.140600 0.100748
v 0.124546 -0.272596 -0.072172
v 0.115091 -0.272828 -0.087283
v 0.066883 -0.236158 -0.124139
v -0.945076 0.173903 0.130048
v -0.946694 0.240099 0.118744
v -0.907945 0.203197 0.094173
v -0.907020 0.165372 0.100748
v -0.882220 -0.079805 0.138585
v -0.928696 -0.109211 0.172557
v -0.940229 -0.024450 0.184843
v -0.893063 -0.023298 0.145160
v 0.293375 -0.221160 0.129126
v 0.341583 -0.257830 0.159349
v 0.257052 -0.278820 0.158426
v 0.255897 -0.231538 0.121569
v 0.200545 -0.289663 0.116840
v -1.062816 -0.036908 0.175441
v -1.063972 0.010374 0.142334
v -1.034447 -0.036215 0.145160
v -0.623443 0.162840 0.067698
v -0.622981 0.143927 0.049761
v -0.568091 0.220965 0.061065
v -0.945076 0.173903 0.130048
v -0.907020 0.165372 0.100748
v -0.953149 0.117049 0.103574
v 0.131222 0.228594 0.099825
v 0.179082 0.201377 0.139507
v 0.177465 0.267572 0.127222
v 0.131916 0.200224 0.106458
v -1.195552 -0.021228 0.201858
v -1.197399 0.054308 0.147064
v -1.138815 -0.019842 0.155600
v -1.023835 -0.083266 0.142334
v -1.060970 -0.112444 0.168808
v -1.062816 -0.036908 0.175441
v -1.034447 -0.036215 0.145160
v 0.393232 0.338964 0.029919
v 0.355175 0.347497 -0.000362
v 0.382851 0.376559 -0.000362
v 0.401879 0.367562 0.022306
v -1.105489 0.160521 0.153697
v -1.107569 0.245629 0.139507
v -1.059131 0.199502 0.111188
v -1.067664 0.161445 0.118744
v 0.668505 0.289035 -0.000362
v 0.706793 0.271046 0.038398
v 0.679117 0.241984 0.047857
v 0.631488 0.259744 -0.000362
v 0.131916 0.200224 0.106458
v 0.179082 0.201377 0.139507
v 0.171009 0.144523 0.101728
v 0.384469 0.310364 0.035572
v 0.337187 0.309208 -0.000362
v 0.355175 0.347497 -0.000362
v 0.393232 0.338964 0.029919
v -1.105489 0.160521 0.153697
v -1.067664 0.161445 0.118744
v -1.113561 0.103667 0.097922
v -0.784202 0.168373 0.062046
v -0.783740 0.149461 0.045031
v -0.738191 0.216808 0.055413
v 0.347565 0.271730 -0.000362
v 0.365787 0.300445 -0.000362
v 0.385390 0.272654 0.027035
v 0.384699 0.300907 0.017634
v -1.127855 -0.085808 0.148967
v -1.193013 -0.125134 0.186746
v -1.195552 -0.021228 0.201858
v -1.138815 -0.019842 0.155600
v 0.545687 0.286033 0.036494
v 0.507749 0.294453 -0.000362
v 0.535309 0.323513 -0.000362
v 0.554453 0.314518 0.026112
v 0.255897 -0.231538 -0.122236
v 0.293375 -0.221160 -0.130772
v 0.275965 -0.278358 -0.085380
v 0.123392 -0.225315 -0.113757
v 0.124546 -0.272596 -0.072172
v 0.066883 -0.236158 -0.124139
v 0.129164 -0.461494 0.161253
v 0.091800 -0.481331 0.136682
v 0.099179 -0.396108 0.114014
v 0.127549 -0.395415 0.125319
v 0.194549 -0.431510 -0.074075
v 0.194549 -0.431510 -0.078805
v 0.127549 -0.395415 -0.126966
v 0.127549 -0.395415 -0.126966
v 0.174599 -0.384803 -0.115660
v -1.034447 -0.036215 -0.148710
v -1.062816 -0.036908 -0.117506
v -1.063972 0.010374 -0.145884
v 0.536924 0.257433 0.043128
v 0.489758 0.256281 -0.000362
v 0.507749 0.294453 -0.000362
v 0.545687 0.286033 0.036494
v -0.944846 0.164448 0.057316
v -0.944384 0.145534 0.042147
v -0.898603 0.203426 0.051606
v 0.613510 -0.166141 0.154619
v 0.556079 -0.139159 0.122493
v 0.601974 -0.081265 0.165982
v 0.554692 -0.082421 0.128145
v -1.285161 0.165592 0.027035
v -1.286779 0.231787 0.017634
v -1.267867 0.232249 -0.000362
v -1.256792 0.166286 -0.000362
v 1.048033 0.232076 0.046877
v 1.009745 0.250065 -0.000362
v 1.037652 0.269670 -0.000362
v 1.066252 0.260907 0.034591
v -1.242842 0.365098 0.011923
v -1.214704 0.375249 -0.000362
v -1.233158 0.355989 -0.000362
v -1.241459 0.308476 -0.000362
v -1.279399 0.317010 0.029919
v -1.270636 0.345611 0.022306
v -1.242152 0.336845 -0.000362
v -1.287238 0.250584 0.035572
v -1.241459 0.308476 -0.000362
v -1.239844 0.242396 -0.000362
v 0.846226 -0.018639 0.140431
v 0.819240 -0.075955 0.176364
v 0.913458 -0.064191 0.195282
v 0.902849 -0.017254 0.151793
v 0.858222 -0.122313 0.142334
v 0.819240 -0.075955 0.176364
v 0.913458 -0.064191 0.195282
v 0.914614 -0.111473 0.152716
v 0.632412 0.221919 -0.000362
v 0.650748 0.241291 -0.000362
v 0.660897 0.213153 0.032745
v 0.669892 0.232297 0.023286
v -1.023835 -0.083266 -0.146807
v -1.034447 -0.036215 -0.148710
v -1.062816 -0.036908 -0.117506
v 0.554692 -0.082421 0.128145
v 0.590903 -0.015416 0.125319
v 0.601974 -0.081265 0.165982
v 0.384469 0.310364 0.035572
v 0.384699 0.300907 0.017634
v 0.365787 0.300445 -0.000362
v 0.537849 0.219607 0.031765
v 0.518242 0.247515 -0.000362
v 0.537155 0.247977 0.021382
v -1.242842 0.365098 0.011923
v -1.233158 0.355989 -0.000362
v -1.242152 0.336845 -0.000362
v -1.270636 0.345611 0.022306
v -1.105259 0.151064 0.067698
v -1.104796 0.132152 0.049761
v -1.049906 0.209189 0.061065
v -1.687287 -0.014322 0.055413
v -1.715656 -0.015016 0.080907
v -1.716577 0.022695 0.048780
v 1.003533 -0.270039 -0.092935
v 0.994422 -0.279723 -0.095819
v 0.983810 -0.232673 -0.148710
v -1.318832 -0.005317 -0.092935
v -1.328058 -0.015004 -0.095819
v -1.280314 -0.032762 -0.150614
v -1.307527 -0.080737 -0.144961
v -1.781504 -0.026086 0.054432
v -1.800417 -0.026548 0.075254
v -1.801339 0.011162 0.046877
v 1.039270 0.203476 0.055413
v 0.982647 0.202092 -0.000362
v 1.009745 0.250065 -0.000362
v 1.048033 0.232076 0.046877
v -1.714732 -0.052841 0.068621
v -1.715656 -0.015016 0.080907
v -1.686824 -0.033234 0.047857
v -1.687287 -0.014322 0.055413
v -1.894172 -0.057226 0.075254
v -1.895328 -0.009945 0.076177
v -1.856809 -0.037389 0.052586
v -1.866959 -0.009251 0.052586
v -1.895328 -0.009945 0.076177
v -1.896249 0.027766 0.048780
v -1.799492 -0.064375 0.065795
v -1.800417 -0.026548 0.075254
v -1.771586 -0.044768 0.047857
v -1.781504 -0.026086 0.054432
v -1.856809 -0.037389 0.052586
v -1.846891 -0.056071 0.039320
v -1.894172 -0.057226 0.075254
v -1.893248 -0.095052 0.046877
v -2.027372 -0.022633 0.058239
v -2.055740 -0.023327 0.079984
v -2.056662 0.014383 0.053510
v 1.002365 0.164841 -0.000362
v 1.039501 0.194019 0.024209
v 1.040192 0.165766 0.038398
v -1.895328 -0.009945 -0.024933
v -1.896249 0.027766 -0.050426
v -1.866959 -0.009251 -0.053253
v -2.054816 -0.061152 0.067699
v -2.055740 -0.023327 0.079984
v -2.026910 -0.041546 0.049761
v -2.027372 -0.022633 0.058239
v -1.978934 -0.068760 0.063891
v -1.979858 -0.030934 0.076177
v -1.951142 -0.049157 0.045953
v -1.951604 -0.030243 0.052586
v -1.895328 -0.009945 -0.024933
v -1.866959 -0.009251 -0.053253
v -1.856809 -0.037389 -0.053253
v -1.895328 -0.009945 -0.024933
v -1.856809 -0.037389 -0.053253
v -1.895328 -0.009945 -0.026836
v -1.895328 -0.009945 -0.024933
v 1.024984 -0.373481 -0.147788
v 1.051967 -0.316050 -0.157247
v 1.090948 -0.362407 -0.092935
v 1.024984 -0.373481 0.147064
v 1.099711 -0.333807 0.201858
v 1.064425 -0.438636 0.186746
v 1.051967 -0.316050 0.153697
v 0.929149 -0.319051 0.166905
v 1.012988 -0.269807 0.180171
v 0.936990 -0.252741 0.132875
v 0.983810 -0.232673 0.138585
v -2.083532 -0.042930 -0.051407
v -2.055740 -0.023327 -0.026836
v -2.055740 -0.023327 -0.022106
v -2.092526 -0.062074 -0.029663
v -2.055740 -0.023327 -0.029663
v -2.074884 -0.014332 -0.059886
v -2.083532 -0.042930 0.050683
v -2.092526 -0.062074 0.028939
v -2.055740 -0.023327 0.021382
v -2.055740 -0.023327 0.026112
v -2.055740 -0.023327 0.028015
v -2.074884 -0.014332 0.059162
v -2.055509 -0.032783 -0.000362
v -2.092526 -0.062074 0.028939
v -2.092295 -0.071530 -0.000362
v -2.055740 -0.023327 0.021382
v -2.055740 -0.023327 -0.022106
v -2.055509 -0.032783 -0.000362
v -2.092526 -0.062074 -0.029663
v -2.092295 -0.071530 -0.000362
v -1.998309 -0.050309 -0.046677
v -1.979858 -0.030934 -0.023952
v -1.979627 -0.040391 -0.020203
v -2.007303 -0.069453 -0.027759
v -1.979858 -0.030934 -0.025856
v -1.998771 -0.031396 -0.053253
v -1.998309 -0.050309 0.045953
v -2.007303 -0.069453 0.027035
v -1.979627 -0.040391 0.019479
v -1.979858 -0.030934 0.023286
v -1.979858 -0.030934 0.025190
v -1.998771 -0.031396 0.052586
v -1.979627 -0.040391 -0.000362
v -2.007303 -0.069453 0.027035
v -2.007303 -0.069453 -0.000362
v -2.007303 -0.069453 -0.027759
v -1.979627 -0.040391 -0.000362
v -2.007303 -0.069453 -0.000362
v -2.074884 -0.014332 -0.059886
v -2.056662 0.014383 -0.055156
v -2.055740 -0.023327 -0.029663
v -2.074884 -0.014332 0.059162
v -2.055740 -0.023327 0.028015
v -2.056662 0.014383 0.053510
v -1.998309 -0.050309 0.045953
v -2.007303 -0.069453 0.027035
v -1.978934 -0.068760 0.063891
v -1.978240 -0.097129 0.031765
v -1.998309 -0.050309 -0.046677
v -1.978934 -0.068760 -0.065539
v -2.007303 -0.069453 -0.027759
v -1.978240 -0.097129 -0.032489
v -1.895097 -0.019400 -0.000362
v -1.931998 -0.058151 0.039320
v -1.931767 -0.067607 -0.000362
v -1.895328 -0.009945 0.026112
v -1.895328 -0.009945 -0.026836
v -1.895097 -0.019400 -0.000362
v -1.931998 -0.058151 -0.040044
v -1.931767 -0.067607 -0.000362
v -2.083532 -0.042930 0.050683
v -2.092526 -0.062074 0.028939
v -2.054816 -0.061152 0.067699
v -2.053891 -0.098978 0.031765
v -2.083532 -0.042930 -0.051407
v -2.054816 -0.061152 -0.068364
v -2.092526 -0.062074 -0.029663
v -2.053891 -0.098978 -0.032489
v -1.923004 -0.039007 -0.053253
v -1.931998 -0.058151 -0.040044
v -1.895328 -0.009945 -0.026836
v -1.923004 -0.039007 0.052586
v -1.931998 -0.058151 0.039320
v -1.895328 -0.009945 0.026112
v -1.998771 -0.031396 -0.053253
v -1.980549 -0.002680 -0.051407
v -1.979858 -0.030934 -0.025856
v -1.998771 -0.031396 0.052586
v -1.979858 -0.030934 0.025190
v -1.980549 -0.002680 0.050683
v -1.979858 -0.030934 0.076177
v -1.998771 -0.031396 0.052586
v -1.980549 -0.002680 0.050683
v -1.979858 -0.030934 -0.076901
v -1.980549 -0.002680 -0.051407
v -1.998771 -0.031396 -0.053253
v -1.800186 -0.036005 -0.000362
v -1.837318 -0.065299 0.027035
v -1.837087 -0.074756 -0.000362
v -1.800186 -0.036005 0.021382
v -1.800186 -0.036005 -0.022106
v -1.800186 -0.036005 -0.000362
v -1.837318 -0.065299 -0.027759
v -1.837087 -0.074756 -0.000362
v -1.392058 -0.101727 -0.077824
v -1.403594 -0.016851 -0.073094
v -1.392058 -0.101727 -0.000362
v -1.403594 -0.016851 -0.000362
v -1.392058 -0.101727 -0.000362
v -1.403594 -0.016851 -0.000362
v -1.403594 -0.016851 0.062046
v -1.392058 -0.101727 0.067699
v -1.828324 -0.046155 -0.049504
v -1.800417 -0.026548 -0.028682
v -1.800186 -0.036005 -0.022106
v -1.837318 -0.065299 -0.027759
v -1.828324 -0.046155 0.047857
v -1.837318 -0.065299 0.027035
v -1.800186 -0.036005 0.021382
v -1.800417 -0.026548 0.028015
v -1.800417 -0.026548 -0.028682
v -1.828324 -0.046155 -0.049504
v -1.828786 -0.027242 -0.055156
v -1.800417 -0.026548 -0.030585
v -1.800417 -0.026548 0.028015
v -1.800417 -0.026548 0.029919
v -1.828786 -0.027242 0.054432
v -1.828324 -0.046155 0.047857
v -1.743447 -0.034619 -0.048523
v -1.715656 -0.015016 -0.023952
v -1.715656 -0.015016 -0.020203
v -1.752442 -0.053762 -0.028682
v -1.715656 -0.015016 -0.025856
v -1.743909 -0.015705 -0.056079
v -1.743447 -0.034619 0.047857
v -1.752442 -0.053762 0.028015
v -1.715656 -0.015016 0.019479
v -1.715656 -0.015016 0.023286
v -1.715656 -0.015016 0.025190
v -1.743909 -0.015705 0.055413
v -1.715424 -0.024471 -0.000362
v -1.752442 -0.053762 0.028015
v -1.752210 -0.063219 -0.000362
v -1.715656 -0.015016 0.019479
v -1.715656 -0.015016 -0.020203
v -1.715424 -0.024471 -0.000362
v -1.752442 -0.053762 -0.028682
v -1.752210 -0.063219 -0.000362
v -1.799492 -0.064375 0.065795
v -1.798568 -0.102200 0.029919
v -1.837318 -0.065299 0.027035
v -1.828324 -0.046155 0.047857
v -1.799492 -0.064375 -0.066519
v -1.828324 -0.046155 -0.049504
v -1.837318 -0.065299 -0.027759
v -1.798568 -0.102200 -0.030585
v -1.828786 -0.027242 -0.055156
v -1.801339 0.011162 -0.047601
v -1.800417 -0.026548 -0.030585
v -1.828786 -0.027242 0.054432
v -1.800417 -0.026548 0.029919
v -1.801339 0.011162 0.046877
v -1.394138 -0.016619 -0.143058
v -1.403594 -0.016851 -0.073094
v -1.392058 -0.101727 -0.077824
v -1.373838 -0.072896 -0.177088
v -1.392058 -0.101727 0.067699
v -1.403594 -0.016851 0.062046
v -1.394138 -0.016619 0.132874
v -1.373838 -0.072896 0.166905
v -1.714732 -0.052841 0.068621
v -1.713807 -0.090667 0.032745
v -1.752442 -0.053762 0.028015
v -1.743447 -0.034619 0.047857
v -1.714732 -0.052841 -0.069345
v -1.743447 -0.034619 -0.048523
v -1.752442 -0.053762 -0.028682
v -1.713807 -0.090667 -0.033411
v -1.743909 -0.015705 -0.056079
v -1.716577 0.022695 -0.050426
v -1.715656 -0.015016 -0.025856
v -1.743909 -0.015705 0.055413
v -1.715656 -0.015016 0.025190
v -1.716577 0.022695 0.048780
v -1.172724 0.206188 -0.003189
v -1.108491 0.283339 -0.003189
v -1.108491 0.283339 0.064872
v -1.172724 0.206188 0.060143
v -1.108491 0.283339 -0.063693
v -1.108491 0.283339 -0.003189
v -1.172724 0.206188 -0.003189
v -1.172724 0.206188 -0.058963
v -1.163037 0.196963 -0.116584
v -1.107569 0.245629 -0.145884
v -1.108491 0.283339 -0.063693
v -1.172724 0.206188 -0.058963
v -1.108491 0.283339 0.064872
v -1.107569 0.245629 0.139507
v -1.163037 0.196963 0.110207
v -1.172724 0.206188 0.060143
v -1.002509 0.200886 -0.003189
v -0.947617 0.277809 -0.003189
v -0.947385 0.268352 0.054432
v -1.002509 0.200886 0.050683
v -0.947385 0.268352 -0.054234
v -0.947617 0.277809 -0.003189
v -1.002509 0.200886 -0.003189
v -1.002509 0.200886 -0.050427
v -1.250558 -0.088807 0.147064
v -1.195090 -0.040141 0.093192
v -1.242834 -0.022384 0.153697
v -1.195552 -0.021228 0.089443
v -1.269240 -0.098726 0.000619
v -1.195552 -0.021228 -0.069345
v -1.195784 -0.011771 0.000619
v -1.250558 -0.088807 -0.147788
v -1.242834 -0.022384 -0.157247
v -1.195090 -0.040141 -0.092935
v -1.195552 -0.021228 -0.092935
v -1.242834 -0.022384 -0.157247
v -1.197399 0.054308 -0.143058
v -1.269240 -0.098726 0.000619
v -1.195784 -0.011771 0.000619
v -1.195552 -0.021228 0.059162
v -1.060970 -0.112444 0.168808
v -1.060277 -0.140813 0.132875
v -1.108712 -0.094802 0.124396
v -1.099487 -0.085115 0.141411
v -1.099487 -0.085115 -0.145884
v -1.108712 -0.094802 -0.122236
v -1.061198 -0.103103 -0.173281
v -1.060277 -0.140813 -0.130772
v -0.993052 0.201117 -0.098646
v -0.946694 0.240099 -0.124139
v -0.947385 0.268352 -0.054234
v -1.002509 0.200886 -0.050427
v -0.947385 0.268352 0.054432
v -0.946694 0.240099 0.118744
v -0.993052 0.201117 0.093192
v -1.002509 0.200886 0.050683
v -1.195552 -0.021228 0.089443
v -1.197399 0.054308 0.147064
v -1.242834 -0.022384 0.153697
v -0.851553 0.214037 -0.003189
v -0.786973 0.281734 -0.003189
v -0.786973 0.281734 0.058239
v -0.842096 0.214269 0.054432
v -0.786973 0.281734 -0.057982
v -0.786973 0.281734 -0.003189
v -0.851553 0.214037 -0.003189
v -0.842096 0.214269 -0.053253
v -0.832409 0.205043 -0.106202
v -0.786051 0.244024 -0.133599
v -0.786973 0.281734 -0.057982
v -0.842096 0.214269 -0.053253
v -1.108712 -0.094802 -0.122236
v -1.062354 -0.055822 -0.101472
v -1.108480 -0.104259 -0.001285
v -1.062354 -0.055822 -0.001285
v -1.108480 -0.104259 -0.001285
v -1.062354 -0.055822 -0.001285
v -1.062354 -0.055822 0.103574
v -1.108712 -0.094802 0.124396
v -0.786973 0.281734 0.058239
v -0.786051 0.244024 0.127222
v -0.832409 0.205043 0.099825
v -0.842096 0.214269 0.054432
v -1.172724 0.206188 -0.003189
v -1.104796 0.132152 0.049761
v -1.104568 0.122811 -0.003189
v -1.172724 0.206188 0.060143
v -1.172724 0.206188 -0.058963
v -1.172724 0.206188 -0.003189
v -1.104796 0.132152 -0.048523
v -1.104568 0.122811 -0.003189
v -1.062354 -0.055822 -0.109028
v -1.062354 -0.055822 -0.101472
v -1.108712 -0.094802 -0.122236
v -1.099487 -0.085115 -0.145884
v -1.099487 -0.085115 0.141411
v -1.108712 -0.094802 0.124396
v -1.062354 -0.055822 0.104555
v -1.172724 0.206188 0.060143
v -1.105259 0.151064 0.067698
v -1.104796 0.132152 0.049761
v -1.163037 0.196963 0.110207
v -1.152656 0.159368 0.117763
v -1.105259 0.151064 0.067698
v -1.105259 0.151064 -0.074075
v -1.172724 0.206188 -0.058963
v -1.104796 0.132152 -0.048523
v -1.163037 0.196963 -0.116584
v -1.152656 0.159368 -0.121314
v -1.105721 0.169978 -0.072172
v -0.844394 -0.078881 -0.144961
v -0.853160 -0.107366 -0.114681
v -0.796190 -0.115435 -0.179914
v -0.795265 -0.153261 -0.122236
v -0.796190 -0.115435 0.168808
v -0.795265 -0.153261 0.112111
v -0.853160 -0.107366 0.103574
v -0.844394 -0.078881 0.134778
v -1.099487 -0.085115 -0.145884
v -1.062816 -0.036908 -0.117506
v -1.062354 -0.055822 -0.109028
v -1.062816 -0.036908 0.113033
v -1.099487 -0.085115 0.141411
v -1.062354 -0.055822 0.104555
v -0.939767 -0.043363 -0.000362
v -0.939767 -0.043363 0.048780
v -0.995119 -0.101488 0.060143
v -0.994660 -0.120286 -0.000362
v -0.995119 -0.101488 0.060143
v -0.939767 -0.043363 0.088462
v -0.986124 -0.082344 0.136682
v -0.939767 -0.043363 0.088462
v -0.978055 -0.025375 0.144237
v -0.940229 -0.024450 0.087540
v -0.939767 -0.043363 -0.098646
v -0.939767 -0.043363 -0.058963
v -0.995119 -0.101488 -0.070268
v -0.986124 -0.082344 -0.147788
v -0.978055 -0.025375 -0.149633
v -0.939767 -0.043363 -0.098646
v -0.940229 -0.024450 -0.092935
v -1.105721 0.169978 0.068621
v -1.152656 0.159368 0.117763
v -1.113561 0.103667 0.097922
v -0.995119 -0.101488 -0.070268
v -0.939767 -0.043363 -0.058963
v -0.994660 -0.120286 -0.000362
v -0.939767 -0.043363 -0.000362
v -0.690909 0.217964 -0.003189
v -0.626676 0.295115 -0.003189
v -0.626676 0.295115 0.064872
v -0.690909 0.217964 0.060143
v -0.626676 0.295115 -0.063693
v -0.626676 0.295115 -0.003189
v -0.690909 0.217964 -0.003189
v -0.690909 0.217964 -0.058963
v -1.105721 0.169978 -0.072172
v -1.113561 0.103667 -0.108105
v -1.152656 0.159368 -0.121314
v -0.681221 0.208738 -0.116584
v -0.625754 0.257404 -0.145884
v -0.626676 0.295115 -0.063693
v -0.690909 0.217964 -0.058963
v -0.626676 0.295115 0.064872
v -0.625754 0.257404 0.139507
v -0.681221 0.208738 0.110207
v -0.690909 0.217964 0.060143
v -1.002509 0.200886 -0.003189
v -0.944384 0.145534 0.042147
v -0.944152 0.136078 -0.003189
v -1.002509 0.200886 0.050683
v -1.002509 0.200886 -0.050427
v -1.002509 0.200886 -0.003189
v -0.944384 0.145534 -0.041948
v -0.944152 0.136078 -0.003189
v -0.940229 -0.024450 -0.092935
v -0.978055 -0.025375 -0.149633
v -0.941613 0.032173 -0.144961
v -0.940229 -0.024450 0.087540
v -0.941613 0.032173 0.141411
v -0.978055 -0.025375 0.144237
v -1.002509 0.200886 0.050683
v -0.944846 0.164448 0.057316
v -0.944384 0.145534 0.042147
v -0.993052 0.201117 0.093192
v -0.992359 0.172748 0.098903
v -0.944846 0.164448 0.057316
v -0.944846 0.164448 -0.063693
v -1.002509 0.200886 -0.050427
v -0.944384 0.145534 -0.041948
v -0.993052 0.201117 -0.098646
v -0.992359 0.172748 -0.103376
v -0.945076 0.173903 -0.061789
v -0.853160 -0.107366 -0.114681
v -0.798036 -0.039899 -0.095819
v -0.862385 -0.117053 -0.000362
v -0.798036 -0.039899 -0.000362
v -0.862385 -0.117053 -0.000362
v -0.798036 -0.039899 -0.000362
v -0.798036 -0.039899 0.084714
v -0.853160 -0.107366 0.103574
v -0.798036 -0.039899 -0.096743
v -0.798036 -0.039899 -0.095819
v -0.853160 -0.107366 -0.114681
v -0.844394 -0.078881 -0.144961
v -0.845780 -0.022142 -0.150614
v -0.798036 -0.039899 -0.096743
v -0.798498 -0.020986 -0.093916
v -0.853160 -0.107366 0.103574
v -0.798036 -0.039899 0.084714
v -0.798036 -0.039899 0.086617
v -0.844394 -0.078881 0.134778
v -0.845780 -0.022142 0.145160
v -0.798498 -0.020986 0.088462
v -0.800113 0.045093 0.143315
v -0.845780 -0.022142 0.145160
v -1.328058 -0.015004 0.085636
v -1.318832 -0.005317 0.082810
v -1.347892 0.022244 0.138585
v -0.520693 0.212661 -0.003189
v -0.465801 0.289584 -0.003189
v -0.465570 0.280128 0.054432
v -0.520693 0.212661 0.050683
v -0.465570 0.280128 -0.054234
v -0.465801 0.289584 -0.003189
v -0.520693 0.212661 -0.003189
v -0.520693 0.212661 -0.050427
v -1.347892 0.022244 -0.148710
v -1.318832 -0.005317 -0.092935
v -1.328058 -0.015004 -0.095819
v -0.798498 -0.020986 -0.093916
v -0.845780 -0.022142 -0.150614
v -0.800113 0.045093 -0.145884
v -0.945076 0.173903 0.057316
v -0.992359 0.172748 0.098903
v -0.953149 0.117049 0.103574
v -0.851553 0.214037 -0.003189
v -0.783740 0.149461 0.045031
v -0.783280 0.130663 -0.003189
v -0.842096 0.214269 0.054432
v -0.842096 0.214269 -0.053253
v -0.851553 0.214037 -0.003189
v -0.783740 0.149461 -0.044774
v -0.783280 0.130663 -0.003189
v -0.511237 0.212893 -0.098646
v -0.464879 0.251873 -0.124139
v -0.465570 0.280128 -0.054234
v -0.520693 0.212661 -0.050427
v -0.945076 0.173903 -0.061789
v -0.953149 0.117049 -0.111854
v -0.992359 0.172748 -0.103376
v -0.465570 0.280128 0.054432
v -0.464879 0.251873 0.118744
v -0.511237 0.212893 0.093192
v -0.520693 0.212661 0.050683
v -0.842096 0.214269 0.054432
v -0.784202 0.168373 0.062046
v -0.783740 0.149461 0.045031
v -0.832409 0.205043 0.099825
v -0.831715 0.176674 0.106458
v -0.784202 0.168373 0.062046
v -0.784202 0.168373 -0.067442
v -0.842096 0.214269 -0.053253
v -0.783740 0.149461 -0.044774
v -0.832409 0.205043 -0.106202
v -0.831715 0.176674 -0.109951
v -0.784433 0.177830 -0.065539
v 0.107249 -0.339138 -0.122236
v 0.115091 -0.272828 -0.087283
v 0.124546 -0.272596 -0.072172
v 0.107249 -0.339138 0.121569
v 0.124546 -0.272596 0.071448
v 0.115091 -0.272828 0.086617
v -0.784433 0.177830 0.062046
v -0.831715 0.176674 0.106458
v -0.792506 0.120976 0.100748
v -0.614438 -0.205614 0.130049
v -0.578461 -0.129038 0.123473
v -0.548474 -0.194540 0.199032
v -0.548474 -0.194540 -0.199756
v -0.578461 -0.129038 -0.124139
v -0.614438 -0.205614 -0.130772
v -0.784433 0.177830 -0.065539
v -0.792506 0.120976 -0.109951
v -0.831715 0.176674 -0.109951
v -0.369737 0.225813 -0.003189
v -0.305273 0.293507 -0.003189
v -0.305273 0.293507 0.058239
v -0.360281 0.226044 0.054432
v -0.305273 0.293507 -0.057982
v -0.305273 0.293507 -0.003189
v -0.369737 0.225813 -0.003189
v -0.360281 0.226044 -0.053253
v -0.305273 0.293507 0.058239
v -0.304351 0.255797 0.127222
v -0.350593 0.216818 0.099825
v -0.360281 0.226044 0.054432
v -0.623894 -0.205845 -0.000362
v -0.578692 -0.119582 -0.000362
v -0.578461 -0.129038 0.123473
v -0.614438 -0.205614 0.130049
v -0.614438 -0.205614 -0.130772
v -0.578461 -0.129038 -0.124139
v -0.623894 -0.205845 -0.000362
v -0.578692 -0.119582 -0.000362
v -0.500155 -0.240554 -0.156266
v -0.482857 -0.174012 -0.102395
v -0.473400 -0.173781 -0.091090
v -0.453335 -0.220485 -0.152517
v -0.463944 -0.173550 -0.066519
v -0.482857 -0.174012 0.100748
v -0.473400 -0.173781 0.090366
v -0.500155 -0.240554 0.155600
v -0.463944 -0.173550 0.065795
v -0.453335 -0.220485 0.151793
v -0.690909 0.217964 -0.003189
v -0.622981 0.143927 0.049761
v -0.622752 0.134586 -0.003189
v -0.690909 0.217964 0.060143
v -0.690909 0.217964 -0.058963
v -0.690909 0.217964 -0.003189
v -0.622981 0.143927 -0.048523
v -0.622752 0.134586 -0.003189
v 0.154069 -0.319070 -0.109951
v 0.124546 -0.272596 -0.072172
v 0.134003 -0.272366 -0.050426
v 0.134003 -0.272366 0.049761
v 0.124546 -0.272596 0.071448
v 0.154069 -0.319070 0.109284
v -0.350593 0.216818 -0.106202
v -0.304351 0.255797 -0.133599
v -0.305273 0.293507 -0.057982
v -0.360281 0.226044 -0.053253
v -0.690909 0.217964 0.060143
v -0.623443 0.162840 0.067698
v -0.622981 0.143927 0.049761
v -0.681221 0.208738 0.110207
v -0.670840 0.171144 0.117763
v -0.623443 0.162840 0.067698
v -0.623443 0.162840 -0.074075
v -0.690909 0.217964 -0.058963
v -0.622981 0.143927 -0.048523
v -0.681221 0.208738 -0.116584
v -0.670840 0.171144 -0.121314
v -0.623905 0.181752 -0.072172
v -0.623905 0.181752 0.068621
v -0.670840 0.171144 0.117763
v -0.631746 0.115443 0.096998
v -0.623905 0.181752 -0.072172
v -0.631746 0.115442 -0.107124
v -0.670840 0.171144 -0.121314
v -0.144860 0.306889 0.064872
v -0.143938 0.269179 0.139507
v -0.199406 0.220513 0.110207
v -0.209093 0.229739 0.060143
v -0.199406 0.220513 -0.116584
v -0.143938 0.269179 -0.145884
v -0.144860 0.306889 -0.063693
v -0.209093 0.229739 -0.058963
v -0.209093 0.229739 -0.003189
v -0.144860 0.306889 -0.003189
v -0.144860 0.306889 0.064872
v -0.209093 0.229739 0.060143
v -0.144860 0.306889 -0.063693
v -0.144860 0.306889 -0.003189
v -0.209093 0.229739 -0.003189
v -0.209093 0.229739 -0.058963
v -0.520693 0.212661 -0.050427
v -0.520693 0.212661 -0.003189
v -0.462568 0.157310 -0.041948
v -0.462337 0.147853 -0.003189
v -0.520693 0.212661 -0.003189
v -0.462568 0.157310 0.042147
v -0.462337 0.147853 -0.003189
v -0.520693 0.212661 0.050683
v -0.520693 0.212661 0.050683
v -0.463030 0.176222 0.057316
v -0.462568 0.157310 0.042147
v -0.511237 0.212893 0.093192
v -0.510544 0.184523 0.098903
v -0.463030 0.176222 0.057316
v -0.463030 0.176222 -0.063693
v -0.520693 0.212661 -0.050427
v -0.462568 0.157310 -0.041948
v -0.511237 0.212893 -0.098646
v -0.510544 0.184523 -0.103376
v -0.463262 0.185679 -0.061789
v -0.463262 0.185679 0.057316
v -0.510544 0.184523 0.098903
v -0.471334 0.128825 0.100748
v -0.463262 0.185679 -0.061789
v -0.471334 0.128825 -0.109028
v -0.510544 0.184523 -0.103376
v -0.473400 -0.173781 -0.091090
v -0.463944 -0.173550 -0.066519
v -0.474556 -0.126499 -0.146807
v -0.474556 -0.126499 0.146140
v -0.473400 -0.173781 0.090366
v -0.463944 -0.173550 0.065795
v -0.038878 0.224437 -0.003189
v 0.016014 0.301359 -0.003189
v 0.016246 0.291902 0.054432
v -0.038878 0.224437 0.050683
v 0.016246 0.291902 -0.054234
v 0.016014 0.301359 -0.003189
v -0.038878 0.224437 -0.003189
v -0.038878 0.224437 -0.050427
v 0.307683 -0.419398 0.151793
v 0.318523 -0.475790 0.208491
v 0.252444 -0.477405 0.117763
v 0.307683 -0.419398 -0.152517
v 0.318523 -0.475790 -0.209215
v 0.252444 -0.477405 -0.118487
v -0.360281 0.226044 -0.053253
v -0.369737 0.225813 -0.003189
v -0.302040 0.161233 -0.044774
v -0.301581 0.142436 -0.003189
v -0.369737 0.225813 -0.003189
v -0.302040 0.161233 0.045031
v -0.301581 0.142436 -0.003189
v -0.360281 0.226044 0.054432
v -0.029421 0.224668 -0.098646
v 0.016936 0.263649 -0.124139
v 0.016246 0.291902 -0.054234
v -0.038878 0.224437 -0.050427
v 0.016246 0.291902 0.054432
v 0.016936 0.263649 0.118744
v -0.029421 0.224668 0.093192
v -0.038878 0.224437 0.050683
v -0.302733 0.189602 0.062046
v -0.349900 0.188450 0.106458
v -0.310690 0.132750 0.101728
v -0.360281 0.226044 0.054432
v -0.302502 0.180146 0.062046
v -0.302040 0.161233 0.045031
v -0.350593 0.216818 0.099825
v -0.349900 0.188450 0.106458
v -0.302502 0.180146 0.062046
v -0.302733 0.189602 -0.065539
v -0.310690 0.132750 -0.109951
v -0.349900 0.188450 -0.109951
v -0.302502 0.180146 -0.067442
v -0.360281 0.226044 -0.053253
v -0.302040 0.161233 -0.044774
v -0.350593 0.216818 -0.106202
v -0.349900 0.188450 -0.109951
v -0.302733 0.189602 -0.065539
v 0.176543 0.305283 0.058239
v 0.177465 0.267572 0.127222
v 0.131222 0.228594 0.099825
v 0.121535 0.237819 0.054432
v 0.112078 0.237588 -0.003189
v 0.176543 0.305283 -0.003189
v 0.176543 0.305283 0.058239
v 0.121535 0.237819 0.054432
v 0.176543 0.305283 -0.057982
v 0.176543 0.305283 -0.003189
v 0.112078 0.237588 -0.003189
v 0.121535 0.237819 -0.053253
v -0.142090 0.193528 0.068621
v -0.189141 0.182917 0.117763
v -0.149931 0.127217 0.100748
v -0.142090 0.193528 -0.072172
v -0.149931 0.127217 -0.109951
v -0.189141 0.182917 -0.121314
v -0.209093 0.229739 -0.058963
v -0.209093 0.229739 -0.003189
v -0.141165 0.155702 -0.048523
v -0.140937 0.146361 -0.003189
v -0.209093 0.229739 -0.003189
v -0.141165 0.155702 0.049761
v -0.140937 0.146361 -0.003189
v -0.209093 0.229739 0.060143
v 0.131222 0.228594 -0.106202
v 0.177465 0.267572 -0.133599
v 0.176543 0.305283 -0.057982
v 0.121535 0.237819 -0.053253
v -0.209093 0.229739 0.060143
v -0.141627 0.174616 0.067698
v -0.141165 0.155702 0.049761
v -0.199406 0.220513 0.110207
v -0.189141 0.182917 0.117763
v -0.141627 0.174616 0.067698
v -0.141627 0.174616 -0.074075
v -0.209093 0.229739 -0.058963
v -0.141165 0.155702 -0.048523
v -0.199406 0.220513 -0.116584
v -0.189141 0.182917 -0.121314
v -0.142090 0.193528 -0.072172
v 0.018554 0.197454 -0.061789
v 0.010481 0.140599 -0.109951
v -0.028728 0.196299 -0.103376
v 0.018554 0.197454 0.057316
v -0.028728 0.196299 0.098903
v 0.010481 0.140600 0.100748
v 0.099179 -0.396108 -0.120390
v 0.063662 -0.491481 -0.094839
v 0.091800 -0.481331 -0.144961
v 0.080497 -0.406026 -0.087283
v 0.194549 -0.431510 0.073351
v 0.203778 -0.421937 0.049761
v 0.174599 -0.384803 0.114937
v -0.038878 0.224437 -0.050427
v -0.038878 0.224437 -0.003189
v 0.019247 0.169085 -0.041948
v 0.019478 0.159629 -0.003189
v -0.038878 0.224437 -0.003189
v 0.019247 0.169085 0.042147
v 0.019478 0.159629 -0.003189
v -0.038878 0.224437 0.050683
v 0.255897 -0.231538 -0.122236
v 0.266509 -0.278589 -0.066519
v 0.200545 -0.289663 -0.117506
v 0.123392 -0.225315 -0.113757
v 0.134003 -0.272366 -0.050426
v 0.124546 -0.272596 -0.072172
v 0.255897 -0.231538 0.121569
v 0.200545 -0.289663 0.116840
v 0.266509 -0.278589 0.065795
v 0.099179 -0.396108 0.114014
v 0.091800 -0.481331 0.136682
v 0.063662 -0.491481 0.079984
v 0.080497 -0.406026 0.074332
v 0.123392 -0.225315 0.113033
v 0.124546 -0.272596 0.071448
v 0.134003 -0.272366 0.049761
v -0.038878 0.224437 0.050683
v 0.018785 0.187998 0.057316
v 0.019247 0.169085 0.042147
v -0.029421 0.224668 0.093192
v -0.028728 0.196299 0.098903
v 0.018785 0.187998 0.057316
v 0.018785 0.187998 -0.063693
v -0.038878 0.224437 -0.050427
v 0.019247 0.169085 -0.041948
v -0.029421 0.224668 -0.098646
v -0.028728 0.196299 -0.103376
v 0.018554 0.197454 -0.061789
v 0.194549 -0.431510 -0.074075
v 0.174599 -0.384803 -0.115660
v 0.203778 -0.421937 -0.051407
v 0.019486 -0.227854 -0.110931
v 0.010029 -0.228085 -0.000362
v -0.025716 -0.314117 -0.119410
v -0.025487 -0.323458 -0.000362
v 0.010029 -0.228085 -0.000362
v -0.025716 -0.314117 0.117763
v -0.025487 -0.323458 -0.000362
v 0.019486 -0.227854 0.110207
v 0.791102 -0.086105 -0.126966
v 0.819240 -0.075955 -0.187470
v 0.846226 -0.018639 -0.150614
v 0.836769 -0.018869 -0.119410
v 0.179082 0.201377 -0.065539
v 0.171009 0.144523 -0.110931
v 0.131916 0.200224 -0.109951
v 0.179082 0.201377 0.062046
v 0.131916 0.200224 0.106458
v 0.171009 0.144523 0.101728
v 0.791102 -0.086105 0.116840
v 0.836769 -0.018869 0.108304
v 0.846226 -0.018639 0.140431
v 0.819240 -0.075955 0.176364
v 0.071041 -0.406258 0.012904
v 0.063662 -0.491481 0.079984
v 0.054552 -0.501166 0.012904
v 0.080497 -0.406026 0.074332
v 0.080497 -0.406026 -0.087283
v 0.071041 -0.406258 0.012904
v 0.063662 -0.491481 -0.094839
v 0.054552 -0.501166 0.012904
v 0.121535 0.237819 -0.053253
v 0.112078 0.237588 -0.003189
v 0.179775 0.173008 -0.044774
v 0.180235 0.154210 -0.003189
v 0.112078 0.237588 -0.003189
v 0.179775 0.173008 0.045031
v 0.180235 0.154210 -0.003189
v 0.121535 0.237819 0.054432
v 0.500139 0.218686 -0.000362
v 0.518242 0.247515 -0.000362
v 0.537849 0.219607 0.031765
v 0.537849 0.219607 -0.033412
v 0.518242 0.247515 -0.000362
v 0.500139 0.218686 -0.000362
v 0.121535 0.237819 0.054432
v 0.179313 0.191921 0.062046
v 0.179775 0.173008 0.045031
v 0.131222 0.228594 0.099825
v 0.131916 0.200224 0.106458
v 0.179313 0.191921 0.062046
v 0.179313 0.191921 -0.067442
v 0.121535 0.237819 -0.053253
v 0.179775 0.173008 -0.044774
v 0.131222 0.228594 -0.106202
v 0.131916 0.200224 -0.109951
v 0.179082 0.201377 -0.065539
v 0.364190 -0.408555 -0.156266
v 0.401553 -0.388718 -0.111854
v 0.337204 -0.465871 -0.092013
v 0.337204 -0.465871 0.091289
v 0.401553 -0.388718 0.110207
v 0.364190 -0.408555 0.155600
v 0.275965 -0.278358 0.084714
v 0.330508 -0.191867 0.106458
v 0.293375 -0.221160 0.129126
v 0.275965 -0.278358 -0.092935
v 0.293375 -0.221160 -0.130772
v 0.330508 -0.191867 -0.107124
v 0.339965 -0.191635 -0.000362
v 0.330508 -0.191867 0.106458
v 0.275965 -0.278358 0.092270
v 0.285421 -0.278127 -0.000362
v 0.275965 -0.278358 -0.092935
v 0.330508 -0.191867 -0.107124
v 0.339965 -0.191635 -0.000362
v 0.285421 -0.278127 -0.000362
v 0.602436 -0.100178 -0.089186
v 0.601974 -0.081265 -0.057060
v 0.546853 -0.148846 -0.067442
v 0.546853 -0.148846 0.057316
v 0.601974 -0.081265 0.046877
v 0.602436 -0.100178 0.079003
v 0.554692 -0.082421 0.128145
v 0.602436 -0.100178 0.079003
v 0.601974 -0.081265 0.076177
v 0.556079 -0.139159 0.122493
v 0.556079 -0.139159 -0.133598
v 0.554692 -0.082421 -0.138328
v 0.602436 -0.100178 -0.089186
v 0.601974 -0.081265 -0.086360
v 0.601974 -0.081265 0.076177
v 0.590903 -0.015416 0.125319
v 0.554692 -0.082421 0.128145
v 0.601974 -0.081265 -0.086360
v 0.554692 -0.082421 -0.138328
v 0.590903 -0.015416 -0.129792
v 0.546853 -0.148846 -0.001285
v 0.601743 -0.071808 -0.001285
v 0.601974 -0.081265 0.046877
v 0.546853 -0.148846 0.057316
v 0.546853 -0.148846 -0.067442
v 0.601974 -0.081265 -0.057060
v 0.546853 -0.148846 -0.001285
v 0.601743 -0.071808 -0.001285
v 0.411010 -0.388487 -0.000362
v 0.401553 -0.388718 0.110207
v 0.337204 -0.465871 0.091289
v 0.337204 -0.465871 -0.000362
v 0.337204 -0.465871 -0.092013
v 0.401553 -0.388718 -0.111854
v 0.411010 -0.388487 -0.000362
v 0.337204 -0.465871 -0.000362
v 1.002365 0.164841 -0.000362
v 1.011132 0.193326 -0.000362
v 1.039501 0.194019 0.024209
v 1.039501 0.194019 -0.024933
v 1.011132 0.193326 -0.000362
v 1.002365 0.164841 -0.000362
v 0.772190 -0.086567 -0.000362
v 0.827082 -0.009644 -0.000362
v 0.836769 -0.018869 0.108304
v 0.791102 -0.086105 0.116840
v 0.791102 -0.086105 -0.126966
v 0.836769 -0.018869 -0.119410
v 0.772190 -0.086567 -0.000362
v 0.827082 -0.009644 -0.000362
v 1.090948 -0.362407 -0.092935
v 1.051967 -0.316050 -0.157247
v 1.099942 -0.343263 -0.092935
v 1.090948 -0.362407 0.093192
v 1.051967 -0.316050 0.153697
v 1.099942 -0.343263 0.089443
v 1.024984 -0.373481 -0.147788
v 1.006302 -0.383400 -0.082553
v 1.046206 -0.467468 -0.088205
v 1.064425 -0.438636 -0.187470
v 1.046206 -0.467468 0.078081
v 1.006302 -0.383400 0.072428
v 1.024984 -0.373481 0.147064
v 1.064425 -0.438636 0.186746
v 0.936990 -0.252741 -0.143058
v 0.927534 -0.252972 -0.073094
v 0.910467 -0.328970 -0.077824
v 0.929149 -0.319051 -0.177088
v 0.910467 -0.328970 0.067699
v 0.927534 -0.252972 0.062046
v 0.936990 -0.252741 0.132875
v 0.929149 -0.319051 0.166905
v 1.046206 -0.467468 -0.088205
v 1.006302 -0.383400 -0.082553
v 1.046206 -0.467468 0.000619
v 1.006072 -0.373944 0.000619
v 1.046206 -0.467468 0.000619
v 1.006072 -0.373944 0.000619
v 1.006302 -0.383400 0.072428
v 1.046206 -0.467468 0.078081
v 0.910467 -0.328970 -0.077824
v 0.927534 -0.252972 -0.073094
v 0.901242 -0.338657 -0.000362
v 0.917846 -0.243746 -0.000362
v 0.901242 -0.338657 -0.000362
v 0.917846 -0.243746 -0.000362
v 0.927534 -0.252972 0.062046
v 0.910467 -0.328970 0.067699
v 0.994422 -0.279723 0.085636
v 1.032823 -0.307056 0.140431
v 1.003533 -0.270039 0.082810
v 1.032823 -0.307056 -0.150614
v 0.994422 -0.279723 -0.095819
v 1.003533 -0.270039 -0.092935
v -2.053660 -0.108434 -0.000362
v -2.092295 -0.071530 -0.000362
v -2.092526 -0.062074 0.028939
v -2.053891 -0.098978 0.031765
v -2.092526 -0.062074 -0.029663
v -2.092295 -0.071530 -0.000362
v -2.053660 -0.108434 -0.000362
v -2.053891 -0.098978 -0.032489
v -1.978010 -0.106585 -0.000362
v -2.007303 -0.069453 -0.000362
v -2.007303 -0.069453 0.027035
v -1.978240 -0.097129 0.031765
v -2.007303 -0.069453 -0.027759
v -2.007303 -0.069453 -0.000362
v -1.978010 -0.106585 -0.000362
v -1.978240 -0.097129 -0.032489
v 1.064425 -0.438636 0.186746
v 1.130043 -0.418109 0.148967
v 1.046206 -0.467468 0.078081
v 1.139961 -0.436791 0.073351
v 1.064425 -0.438636 -0.187470
v 1.130043 -0.418109 -0.149633
v 1.046206 -0.467468 -0.088205
v 1.139961 -0.436791 -0.083534
v -1.893017 -0.104508 -0.000362
v -1.931767 -0.067607 -0.000362
v -1.931998 -0.058151 0.039320
v -1.893248 -0.095052 0.046877
v -1.931998 -0.058151 -0.040044
v -1.931767 -0.067607 -0.000362
v -1.893017 -0.104508 -0.000362
v -1.893248 -0.095052 -0.047601
v -1.798568 -0.102200 -0.000362
v -1.837087 -0.074756 -0.000362
v -1.837318 -0.065299 0.027035
v -1.798568 -0.102200 0.029919
v -1.837318 -0.065299 -0.027759
v -1.837087 -0.074756 -0.000362
v -1.798568 -0.102200 -0.000362
v -1.798568 -0.102200 -0.030585
v 1.139961 -0.436791 -0.083534
v 1.046206 -0.467468 -0.088205
v 1.046206 -0.467468 0.000619
v 1.139961 -0.436791 0.000619
v 1.046206 -0.467468 0.000619
v 1.046206 -0.467468 0.078081
v 1.139961 -0.436791 0.073351
v 1.139961 -0.436791 0.000619
v -1.713576 -0.100123 -0.000362
v -1.752210 -0.063219 -0.000362
v -1.752442 -0.053762 0.028015
v -1.713807 -0.090667 0.032745
v -1.752442 -0.053762 -0.028682
v -1.752210 -0.063219 -0.000362
v -1.713576 -0.100123 -0.000362
v -1.713807 -0.090667 -0.033411
v 0.914614 -0.111473 0.152716
v 0.970197 -0.062803 0.148967
v 0.904001 -0.064421 0.092269
v -1.192320 -0.153502 0.078081
v -1.259783 -0.098494 0.072428
v -1.250558 -0.088807 0.147064
v -1.193013 -0.125134 0.186746
v -1.192320 -0.153502 -0.088206
v -1.193013 -0.125134 -0.187470
v -1.250558 -0.088807 -0.147788
v -1.259783 -0.098494 -0.082553
v -1.192320 -0.153502 -0.088206
v -1.259783 -0.098494 -0.082553
v -1.192089 -0.162959 0.000619
v -1.269240 -0.098726 0.000619
v -1.192089 -0.162959 0.000619
v -1.269240 -0.098726 0.000619
v -1.259783 -0.098494 0.072428
v -1.192320 -0.153502 0.078081
v 0.478704 -0.452951 0.117763
v 0.376417 -0.521686 0.153697
v 0.403168 -0.454798 0.199032
v 0.376417 -0.521686 0.153697
v 0.319679 -0.523072 0.146140
v 0.318523 -0.475790 0.208491
v 0.252444 -0.477405 0.117763
v 0.318523 -0.475790 0.208491
v 0.478704 -0.452951 -0.118487
v 0.403168 -0.454798 -0.199755
v 0.376417 -0.521686 -0.154363
v 0.318523 -0.475790 -0.209215
v 0.319679 -0.523072 -0.146807
v 0.376417 -0.521686 -0.154363
v 0.318523 -0.475790 -0.209215
v 0.252444 -0.477405 -0.118487
v 0.376417 -0.521686 -0.154363
v 0.319679 -0.523072 -0.146807
v 0.327748 -0.466103 -0.091090
v 0.319679 -0.523072 0.146140
v 0.327748 -0.466103 0.090366
v 0.376417 -0.521686 0.153697
v -1.060277 -0.140813 -0.130772
v -1.108712 -0.094802 -0.122236
v -1.060045 -0.150270 -0.001285
v -1.108480 -0.104259 -0.001285
v -1.060045 -0.150270 -0.001285
v -1.108480 -0.104259 -0.001285
v -1.108712 -0.094802 0.124396
v -1.060277 -0.140813 0.132875
v -0.927540 -0.156493 -0.074997
v -0.928696 -0.109211 -0.182740
v -0.986124 -0.082344 -0.147788
v -0.995119 -0.101488 -0.070268
v -0.927540 -0.156493 0.064872
v -0.995119 -0.101488 0.060143
v -0.986124 -0.082344 0.136682
v -0.928696 -0.109211 0.172557
v 0.914614 -0.111473 -0.158169
v 0.904001 -0.064421 -0.097665
v 0.970197 -0.062803 -0.152517
v 0.885089 -0.064883 -0.101472
v 0.914614 -0.111473 -0.158169
v 0.858222 -0.122313 -0.152517
v -0.927540 -0.156493 -0.074997
v -0.995119 -0.101488 -0.070268
v -0.927078 -0.175407 -0.000362
v -0.994660 -0.120286 -0.000362
v -0.927078 -0.175407 -0.000362
v -0.994660 -0.120286 -0.000362
v -0.995119 -0.101488 0.060143
v -0.927540 -0.156493 0.064872
v -1.172724 0.206188 0.060143
v -1.163037 0.196963 0.110207
v -1.105259 0.151064 0.067698
v 0.091800 -0.481331 -0.144961
v 0.140237 -0.527458 -0.116584
v 0.063662 -0.491481 -0.094839
v 0.091800 -0.481331 0.136682
v 0.140237 -0.527458 0.096019
v 0.158919 -0.517539 0.125319
v 0.063662 -0.491481 0.079984
v -1.105259 0.151064 -0.074075
v -1.163037 0.196963 -0.116584
v -1.172724 0.206188 -0.058963
v -0.795265 -0.153261 -0.122236
v -0.853160 -0.107366 -0.114681
v -0.794803 -0.172174 -0.000362
v -0.862385 -0.117053 -0.000362
v -0.794803 -0.172174 -0.000362
v -0.862385 -0.117053 -0.000362
v -0.853160 -0.107366 0.103574
v -0.795265 -0.153261 0.112111
v 0.216214 0.230671 0.100748
v 0.225439 0.240358 0.055413
v 0.179313 0.191921 0.062046
v 0.179313 0.191921 -0.067442
v 0.225439 0.240358 -0.054234
v 0.216214 0.230671 -0.107124
v 0.914614 -0.111473 0.152716
v 0.904001 -0.064421 0.092269
v 0.885089 -0.064883 0.090366
v 0.858222 -0.122313 0.142334
v -1.002509 0.200886 0.050683
v -0.993052 0.201117 0.093192
v -0.944846 0.164448 0.057316
v -0.944846 0.164448 -0.063693
v -0.993052 0.201117 -0.098646
v -1.002509 0.200886 -0.050427
v 0.194549 -0.431510 0.073351
v 0.203778 -0.421937 0.049761
v 0.233300 -0.468411 0.114937
v -0.546628 -0.270076 -0.000362
v -0.623894 -0.205845 -0.000362
v -0.614438 -0.205614 0.130049
v -0.537402 -0.260388 0.122493
v -0.546628 -0.270076 -0.000362
v -0.537402 -0.260388 -0.123217
v -0.614438 -0.205614 -0.130772
v -0.623894 -0.205845 -0.000362
v 0.986581 -0.346034 -0.144961
v 0.929149 -0.319051 -0.177088
v 0.910467 -0.328970 -0.077824
v 0.986812 -0.355491 -0.073094
v 0.986581 -0.346034 0.134778
v 0.929149 -0.319051 0.166905
v 0.910467 -0.328970 0.067699
v 0.986812 -0.355491 0.062969
v 0.063662 -0.491481 -0.094839
v 0.054552 -0.501166 0.012904
v 0.149925 -0.536683 0.012904
v 0.140237 -0.527458 -0.116584
v 0.149925 -0.536683 0.012904
v 0.054552 -0.501166 0.012904
v 0.063662 -0.491481 0.079984
v 0.140237 -0.527458 0.096019
v -0.463944 -0.173550 0.208491
v -0.453335 -0.220485 0.151793
v -0.500155 -0.240554 0.155600
v -0.548474 -0.194540 0.199032
v -0.537402 -0.260388 0.122493
v -0.614438 -0.205614 0.130049
v -0.500155 -0.240554 0.155600
v -0.463944 -0.173550 -0.209215
v -0.500155 -0.240554 -0.156266
v -0.453335 -0.220485 -0.152517
v -0.548474 -0.194540 -0.199756
v -0.537402 -0.260388 -0.123217
v -0.500155 -0.240554 -0.156266
v -0.614438 -0.205614 -0.130772
v -1.287238 0.250584 0.035572
v -1.305692 0.231324 -0.000362
v -1.334520 0.249429 -0.000362
v -1.305692 0.231324 -0.000362
v -1.287238 0.250584 -0.037218
v -1.334520 0.249429 -0.000362
v 0.055571 0.226745 0.094173
v 0.065027 0.226976 0.051606
v 0.018785 0.187998 0.057316
v 0.018785 0.187998 -0.063693
v 0.065027 0.226976 -0.050427
v 0.055571 0.226745 -0.099568
v 0.194549 -0.431510 -0.074075
v 0.233300 -0.468411 -0.115660
v 0.203778 -0.421937 -0.051407
v -0.842096 0.214269 0.054432
v -0.832409 0.205043 0.099825
v -0.784202 0.168373 0.062046
v -0.784202 0.168373 -0.067442
v -0.832409 0.205043 -0.106202
v -0.842096 0.214269 -0.053253
v 0.318292 -0.466334 -0.066519
v 0.319679 -0.523072 -0.146807
v 0.252444 -0.477405 -0.118487
v 0.318292 -0.466334 0.065795
v 0.252444 -0.477405 0.117763
v 0.319679 -0.523072 0.146140
v -0.095501 0.223053 0.111188
v -0.086276 0.232741 0.061065
v -0.141627 0.174616 0.067698
v -0.141627 0.174616 -0.074075
v -0.086276 0.232741 -0.058963
v -0.095501 0.223053 -0.117506
v 1.039270 0.203476 0.055413
v 1.096240 0.195406 -0.000362
v 1.058414 0.194481 -0.000362
v 1.039501 0.194019 0.024209
v 1.058414 0.194481 -0.000362
v 1.039270 0.203476 -0.057060
v 1.039501 0.194019 -0.024933
v 1.096240 0.195406 -0.000362
v -0.025716 -0.314117 -0.119410
v -0.025487 -0.323458 -0.000362
v 0.060661 -0.368663 -0.109951
v 0.060891 -0.378119 -0.000362
v -0.025487 -0.323458 -0.000362
v 0.060661 -0.368663 0.109284
v 0.060891 -0.378119 -0.000362
v -0.025716 -0.314117 0.117763
v 0.277118 -0.325525 0.117763
v 0.200545 -0.289663 0.116840
v 0.257052 -0.278820 0.158426
v 0.277118 -0.325525 -0.118487
v 0.257052 -0.278820 -0.159093
v 0.200545 -0.289663 -0.117506
v -0.473400 -0.173781 -0.091090
v -0.500155 -0.240554 -0.156266
v -0.453335 -0.220485 -0.152517
v -0.463944 -0.173550 -0.066519
v -0.398096 -0.162478 -0.118487
v 0.536924 0.257433 0.043128
v 0.584437 0.249132 -0.000362
v 0.556299 0.238983 -0.000362
v 0.537155 0.247977 0.021382
v -0.473400 -0.173781 0.090366
v -0.500155 -0.240554 0.155600
v -0.453335 -0.220485 0.151793
v -0.398096 -0.162478 0.117763
v -0.463944 -0.173550 0.065795
v 0.536924 0.257433 -0.043793
v 0.537155 0.247977 -0.022106
v 0.556299 0.238983 -0.000362
v 0.584437 0.249132 -0.000362
v 0.376417 -0.521686 0.153697
v 0.423584 -0.520533 0.112111
v 0.337204 -0.465871 0.091289
v 0.327748 -0.466103 0.090366
v 0.327748 -0.466103 -0.091090
v 0.337204 -0.465871 -0.092013
v 0.376417 -0.521686 -0.154363
v 0.423584 -0.520533 -0.112776
v -0.690909 0.217964 0.060143
v -0.681221 0.208738 0.110207
v -0.623443 0.162840 0.067698
v -0.623443 0.162840 -0.074075
v -0.681221 0.208738 -0.116584
v -0.690909 0.217964 -0.058963
v -1.307297 -0.090193 -0.073094
v -1.392058 -0.101727 -0.077824
v -1.392058 -0.101727 -0.000362
v -1.307065 -0.099650 -0.000362
v -1.392058 -0.101727 -0.000362
v -1.392058 -0.101727 0.067699
v -1.307297 -0.090193 0.062969
v -1.307065 -0.099650 -0.000362
v 0.314597 -0.315147 0.128145
v 0.361879 -0.313991 0.111188
v 0.275965 -0.278358 0.084714
v -0.265601 0.218896 0.100748
v -0.256375 0.228583 0.055413
v -0.302502 0.180146 0.062046
v -0.302502 0.180146 -0.067442
v -0.256375 0.228583 -0.054234
v -0.265601 0.218896 -0.107124
v 0.384469 0.310364 0.035572
v 0.431866 0.302060 -0.000362
v 0.403728 0.291911 -0.000362
v 0.384699 0.300907 0.017634
v 0.403728 0.291911 -0.000362
v 0.384469 0.310364 -0.037218
v 0.384699 0.300907 -0.018300
v 0.431866 0.302060 -0.000362
v 0.361879 -0.313991 -0.111854
v 0.314597 -0.315147 -0.128869
v 0.275965 -0.278358 -0.092935
v 0.986812 -0.355491 -0.073094
v 0.910467 -0.328970 -0.077824
v 0.901242 -0.338657 -0.000362
v 0.986812 -0.355491 -0.000362
v 0.901242 -0.338657 -0.000362
v 0.910467 -0.328970 0.067699
v 0.986812 -0.355491 0.062969
v 0.986812 -0.355491 -0.000362
v 0.423815 -0.529990 -0.000362
v 0.337204 -0.465871 -0.000362
v 0.337204 -0.465871 0.091289
v 0.423584 -0.520533 0.112111
v 0.423584 -0.520533 -0.112776
v 0.337204 -0.465871 -0.092013
v 0.423815 -0.529990 -0.000362
v 0.337204 -0.465871 -0.000362
v 0.266509 -0.278589 -0.066519
v 0.277118 -0.325525 -0.118487
v 0.200545 -0.289663 -0.117506
v 0.266509 -0.278589 0.065795
v 0.200545 -0.289663 0.116840
v 0.277118 -0.325525 0.117763
v -0.520693 0.212661 0.050683
v -0.511237 0.212893 0.093192
v -0.463030 0.176222 0.057316
v -0.463030 0.176222 -0.063693
v -0.511237 0.212893 -0.098646
v -0.520693 0.212661 -0.050427
v -1.373838 -0.072896 -0.177088
v -1.307527 -0.080737 -0.144961
v -1.392058 -0.101727 -0.077824
v -1.307297 -0.090193 -0.073094
v 0.362110 -0.323447 -0.000362
v 0.285421 -0.278127 -0.000362
v 0.275965 -0.278358 0.092270
v 0.361879 -0.313991 0.111188
v 0.361879 -0.313991 -0.111854
v 0.275965 -0.278358 -0.092935
v 0.362110 -0.323447 -0.000362
v 0.285421 -0.278127 -0.000362
v -1.373838 -0.072896 0.166905
v -1.307527 -0.080737 0.134778
v -1.392058 -0.101727 0.067699
v -1.307297 -0.090193 0.062969
v -0.730342 -0.104363 -0.115661
v -0.795265 -0.153261 -0.122236
v -0.794803 -0.172174 -0.000362
v -0.730111 -0.113820 -0.000362
v -0.794803 -0.172174 -0.000362
v -0.795265 -0.153261 0.112111
v -0.730342 -0.104363 0.104555
v -0.730111 -0.113820 -0.000362
v -0.426245 0.214970 0.094173
v -0.416788 0.215201 0.051606
v -0.463030 0.176222 0.057316
v -0.463030 0.176222 -0.063693
v -0.416788 0.215201 -0.050427
v -0.426245 0.214970 -0.099568
v 0.858222 -0.122313 -0.152517
v 0.791102 -0.086105 -0.126966
v 0.819240 -0.075955 -0.187470
v 0.858453 -0.131769 -0.120390
v -0.360281 0.226044 0.054432
v -0.350593 0.216818 0.099825
v -0.302502 0.180146 0.062046
v -0.302502 0.180146 -0.067442
v -0.350593 0.216818 -0.106202
v -0.360281 0.226044 -0.053253
v -0.927078 -0.175407 -0.000362
v -0.927540 -0.156493 0.064872
v -0.872301 -0.098486 0.060143
v -0.871842 -0.117284 -0.000362
v -0.872301 -0.098486 -0.070268
v -0.927540 -0.156493 -0.074997
v -0.927078 -0.175407 -0.000362
v -0.871842 -0.117284 -0.000362
v -0.882220 -0.079805 -0.148710
v -0.928696 -0.109211 -0.182740
v -0.927540 -0.156493 -0.074997
v -0.872301 -0.098486 -0.070268
v -0.882220 -0.079805 0.138585
v -0.928696 -0.109211 0.172557
v -0.927540 -0.156493 0.064872
v -0.872301 -0.098486 0.060143
v -0.577316 0.211278 0.111188
v -0.568091 0.220965 0.061065
v -0.623443 0.162840 0.067698
v -0.623443 0.162840 -0.074075
v -0.568091 0.220965 -0.058963
v -0.577316 0.211278 -0.117506
v -0.209093 0.229739 0.060143
v -0.199406 0.220513 0.110207
v -0.141627 0.174616 0.067698
v -0.141627 0.174616 -0.074075
v -0.199406 0.220513 -0.116584
v -0.209093 0.229739 -0.058963
v -1.014147 -0.092491 -0.123217
v -1.060277 -0.140813 -0.130772
v -1.060045 -0.150270 -0.001285
v -1.013916 -0.101948 -0.001285
v -1.060045 -0.150270 -0.001285
v -1.060277 -0.140813 0.132875
v -1.014147 -0.092491 0.125319
v -1.013916 -0.101948 -0.001285
v -0.747416 0.207121 0.100748
v -0.738191 0.216808 0.055413
v -0.784202 0.168373 0.062046
v -0.784202 0.168373 -0.067442
v -0.738191 0.216808 -0.054234
v -0.747416 0.207121 -0.107124
v -1.127855 -0.085808 -0.149633
v -1.193013 -0.125134 -0.187470
v -1.192320 -0.153502 -0.088206
v -1.118168 -0.095033 -0.083534
v -1.127855 -0.085808 0.148967
v -1.193013 -0.125134 0.186746
v -1.192320 -0.153502 0.078081
v -1.118168 -0.095033 0.073351
v -1.118168 -0.095033 -0.083534
v -1.192320 -0.153502 -0.088206
v -1.192089 -0.162959 0.000619
v -1.118168 -0.095033 0.000619
v -1.192089 -0.162959 0.000619
v -1.192320 -0.153502 0.078081
v -1.118168 -0.095033 0.073351
v -1.118168 -0.095033 0.000619
v -1.287238 0.250584 0.035572
v -1.239844 0.242396 -0.000362
v -1.267867 0.232249 -0.000362
v -1.286779 0.231787 0.017634
v -1.267867 0.232249 -0.000362
v -1.287238 0.250584 -0.037218
v -1.286779 0.231787 -0.018300
v -1.239844 0.242396 -0.000362
v 0.679117 0.241984 0.047857
v 0.726861 0.224227 -0.000362
v 0.698261 0.232990 -0.000362
v 0.669892 0.232297 0.023286
v 0.698261 0.232990 -0.000362
v 0.679117 0.241984 -0.049504
v 0.669892 0.232297 -0.023952
v 0.726861 0.224227 -0.000362
v 0.614201 -0.194395 -0.072172
v 0.546853 -0.148846 -0.067442
v 0.614432 -0.203852 -0.001285
v 0.546853 -0.148846 -0.001285
v 0.614432 -0.203852 -0.001285
v 0.546853 -0.148846 -0.001285
v 0.546853 -0.148846 0.057316
v 0.614201 -0.194395 0.062046
v -0.038878 0.224437 0.050683
v -0.029421 0.224668 0.093192
v 0.018785 0.187998 0.057316
v 0.018785 0.187998 -0.063693
v -0.029421 0.224668 -0.098646
v -0.038878 0.224437 -0.050427
v 0.556079 -0.139159 -0.133598
v 0.546853 -0.148846 -0.067442
v 0.614201 -0.194395 -0.072172
v 0.613510 -0.166142 -0.164802
v -0.944846 0.164448 -0.063693
v -0.898603 0.203426 -0.050427
v -0.907945 0.203197 -0.099568
v -0.907945 0.203197 0.094173
v -0.898603 0.203426 0.051606
v -0.944846 0.164448 0.057316
v 0.614201 -0.194395 0.062046
v 0.546853 -0.148846 0.057316
v 0.556079 -0.139159 0.122493
v 0.613510 -0.166141 0.154619
v 0.839772 -0.141687 -0.000362
v 0.772190 -0.086567 -0.000362
v 0.791102 -0.086105 0.116840
v 0.858453 -0.131769 0.109284
v 0.858222 -0.122313 0.142334
v 0.858453 -0.131769 0.109284
v 0.819240 -0.075955 0.176364
v 0.384469 0.310364 0.035572
v 0.365787 0.300445 -0.000362
v 0.337187 0.309208 -0.000362
v 0.365787 0.300445 -0.000362
v 0.384469 0.310364 -0.037218
v 0.337187 0.309208 -0.000362
v 0.121535 0.237819 0.054432
v 0.131222 0.228594 0.099825
v 0.179313 0.191921 0.062046
v 0.179313 0.191921 -0.067442
v 0.131222 0.228594 -0.106202
v 0.121535 0.237819 -0.053253
v -1.059131 0.199502 0.111188
v -1.049906 0.209189 0.061065
v -1.105259 0.151064 0.067698
v -1.105259 0.151064 -0.074075
v -1.049906 0.209189 -0.058963
v -1.059131 0.199502 -0.117506
v 0.489758 0.256281 -0.000362
v 0.536924 0.257433 0.043128
v 0.537155 0.247977 0.021382
v 0.518242 0.247515 -0.000362
v 0.489758 0.256281 -0.000362
v 0.518242 0.247515 -0.000362
v 0.537155 0.247977 -0.022106
v 0.536924 0.257433 -0.043793
v 0.839772 -0.141687 -0.000362
v 0.858453 -0.131769 -0.120390
v 0.791102 -0.086105 -0.126966
v 0.772190 -0.086567 -0.000362
v 0.982647 0.202092 -0.000362
v 1.039270 0.203476 0.055413
v 1.039501 0.194019 0.024209
v 1.011132 0.193326 -0.000362
v 0.982647 0.202092 -0.000362
v 1.011132 0.193326 -0.000362
v 1.039501 0.194019 -0.024933
v 1.039270 0.203476 -0.057060
v 0.669892 0.232297 0.023286
v 0.650748 0.241291 -0.000362
v 0.631488 0.259744 -0.000362
v 0.679117 0.241984 0.047857
v 0.631488 0.259744 -0.000362
v 0.650748 0.241291 -0.000362
v 0.669892 0.232297 -0.023952
v 0.679117 0.241984 -0.049504
v -1.713576 -0.100123 -0.000362
v -1.676906 -0.051916 0.028015
v -1.676674 -0.061373 -0.000362
v -1.713807 -0.090667 0.032745
v -1.713807 -0.090667 -0.033411
v -1.713576 -0.100123 -0.000362
v -1.676906 -0.051916 -0.028682
v -1.676674 -0.061373 -0.000362
v -1.798568 -0.102200 -0.000362
v -1.771124 -0.063681 0.027035
v -1.770892 -0.073138 -0.000362
v -1.798568 -0.102200 0.029919
v -1.798568 -0.102200 -0.030585
v -1.798568 -0.102200 -0.000362
v -1.771124 -0.063681 -0.027759
v -1.770892 -0.073138 -0.000362
v -1.893017 -0.104508 -0.000362
v -1.846891 -0.056071 0.039320
v -1.846659 -0.065527 -0.000362
v -1.893248 -0.095052 0.046877
v -1.893248 -0.095052 -0.047601
v -1.893017 -0.104508 -0.000362
v -1.846891 -0.056071 -0.040044
v -1.846659 -0.065527 -0.000362
v -1.978010 -0.106585 -0.000362
v -1.941224 -0.067838 0.027035
v -1.940992 -0.077295 -0.000362
v -1.978240 -0.097129 0.031765
v -1.978240 -0.097129 -0.032489
v -1.978010 -0.106585 -0.000362
v -1.941224 -0.067838 -0.027759
v -1.940992 -0.077295 -0.000362
v -2.053660 -0.108434 -0.000362
v -2.016991 -0.060228 0.028939
v -2.016759 -0.069684 -0.000362
v -2.053891 -0.098978 0.031765
v -2.053891 -0.098978 -0.032489
v -2.053660 -0.108434 -0.000362
v -2.016991 -0.060228 -0.029663
v -2.016759 -0.069684 -0.000362
v 0.986581 -0.346034 0.134778
v 0.994422 -0.279723 0.085636
v 1.032823 -0.307056 0.140431
v 0.904001 -0.064421 -0.099568
v 0.885089 -0.064883 -0.101472
v 0.858453 -0.131769 -0.120390
v -1.979858 -0.030934 -0.076901
v -1.998771 -0.031396 -0.053253
v -1.998309 -0.050309 -0.046677
v -1.978934 -0.068760 -0.065539
v 1.130043 -0.418109 -0.149633
v 1.147571 -0.361024 -0.160073
v 1.099711 -0.333808 -0.205408
v 1.064425 -0.438636 -0.187470
v -2.055740 -0.023327 -0.080650
v -2.074884 -0.014332 -0.059886
v -2.083532 -0.042930 -0.051407
v -2.054816 -0.061152 -0.068364
v -1.923004 -0.039007 0.052586
v -1.895328 -0.009945 0.026112
v -1.895328 -0.009945 0.024209
v 1.058414 0.194481 -0.000362
v 1.039501 0.194019 -0.024933
v 1.040192 0.165766 -0.039122
v 0.885089 -0.064883 -0.101472
v 0.904001 -0.064421 -0.099568
v 0.836769 -0.018869 -0.119410
v -1.923697 -0.010637 0.052586
v -1.923004 -0.039007 0.052586
v -1.895328 -0.009945 0.024209
v -1.895328 -0.009945 0.023286
v -1.894172 -0.057226 -0.075978
v -1.923004 -0.039007 -0.053253
v -1.931998 -0.058151 -0.040044
v -1.893248 -0.095052 -0.047601
v -2.055740 -0.023327 -0.080650
v -2.056662 0.014383 -0.055156
v -2.074884 -0.014332 -0.059886
v -1.800417 -0.026548 -0.075978
v -1.828786 -0.027242 -0.055156
v -1.828324 -0.046155 -0.049504
v -1.799492 -0.064375 -0.066519
v -1.895328 -0.009945 -0.076901
v -1.923697 -0.010637 -0.053253
v -1.923004 -0.039007 -0.053253
v -1.894172 -0.057226 -0.075978
v 1.104309 0.252376 -0.000362
v 1.066252 0.260907 -0.035315
v 1.048033 0.232076 -0.047601
v 1.103616 0.280745 -0.019222
v 1.113188 0.271517 -0.000362
v 1.150552 0.291354 -0.000362
v 1.103616 0.280745 -0.019222
v 0.601974 -0.081265 -0.176107
v 0.613510 -0.166142 -0.164802
v 0.659753 -0.127163 -0.134522
v 0.648910 -0.070655 -0.140231
v 0.913458 -0.064191 -0.200678
v 0.914614 -0.111473 -0.158169
v 0.970197 -0.062803 -0.152517
v -1.923697 -0.010637 0.052586
v -1.895328 -0.009945 0.023286
v -1.896249 0.027766 0.048780
v -1.394138 -0.016619 -0.143058
v -1.318832 -0.005317 -0.190297
v -1.373838 -0.072896 -0.177088
v -1.347892 0.022244 -0.148710
v -1.895328 -0.009945 -0.076901
v -1.896249 0.027766 -0.050426
v -1.923697 -0.010637 -0.053253
v -1.715656 -0.015016 -0.081631
v -1.743909 -0.015705 -0.056079
v -1.743447 -0.034619 -0.048523
v -1.714732 -0.052841 -0.069345
v -1.800417 -0.026548 -0.075978
v -1.801339 0.011162 -0.047601
v -1.828786 -0.027242 -0.055156
v -1.715656 -0.015016 -0.081631
v -1.716577 0.022695 -0.050426
v -1.743909 -0.015705 -0.056079
v -1.163037 0.196963 -0.116584
v -1.107569 0.245629 -0.145884
v -1.105489 0.160521 -0.157247
v -1.152656 0.159368 -0.121314
v -1.250558 -0.088807 -0.147788
v -1.195552 -0.021228 -0.205408
v -1.193013 -0.125134 -0.187470
v -1.242834 -0.022384 -0.157247
v 0.735624 0.252827 -0.000362
v 0.706793 0.271046 -0.039122
v 0.726861 0.224227 -0.000362
v 0.679117 0.241984 -0.049504
v 0.233300 -0.468411 -0.115660
v 0.269279 -0.391951 -0.118487
v 0.213234 -0.421707 -0.159093
v 0.902849 -0.017254 -0.157247
v 0.913458 -0.064191 -0.200678
v 0.970197 -0.062803 -0.152517
v 0.753728 0.281656 -0.000362
v 0.734700 0.290653 -0.028682
v 0.735624 0.252827 -0.000362
v 0.706793 0.271046 -0.039122
v 0.179082 0.201377 -0.143058
v 0.217138 0.192846 -0.111854
v 0.216214 0.230671 -0.107124
v 0.177465 0.267572 -0.133599
v 0.592047 0.324899 -0.000362
v 0.610498 0.344274 -0.000362
v 0.582360 0.334124 -0.015474
v 0.582360 0.334124 -0.015474
v 0.582822 0.315212 -0.000362
v 0.554453 0.314518 -0.026836
v 0.545687 0.286033 -0.037218
v 0.583744 0.277502 -0.000362
v 0.398090 -0.246988 -0.112776
v 0.341583 -0.257830 -0.160073
v 0.361879 -0.313991 -0.111854
v 0.314597 -0.315147 -0.128869
v -1.270636 0.345611 -0.023030
v -1.289781 0.354605 -0.000362
v -1.279399 0.317010 -0.030585
v -1.317226 0.316086 -0.000362
v 0.478704 -0.452951 -0.118487
v 0.376417 -0.521686 -0.154363
v 0.423584 -0.520533 -0.112776
v 0.403168 -0.454798 -0.199755
v 0.318523 -0.475790 -0.209215
v 0.376417 -0.521686 -0.154363
v 0.403728 0.291911 -0.000362
v 0.384699 0.300907 -0.018300
v 0.385390 0.272654 -0.027759
v 0.413644 0.273345 -0.000362
v -1.285161 0.165592 -0.027759
v -1.286779 0.231787 -0.018300
v -1.305692 0.231324 -0.000362
v -1.322987 0.164668 -0.000362
v -1.279399 0.317010 -0.030585
v -1.317226 0.316086 -0.000362
v -1.287238 0.250584 -0.037218
v -1.334520 0.249429 -0.000362
v 0.154069 -0.319070 -0.109951
v 0.209077 -0.251607 -0.111854
v 0.143460 -0.272134 -0.156266
v -1.242834 -0.022384 -0.157247
v -1.195552 -0.021228 -0.205408
v -1.197399 0.054308 -0.143058
v 0.431172 0.330429 -0.000362
v 0.393232 0.338964 -0.030585
v 0.384469 0.310364 -0.037218
v 0.431866 0.302060 -0.000362
v 0.431172 0.330429 -0.000362
v 0.401879 0.367562 -0.023030
v 0.430248 0.368256 -0.000362
v 0.601974 -0.081265 -0.176107
v 0.648910 -0.070655 -0.140231
v 0.590903 -0.015416 -0.129792
v -1.062816 -0.036908 -0.178934
v -1.100641 -0.037833 -0.147788
v -1.099487 -0.085115 -0.145884
v -1.061198 -0.103103 -0.173281
v -0.993052 0.201117 -0.098646
v -0.946694 0.240099 -0.124139
v -0.945076 0.173903 -0.133599
v -0.992359 0.172748 -0.103376
v -0.953149 0.117049 -0.111854
v -0.945076 0.173903 -0.133599
v 0.018554 0.197454 -0.133599
v 0.056495 0.188919 -0.104298
v 0.055571 0.226745 -0.099568
v 0.016936 0.263649 -0.124139
v -1.100641 -0.037833 -0.147788
v -1.062816 -0.036908 -0.178934
v -1.063972 0.010374 -0.145884
v -0.986124 -0.082344 -0.147788
v -0.940229 -0.024450 -0.190297
v -0.928696 -0.109211 -0.182740
v -0.978055 -0.025375 -0.149633
v -0.832409 0.205043 -0.106202
v -0.786051 0.244024 -0.133599
v -0.784433 0.177830 -0.143058
v -0.831715 0.176674 -0.109951
v 0.772410 0.291575 -0.000362
v 0.790864 0.310835 -0.000362
v 0.753038 0.309909 -0.015474
v 0.753728 0.281656 -0.000362
v 0.753038 0.309909 -0.015474
v 0.734700 0.290653 -0.028682
v -0.978055 -0.025375 -0.149633
v -0.940229 -0.024450 -0.190297
v -0.941613 0.032173 -0.144961
v 0.129164 -0.461494 -0.161918
v 0.158919 -0.517539 -0.136425
v 0.186710 -0.497936 -0.125062
v 0.091800 -0.481331 -0.144961
v 0.140237 -0.527458 -0.116584
v 0.158919 -0.517539 -0.136425
v 0.233300 -0.468411 -0.115660
v 0.213234 -0.421707 -0.159093
v 0.129164 -0.461494 -0.161918
v 0.049704 -0.302812 -0.158169
v 0.107249 -0.339138 -0.122236
v 0.143460 -0.272134 -0.156266
v 0.154069 -0.319070 -0.109951
v 0.277118 -0.325525 0.117763
v 0.275965 -0.278358 0.084714
v 0.314597 -0.315147 0.128145
v -0.141859 0.184071 -0.157247
v -0.104033 0.184997 -0.122236
v -0.095501 0.223053 -0.117506
v -0.143938 0.269179 -0.145884
v -0.798498 -0.020986 -0.192200
v -0.845780 -0.022142 -0.150614
v -0.844394 -0.078881 -0.144961
v -0.796190 -0.115435 -0.179914
v -1.062816 -0.036908 0.113033
v -1.100641 -0.037833 0.143315
v -1.099487 -0.085115 0.141411
v -1.152656 0.159368 -0.121314
v -1.113561 0.103667 -0.108105
v -1.105489 0.160521 -0.157247
v 0.179082 0.201377 -0.143058
v 0.171009 0.144523 -0.110931
v 0.217138 0.192846 -0.111854
v -0.845780 -0.022142 -0.150614
v -0.798498 -0.020986 -0.192200
v -0.800113 0.045093 -0.145884
v 0.439473 0.377943 -0.000362
v 0.457924 0.397318 -0.000362
v 0.429786 0.387168 -0.012647
v 0.429786 0.387168 -0.012647
v 0.430248 0.368256 -0.000362
v 0.401879 0.367562 -0.023030
v -0.681221 0.208738 -0.116584
v -0.625754 0.257404 -0.145884
v -0.623674 0.172297 -0.157247
v -0.670840 0.171144 -0.121314
v 0.257052 -0.278820 -0.159093
v 0.314597 -0.315147 -0.128869
v 0.341583 -0.257830 -0.160073
v 0.277118 -0.325525 -0.118487
v -1.062816 -0.036908 0.113033
v -1.063972 0.010374 0.142334
v -1.100641 -0.037833 0.143315
v 0.018554 0.197454 -0.133599
v 0.010481 0.140599 -0.109951
v 0.056495 0.188919 -0.104298
v 0.194549 -0.431510 0.073351
v 0.194549 -0.431510 0.075254
v 0.186710 -0.497936 0.124396
v 0.233300 -0.468411 0.114937
v 0.158919 -0.517539 0.125319
v -0.302733 0.189602 -0.143058
v -0.264676 0.181070 -0.111854
v -0.265601 0.218896 -0.107124
v -0.304351 0.255797 -0.133599
v 0.986581 -0.346034 -0.144961
v 1.032823 -0.307056 -0.150614
v 1.012988 -0.269807 -0.190297
v 0.929149 -0.319051 -0.177088
v -0.463944 -0.173550 -0.209215
v -0.548474 -0.194540 -0.199756
v -0.500155 -0.240554 -0.156266
v -1.305692 0.231324 -0.000362
v -1.286779 0.231787 -0.018300
v -1.287238 0.250584 -0.037218
v 0.060661 -0.368663 -0.109951
v 0.049704 -0.302812 -0.158169
v -0.025716 -0.314117 -0.119410
v 0.107249 -0.339138 -0.122236
v -0.831715 0.176674 -0.109951
v -0.792506 0.120976 -0.109951
v -0.784433 0.177830 -0.143058
v -1.394138 -0.016619 0.132874
v -1.328058 -0.015004 0.085636
v -1.347892 0.022244 0.138585
v 0.330508 -0.191867 -0.107124
v 0.293375 -0.221160 -0.130772
v 0.341583 -0.257830 -0.160073
v 0.398090 -0.246988 -0.112776
v -0.511237 0.212893 -0.098646
v -0.464879 0.251873 -0.124139
v -0.463262 0.185679 -0.133599
v -0.510544 0.184523 -0.103376
v -0.471334 0.128825 -0.109028
v -0.463262 0.185679 -0.133599
v -0.141859 0.184071 -0.157247
v -0.149931 0.127217 -0.109951
v -0.104033 0.184997 -0.122236
v -0.463262 0.185679 -0.133599
v -0.425320 0.177144 -0.104298
v -0.426245 0.214970 -0.099568
v -0.464879 0.251873 -0.124139
v 0.107249 -0.339138 0.121569
v 0.060661 -0.368663 0.109284
v 0.115091 -0.272828 0.086617
v -0.670840 0.171144 -0.121314
v -0.631746 0.115442 -0.107124
v -0.623674 0.172297 -0.157247
v -0.521838 -0.127654 -0.154363
v -0.578461 -0.129038 -0.124139
v -0.548474 -0.194540 -0.199756
v -0.302733 0.189602 -0.143058
v -0.310690 0.132750 -0.109951
v -0.264676 0.181070 -0.111854
v 0.154069 -0.319070 0.109284
v 0.107249 -0.339138 0.121569
v 0.124546 -0.272596 0.071448
v -0.350593 0.216818 -0.106202
v -0.304351 0.255797 -0.133599
v -0.302733 0.189602 -0.143058
v -0.349900 0.188450 -0.109951
v -0.310690 0.132750 -0.109951
v -0.302733 0.189602 -0.143058
v -0.623674 0.172297 -0.157247
v -0.585848 0.173221 -0.122236
v -0.577316 0.211278 -0.117506
v -0.625754 0.257404 -0.145884
v -0.463944 -0.173550 -0.209215
v -0.521838 -0.127654 -0.154363
v -0.548474 -0.194540 -0.199756
v -0.463262 0.185679 -0.133599
v -0.471334 0.128825 -0.109028
v -0.425320 0.177144 -0.104298
v 0.143460 -0.272134 -0.156266
v 0.123392 -0.225315 -0.113757
v 0.066883 -0.236158 -0.124139
v 0.049704 -0.302812 -0.158169
v 0.209077 -0.251607 -0.111854
v -0.199406 0.220513 -0.116584
v -0.143938 0.269179 -0.145884
v -0.141859 0.184071 -0.157247
v -0.189141 0.182917 -0.121314
v -0.798498 -0.020986 -0.192200
v -0.751332 -0.019834 -0.152517
v -0.800113 0.045093 -0.145884
v -0.784433 0.177830 -0.143058
v -0.746492 0.169294 -0.111854
v -0.747416 0.207121 -0.107124
v -0.786051 0.244024 -0.133599
v -0.623674 0.172297 -0.157247
v -0.631746 0.115442 -0.107124
v -0.585848 0.173221 -0.122236
v -0.798498 -0.020986 -0.192200
v -0.796190 -0.115435 -0.179914
v -0.740489 -0.076341 -0.146807
v -0.751332 -0.019834 -0.152517
v -1.307527 -0.080737 -0.144961
v -1.280314 -0.032762 -0.150614
v -1.318832 -0.005317 -0.190297
v -1.373838 -0.072896 -0.177088
v -0.189141 0.182917 -0.121314
v -0.149931 0.127217 -0.109951
v -0.141859 0.184071 -0.157247
v 0.049704 -0.302812 -0.158169
v 0.066883 -0.236158 -0.124139
v 0.019486 -0.227854 -0.110931
v -0.025716 -0.314117 -0.119410
v -0.940229 -0.024450 -0.190297
v -0.893063 -0.023298 -0.150614
v -0.941613 0.032173 -0.144961
v -0.784433 0.177830 -0.143058
v -0.792506 0.120976 -0.109951
v -0.746492 0.169294 -0.111854
v 0.913458 -0.064191 -0.200678
v 0.819240 -0.075955 -0.187470
v 0.858222 -0.122313 -0.152517
v 0.914614 -0.111473 -0.158169
v 0.364190 -0.408555 -0.156266
v 0.318523 -0.475790 -0.209215
v 0.403168 -0.454798 -0.199755
v 0.127549 -0.395415 -0.126966
v 0.129164 -0.461494 -0.161918
v 0.213234 -0.421707 -0.159093
v 0.174599 -0.384803 -0.115660
v -0.029421 0.224668 -0.098646
v 0.016936 0.263649 -0.124139
v 0.018554 0.197454 -0.133599
v -0.028728 0.196299 -0.103376
v 0.010481 0.140599 -0.109951
v 0.018554 0.197454 -0.133599
v 0.066883 -0.236158 0.122493
v 0.115091 -0.272828 0.086617
v 0.124546 -0.272596 0.071448
v -0.945076 0.173903 -0.133599
v -0.907020 0.165372 -0.104298
v -0.907945 0.203197 -0.099568
v -0.946694 0.240099 -0.124139
v -0.940229 -0.024450 -0.190297
v -0.928696 -0.109211 -0.182740
v -0.882220 -0.079805 -0.148710
v -0.893063 -0.023298 -0.150614
v 0.293375 -0.221160 -0.130772
v 0.255897 -0.231538 -0.122236
v 0.257052 -0.278820 -0.159093
v 0.341583 -0.257830 -0.160073
v 0.200545 -0.289663 -0.117506
v -1.062816 -0.036908 -0.178934
v -1.034447 -0.036215 -0.148710
v -1.063972 0.010374 -0.145884
v -0.945076 0.173903 -0.133599
v -0.953149 0.117049 -0.111854
v -0.907020 0.165372 -0.104298
v -1.195552 -0.021228 -0.205408
v -1.138815 -0.019842 -0.160073
v -1.197399 0.054308 -0.143058
v -1.062816 -0.036908 -0.178934
v -1.061198 -0.103103 -0.173281
v -1.023835 -0.083266 -0.146807
v -1.034447 -0.036215 -0.148710
v 0.401879 0.367562 -0.023030
v 0.382851 0.376559 -0.000362
v 0.393232 0.338964 -0.030585
v 0.355175 0.347497 -0.000362
v 0.706793 0.271046 -0.039122
v 0.668505 0.289035 -0.000362
v 0.679117 0.241984 -0.049504
v 0.631488 0.259744 -0.000362
v 0.131222 0.228594 -0.106202
v 0.177465 0.267572 -0.133599
v 0.179082 0.201377 -0.143058
v 0.131916 0.200224 -0.109951
v 0.171009 0.144523 -0.110931
v 0.179082 0.201377 -0.143058
v -1.105489 0.160521 -0.157247
v -1.067664 0.161445 -0.122236
v -1.059131 0.199502 -0.117506
v -1.107569 0.245629 -0.145884
v 0.355175 0.347497 -0.000362
v 0.384469 0.310364 -0.037218
v 0.393232 0.338964 -0.030585
v 0.337187 0.309208 -0.000362
v -1.105489 0.160521 -0.157247
v -1.113561 0.103667 -0.108105
v -1.067664 0.161445 -0.122236
v -1.195552 -0.021228 -0.205408
v -1.193013 -0.125134 -0.187470
v -1.127855 -0.085808 -0.149633
v -1.138815 -0.019842 -0.160073
v 0.385390 0.272654 -0.027759
v 0.384699 0.300907 -0.018300
v 0.365787 0.300445 -0.000362
v 0.347565 0.271730 -0.000362
v 0.129164 -0.461494 -0.161918
v 0.127549 -0.395415 -0.126966
v 0.099179 -0.396108 -0.120390
v 0.091800 -0.481331 -0.144961
v 0.127549 -0.395415 0.125319
v 0.194549 -0.431510 0.075254
v 0.194549 -0.431510 0.073351
v 0.174599 -0.384803 0.114937
v 0.127549 -0.395415 0.125319
v 0.554453 0.314518 -0.026836
v 0.535309 0.323513 -0.000362
v 0.545687 0.286033 -0.037218
v 0.507749 0.294453 -0.000362
v 0.255897 -0.231538 0.121569
v 0.275965 -0.278358 0.084714
v 0.293375 -0.221160 0.129126
v 0.123392 -0.225315 0.113033
v 0.066883 -0.236158 0.122493
v 0.124546 -0.272596 0.071448
v -1.034447 -0.036215 0.145160
v -1.063972 0.010374 0.142334
v -1.062816 -0.036908 0.113033
v 0.507749 0.294453 -0.000362
v 0.536924 0.257433 -0.043793
v 0.545687 0.286033 -0.037218
v 0.489758 0.256281 -0.000362
v 0.846226 -0.018639 -0.150614
v 0.819240 -0.075955 -0.187470
v 0.913458 -0.064191 -0.200678
v 0.902849 -0.017254 -0.157247
v 0.613510 -0.166142 -0.164802
v 0.601974 -0.081265 -0.176107
v 0.556079 -0.139159 -0.133598
v 0.554692 -0.082421 -0.138328
v -1.267867 0.232249 -0.000362
v -1.286779 0.231787 -0.018300
v -1.285161 0.165592 -0.027759
v -1.256792 0.166286 -0.000362
v 1.066252 0.260907 -0.035315
v 1.037652 0.269670 -0.000362
v 1.048033 0.232076 -0.047601
v 1.009745 0.250065 -0.000362
v -1.241459 0.308476 -0.000362
v -1.279399 0.317010 -0.030585
v -1.287238 0.250584 -0.037218
v -1.239844 0.242396 -0.000362
v -1.241459 0.308476 -0.000362
v -1.270636 0.345611 -0.023030
v -1.242152 0.336845 -0.000362
v -1.023835 -0.083266 0.142334
v -1.034447 -0.036215 0.145160
v -1.062816 -0.036908 0.113033
v 0.660897 0.213153 -0.033412
v 0.669892 0.232297 -0.023952
v 0.650748 0.241291 -0.000362
v 0.632412 0.221919 -0.000362
v 0.554692 -0.082421 -0.138328
v 0.601974 -0.081265 -0.176107
v 0.590903 -0.015416 -0.129792
v 0.365787 0.300445 -0.000362
v 0.384699 0.300907 -0.018300
v 0.384469 0.310364 -0.037218
v -1.233158 0.355989 -0.000362
v -1.214704 0.375249 -0.000362
v -1.242842 0.365098 -0.012648
v -1.242842 0.365098 -0.012648
v -1.242152 0.336845 -0.000362
v -1.270636 0.345611 -0.023030
v 0.537849 0.219607 -0.033412
v 0.537155 0.247977 -0.022106
v 0.518242 0.247515 -0.000362
v -1.687287 -0.014322 -0.056079
v -1.716577 0.022695 -0.050426
v -1.715656 -0.015016 -0.081631
v 0.983810 -0.232673 0.138585
v 0.994422 -0.279723 0.085636
v 1.003533 -0.270039 0.082810
v -1.318832 -0.005317 0.082810
v -1.280314 -0.032762 0.140431
v -1.328058 -0.015004 0.085636
v -1.307527 -0.080737 0.134778
v -1.781504 -0.026086 -0.055156
v -1.801339 0.011162 -0.047601
v -1.800417 -0.026548 -0.075978
v -1.714732 -0.052841 -0.069345
v -1.715656 -0.015016 -0.081631
v -1.686824 -0.033234 -0.048523
v -1.687287 -0.014322 -0.056079
v 1.009745 0.250065 -0.000362
v 1.039270 0.203476 -0.057060
v 1.048033 0.232076 -0.047601
v 0.982647 0.202092 -0.000362
v -1.895328 -0.009945 -0.076901
v -1.894172 -0.057226 -0.075978
v -1.856809 -0.037389 -0.053253
v -1.866959 -0.009251 -0.053253
v -1.896249 0.027766 -0.050426
v -1.895328 -0.009945 -0.076901
v -1.800417 -0.026548 -0.075978
v -1.799492 -0.064375 -0.066519
v -1.771586 -0.044768 -0.049504
v -1.781504 -0.026086 -0.055156
v -1.894172 -0.057226 -0.075978
v -1.893248 -0.095052 -0.047601
v -1.846891 -0.056071 -0.040044
v -1.856809 -0.037389 -0.053253
v -2.027372 -0.022633 -0.058963
v -2.056662 0.014383 -0.055156
v -2.055740 -0.023327 -0.080650
v 1.039501 0.194019 -0.024933
v 1.002365 0.164841 -0.000362
v 1.040192 0.165766 -0.039122
v -1.895328 -0.009945 0.023286
v -1.866959 -0.009251 0.052586
v -1.896249 0.027766 0.048780
v -2.055740 -0.023327 -0.080650
v -2.054816 -0.061152 -0.068364
v -2.026910 -0.041546 -0.050426
v -2.027372 -0.022633 -0.058963
v -1.979858 -0.030934 -0.076901
v -1.978934 -0.068760 -0.065539
v -1.951142 -0.049157 -0.046677
v -1.951604 -0.030243 -0.053253
v -1.866959 -0.009251 0.052586
v -1.895328 -0.009945 0.023286
v -1.895328 -0.009945 0.024209
v -1.856809 -0.037389 0.052586
v -1.895328 -0.009945 0.026112
v -1.895328 -0.009945 0.024209
v -1.856809 -0.037389 0.052586
v 1.024984 -0.373481 0.147064
v 1.090948 -0.362407 0.093192
v 1.051967 -0.316050 0.153697
v 1.024984 -0.373481 -0.147788
v 1.099711 -0.333808 -0.205408
v 1.064425 -0.438636 -0.187470
v 1.051967 -0.316050 -0.157247
v 0.929149 -0.319051 -0.177088
v 1.012988 -0.269807 -0.190297
v 0.936990 -0.252741 -0.143058
v 0.983810 -0.232673 -0.148710
v 1.162550 0.187565 -0.147788
v 1.177324 -0.416953 -0.147788
v 1.177324 -0.416953 0.147064
v 1.162550 0.187565 0.147064
v 0.822925 0.160456 -0.131695
v 0.797326 0.046401 -0.131695
v 0.797326 0.046401 0.131029
v 0.822925 0.160456 0.131029
v 0.752471 -0.049316 -0.123217
v 0.707035 -0.126008 -0.123217
v 0.752471 -0.049316 0.122493
v 0.769419 0.026795 0.122493
v 0.769419 0.026795 -0.123217
v 0.707035 -0.126008 0.122493
v 0.348037 -0.134781 -0.125062
v 0.321052 -0.192097 -0.125062
v 0.348037 -0.134781 0.124396
v 0.321052 -0.192097 0.124396
v 0.290374 -0.098342 -0.114681
v 0.320824 -0.182757 -0.114681
v 0.320824 -0.182757 0.114014
v 0.290374 -0.098342 0.114014
v 0.322669 -0.258293 0.114014
v 0.322669 -0.258293 -0.114681
v 0.381485 -0.341898 0.114014
v 0.381485 -0.341898 -0.114681
v 0.411931 -0.426197 0.114014
v 0.411931 -0.426197 -0.114681
v 0.393943 -0.464485 0.114014
v 0.393943 -0.464485 -0.114681
v 0.423815 -0.529990 -0.114681
v 0.423815 -0.529990 0.114014
v 0.425198 -0.586612 -0.114681
v 0.425198 -0.586612 0.114014
v -0.640741 0.096298 -0.137348
v -0.638664 0.011306 -0.137347
v -0.640741 0.096298 0.135759
v -0.638664 0.011306 0.135759
v -0.066428 -0.192221 -0.125062
v -0.121782 -0.250231 -0.125062
v -0.066428 -0.192221 0.124396
v -0.121782 -0.250231 0.124396
v -0.120396 -0.306969 -0.125062
v -0.120396 -0.306969 0.124396
v -1.229001 0.185889 0.099825
v -1.229001 0.185889 -0.101472
v -1.227613 0.129150 -0.101472
v -1.227613 0.129150 0.099825
v -0.934696 0.136309 0.099825
v -0.934696 0.136309 -0.101472
v -0.936083 0.193048 0.099825
v -0.936083 0.193047 -0.101472
v -0.566242 0.145314 0.099825
v -0.566242 0.145314 -0.101472
v -0.567629 0.202052 0.099825
v -0.567629 0.202052 -0.101472
v -0.639585 0.049017 0.099825
v -0.640741 0.096298 -0.101472
v -0.639585 0.049017 -0.101472
v -0.640741 0.096298 0.099825
v 1.162550 0.187565 -0.147788
v 1.162550 0.187565 0.147064
v 0.964196 0.182717 -0.147788
v 0.964196 0.182717 0.147064
v 0.908148 0.153076 0.147064
v 0.908148 0.153076 -0.147788
v 0.822925 0.160456 -0.131695
v 0.822925 0.160456 0.131029
v 0.775411 0.168757 0.131029
v 0.775411 0.168757 -0.131695
v 0.727093 0.214771 0.131029
v 0.727093 0.214771 -0.131695
v 0.622494 0.240600 -0.131695
v 0.622494 0.240600 0.131029
v 0.509132 0.237830 -0.131695
v 0.509132 0.237830 0.131029
v 0.414106 0.254431 0.131029
v 0.414106 0.254431 -0.131695
v -1.378227 0.106661 0.135759
v -0.660347 0.124206 0.135759
v -1.378227 0.106661 -0.137348
v -0.613065 0.125360 0.135759
v 0.407189 0.150295 -0.137348
v 0.407189 0.150295 0.135759
v -1.333367 0.202262 0.099825
v -1.333367 0.202262 -0.101472
v 0.404881 0.244744 0.099825
v 0.404881 0.244744 -0.101472
v 0.003795 0.027008 -0.137347
v -0.563012 0.013155 -0.137347
v 0.003795 0.027008 0.135759
v -0.638664 0.011306 0.135759
v -0.610294 0.011999 -0.137347
v -0.638664 0.011306 -0.137347
v -0.572006 -0.005989 0.124396
v -0.572006 -0.005989 -0.125062
v 0.410422 0.018021 0.124396
v 0.410422 0.018021 -0.125062
v -1.019688 0.134232 -0.101472
v -1.019688 0.134232 0.099825
v -1.227613 0.129150 0.099825
v -1.227613 0.129150 -0.101472
v -0.717430 0.141619 -0.101472
v -0.717430 0.141619 0.099825
v -0.934696 0.136309 0.099825
v -0.934696 0.136309 -0.101472
v 0.123383 0.162168 -0.101472
v 0.123383 0.162168 0.099825
v -0.566242 0.145314 0.099825
v -0.566242 0.145314 -0.101472
v 1.162550 0.187565 0.147064
v 1.177324 -0.416953 0.147064
v 0.966053 -0.280417 0.147064
v 0.907696 -0.215609 0.147064
v 0.866291 -0.065343 0.147064
v 0.881397 0.086188 0.147064
v 0.964196 0.182717 0.147064
v 0.908148 0.153076 0.147064
v 0.836077 0.009500 0.147064
v 0.849227 -0.141457 0.147064
v 0.996037 -0.345803 0.147064
v 1.092332 -0.419030 0.147064
v -0.660347 0.124206 0.135759
v -0.638664 0.011306 0.135759
v -0.796881 -0.087181 0.135759
v -0.929849 -0.062044 0.135759
v -0.640741 0.096298 0.135759
v -0.612371 0.096992 0.135759
v -0.613065 0.125360 0.135759
v -1.378227 0.106661 0.135759
v -1.061660 -0.084190 0.135759
v -1.194397 -0.068510 0.135759
v -1.375456 -0.006700 0.135759
v -1.373838 -0.072896 0.135759
v 0.407189 0.150295 0.135759
v 0.001718 0.112000 0.135759
v -0.565089 0.098147 0.135759
v 0.003795 0.027008 0.135759
v -0.609601 -0.016370 0.135759
v 0.410653 0.008564 0.135759
v -0.655958 -0.055351 0.135759
v 0.410422 0.018021 0.124396
v 0.413423 -0.104797 0.124396
v 0.348037 -0.134781 0.124396
v 0.047162 -0.198792 0.124396
v 0.009108 -0.190374 0.124396
v -0.066428 -0.192221 0.124396
v -0.572006 -0.005989 0.124396
v -0.530601 -0.156254 0.124396
v -0.569236 -0.119350 0.124396
v -0.424041 -0.257618 0.124396
v -0.538558 -0.213106 0.124396
v -0.518143 -0.278842 0.124396
v -0.281501 -0.291982 0.124396
v -0.224763 -0.290595 0.124396
v -0.121782 -0.250231 0.124396
v -0.120396 -0.306969 0.124396
v 0.321052 -0.192097 0.124396
v 0.752471 -0.049316 0.122493
v 0.707035 -0.126008 0.122493
v 0.621811 -0.118628 0.122493
v 0.618348 0.023103 0.122493
v 0.769419 0.026795 0.122493
v 0.565534 -0.138928 0.122493
v 0.514442 0.020563 0.122493
v 0.499687 -0.149999 0.122493
v 0.423573 -0.132935 0.122493
v 0.419878 0.018252 0.122493
v 0.320824 -0.182757 0.114014
v 0.030098 -0.274905 0.114014
v 0.027558 -0.171000 0.114014
v 0.290374 -0.098342 0.114014
v 0.322669 -0.258293 0.114014
v 0.079804 -0.377657 0.114014
v 0.118554 -0.414559 0.114014
v 0.381485 -0.341898 0.114014
v 0.139313 -0.489632 0.114014
v 0.411931 -0.426197 0.114014
v 0.393943 -0.464485 0.114014
v 0.141390 -0.574625 0.114014
v 0.423815 -0.529990 0.114014
v 0.132859 -0.612681 0.114014
v 0.171840 -0.659039 0.114014
v 0.425198 -0.586612 0.114014
v -0.936083 0.193048 0.099825
v -0.934696 0.136309 0.099825
v -1.019688 0.134232 0.099825
v -1.021075 0.190970 0.099825
v -1.333367 0.202262 0.099825
v -0.718816 0.198357 0.099825
v -0.717430 0.141619 0.099825
v -0.567629 0.202052 0.099825
v -0.640741 0.096298 0.099825
v -0.566242 0.145314 0.099825
v 0.001718 0.112000 0.099825
v -0.639585 0.049017 0.099825
v -1.329210 0.032162 0.099825
v -1.227613 0.129150 0.099825
v -1.229001 0.185889 0.099825
v 0.123383 0.162168 0.099825
v 0.002874 0.064718 0.099825
v 0.409038 0.074644 0.099825
v 0.404881 0.244744 0.099825
v 0.121997 0.218906 0.099825
v 0.769419 0.026795 0.122493
v 0.618348 0.023103 0.122493
v 0.617886 0.042015 0.131029
v 0.797326 0.046401 0.131029
v 0.513980 0.039476 0.131029
v 0.514442 0.020563 0.122493
v 0.419416 0.037165 0.131029
v 0.419878 0.018252 0.122493
v -1.333367 0.202262 -0.101472
v -1.333367 0.202262 0.099825
v -1.329210 0.032162 -0.101472
v -1.329210 0.032162 0.099825
v 0.996037 -0.345803 -0.147788
v 0.966053 -0.280417 -0.147788
v 0.996037 -0.345803 0.147064
v 0.966053 -0.280417 0.147064
v 0.907696 -0.215609 -0.147788
v 0.907696 -0.215609 0.147064
v 0.849227 -0.141457 -0.147788
v 0.849227 -0.141457 0.147064
v 0.866291 -0.065343 0.147064
v 0.866291 -0.065343 -0.147788
v 0.836077 0.009500 0.147064
v 0.836077 0.009500 -0.147788
v 0.881397 0.086188 0.147064
v 0.881397 0.086188 -0.147788
v 0.908148 0.153076 0.147064
v 0.908148 0.153076 -0.147788
v -0.572006 -0.005989 0.124396
v -0.569236 -0.119351 -0.125062
v -0.572006 -0.005989 -0.125062
v -0.569236 -0.119350 0.124396
v -0.518143 -0.278842 -0.125062
v -0.538558 -0.213106 -0.125062
v -0.518143 -0.278842 0.124396
v -0.538558 -0.213106 0.124396
v -0.530601 -0.156254 -0.125062
v -0.530601 -0.156254 0.124396
v -1.373838 -0.072896 -0.137347
v -1.375456 -0.006700 0.135759
v -1.373838 -0.072896 0.135759
v -1.375456 -0.006701 -0.137347
v -1.378227 0.106661 0.135759
v -1.378227 0.106661 -0.137348
v 0.001718 0.112000 0.135759
v 0.003795 0.027008 -0.137347
v 0.001718 0.112000 -0.137348
v 0.003795 0.027008 0.135759
v -1.021075 0.190970 0.099825
v -1.019688 0.134232 -0.101472
v -1.021075 0.190970 -0.101472
v -1.019688 0.134232 0.099825
v -0.717430 0.141619 -0.101472
v -0.718816 0.198357 -0.101472
v -0.717430 0.141619 0.099825
v -0.718816 0.198357 0.099825
v 0.123383 0.162168 -0.101472
v 0.121997 0.218906 -0.101472
v 0.123383 0.162168 0.099825
v 0.121997 0.218906 0.099825
v 0.027558 -0.171000 0.114014
v 0.030098 -0.274905 -0.114681
v 0.027558 -0.171000 -0.114681
v 0.030098 -0.274905 0.114014
v 0.079804 -0.377657 -0.114681
v 0.079804 -0.377657 0.114014
v 0.118554 -0.414559 -0.114681
v 0.118554 -0.414559 0.114014
v 0.139313 -0.489632 -0.114681
v 0.139313 -0.489632 0.114014
v 0.141390 -0.574625 -0.114681
v 0.141390 -0.574625 0.114014
v 0.132859 -0.612681 0.114014
v 0.132859 -0.612681 -0.114681
v 0.171840 -0.659039 0.114014
v 0.171840 -0.659039 -0.114681
v 0.001718 0.112000 -0.101472
v 0.001718 0.112000 0.099825
v 0.002874 0.064718 -0.101472
v 0.002874 0.064718 0.099825
v 1.177324 -0.416953 0.147064
v 1.177324 -0.416953 -0.147788
v 1.092332 -0.419030 0.147064
v 1.092332 -0.419030 -0.147788
v 0.996037 -0.345803 -0.147788
v 0.996037 -0.345803 0.147064
v 0.171840 -0.659039 -0.114681
v 0.171840 -0.659039 0.114014
v 0.425198 -0.586612 -0.114681
v 0.425198 -0.586612 0.114014
v -1.373838 -0.072896 -0.137347
v -1.194397 -0.068510 0.135759
v -1.194397 -0.068510 -0.137347
v -1.373838 -0.072896 0.135759
v -1.061660 -0.084190 0.135759
v -1.061660 -0.084191 -0.137347
v -0.929849 -0.062044 0.135759
v -0.929849 -0.062044 -0.137347
v -0.796881 -0.087181 0.135759
v -0.796881 -0.087181 -0.137347
v -0.655958 -0.055351 0.135759
v -0.655958 -0.055351 -0.137347
v -0.609601 -0.016370 0.135759
v -0.609601 -0.016370 -0.137347
v 0.410653 0.008564 -0.137347
v 0.410653 0.008564 0.135759
v -0.530601 -0.156254 -0.125062
v -0.569236 -0.119351 -0.125062
v -0.530601 -0.156254 0.124396
v -0.569236 -0.119350 0.124396
v 0.797326 0.046401 -0.131695
v 0.769419 0.026795 -0.123217
v 0.769419 0.026795 0.122493
v 0.797326 0.046401 0.131029
v 0.707035 -0.126008 -0.123217
v 0.621811 -0.118628 0.122493
v 0.707035 -0.126008 0.122493
v 0.621811 -0.118628 -0.123217
v 0.565534 -0.138928 0.122493
v 0.565534 -0.138928 -0.123217
v 0.499687 -0.149999 0.122493
v 0.499687 -0.149999 -0.123217
v 0.423573 -0.132935 -0.123217
v 0.423573 -0.132935 0.122493
v 0.348037 -0.134781 -0.125062
v 0.348037 -0.134781 0.124396
v 0.413423 -0.104797 0.124396
v 0.413423 -0.104797 -0.125062
v -0.120396 -0.306969 -0.125062
v -0.224763 -0.290595 -0.125062
v -0.224763 -0.290595 0.124396
v -0.120396 -0.306969 0.124396
v -0.281501 -0.291982 0.124396
v -0.281501 -0.291982 -0.125062
v -0.424041 -0.257618 0.124396
v -0.424041 -0.257618 -0.125062
v -0.518143 -0.278842 0.124396
v -0.518143 -0.278842 -0.125062
v -0.066428 -0.192221 0.124396
v 0.009108 -0.190374 -0.125062
v -0.066428 -0.192221 -0.125062
v 0.009108 -0.190374 0.124396
v 0.047162 -0.198792 -0.125062
v 0.047162 -0.198792 0.124396
v 0.321052 -0.192097 -0.125062
v 0.321052 -0.192097 0.124396
v 0.001718 0.112000 0.135759
v -0.565089 0.098147 0.135759
v 0.001718 0.112000 -0.137348
v -0.640741 0.096298 -0.137348
v -0.612371 0.096992 0.135759
v -0.640741 0.096298 0.135759
v -1.021075 0.190970 0.099825
v -1.021075 0.190970 -0.101472
v -1.229001 0.185889 0.099825
v -1.229001 0.185889 -0.101472
v -0.718816 0.198357 -0.101472
v -0.936083 0.193048 0.099825
v -0.718816 0.198357 0.099825
v -0.936083 0.193047 -0.101472
v 0.121997 0.218906 -0.101472
v 0.121997 0.218906 0.099825
v -0.567629 0.202052 0.099825
v -0.567629 0.202052 -0.101472
v 0.079804 -0.377657 -0.114681
v 0.079804 -0.377657 0.114014
v 0.118554 -0.414559 -0.114681
v 0.118554 -0.414559 0.114014
v -0.639585 0.049017 0.099825
v -0.639585 0.049017 -0.101472
v -1.329210 0.032162 0.099825
v -1.329210 0.032162 -0.101472
v -0.640741 0.096298 -0.101472
v -0.640741 0.096298 0.099825
v 0.001718 0.112000 -0.101472
v 0.001718 0.112000 0.099825
v 0.002874 0.064718 -0.101472
v 0.409038 0.074644 -0.101472
v 0.002874 0.064718 0.099825
v 0.409038 0.074644 0.099825
v 1.162550 0.187565 -0.147788
v 0.964196 0.182717 -0.147788
v 0.881397 0.086188 -0.147788
v 0.866291 -0.065343 -0.147788
v 0.907696 -0.215609 -0.147788
v 0.966053 -0.280417 -0.147788
v 1.177324 -0.416953 -0.147788
v 0.996037 -0.345803 -0.147788
v 1.092332 -0.419030 -0.147788
v 0.849227 -0.141457 -0.147788
v 0.836077 0.009500 -0.147788
v 0.908148 0.153076 -0.147788
v 0.410653 0.008564 -0.137347
v 0.003795 0.027008 -0.137347
v -0.609601 -0.016370 -0.137347
v 0.407189 0.150295 -0.137348
v 0.001718 0.112000 -0.137348
v -0.640741 0.096298 -0.137348
v -1.378227 0.106661 -0.137348
v -1.061660 -0.084191 -0.137347
v -1.194397 -0.068510 -0.137347
v -1.375456 -0.006701 -0.137347
v -0.929849 -0.062044 -0.137347
v -0.796881 -0.087181 -0.137347
v -0.638664 0.011306 -0.137347
v -0.655958 -0.055351 -0.137347
v -0.610294 0.011999 -0.137347
v -0.563012 0.013155 -0.137347
v -1.373838 -0.072896 -0.137347
v 0.419416 0.037164 -0.131695
v 0.509132 0.237830 -0.131695
v 0.414106 0.254431 -0.131695
v 0.513980 0.039476 -0.131695
v 0.617886 0.042015 -0.131695
v 0.622494 0.240600 -0.131695
v 0.727093 0.214771 -0.131695
v 0.775411 0.168757 -0.131695
v 0.797326 0.046401 -0.131695
v 0.822925 0.160456 -0.131695
v -0.066428 -0.192221 -0.125062
v 0.410422 0.018021 -0.125062
v -0.572006 -0.005989 -0.125062
v -0.530601 -0.156254 -0.125062
v -0.424041 -0.257618 -0.125062
v -0.281501 -0.291982 -0.125062
v -0.224763 -0.290595 -0.125062
v -0.121782 -0.250231 -0.125062
v 0.009108 -0.190374 -0.125062
v 0.047162 -0.198792 -0.125062
v 0.348037 -0.134781 -0.125062
v 0.321052 -0.192097 -0.125062
v 0.413423 -0.104797 -0.125062
v -0.120396 -0.306969 -0.125062
v -0.538558 -0.213106 -0.125062
v -0.518143 -0.278842 -0.125062
v -0.569236 -0.119351 -0.125062
v 0.618348 0.023103 -0.123217
v 0.514442 0.020563 -0.123217
v 0.565534 -0.138928 -0.123217
v 0.621811 -0.118628 -0.123217
v 0.752471 -0.049316 -0.123217
v 0.769419 0.026795 -0.123217
v 0.707035 -0.126008 -0.123217
v 0.499687 -0.149999 -0.123217
v 0.423573 -0.132935 -0.123217
v 0.419878 0.018252 -0.123217
v 0.320824 -0.182757 -0.114681
v 0.290374 -0.098342 -0.114681
v 0.027558 -0.171000 -0.114681
v 0.030098 -0.274905 -0.114681
v 0.322669 -0.258293 -0.114681
v 0.079804 -0.377657 -0.114681
v 0.118554 -0.414559 -0.114681
v 0.381485 -0.341898 -0.114681
v 0.139313 -0.489632 -0.114681
v 0.411931 -0.426197 -0.114681
v 0.393943 -0.464485 -0.114681
v 0.141390 -0.574625 -0.114681
v 0.423815 -0.529990 -0.114681
v 0.132859 -0.612681 -0.114681
v 0.171840 -0.659039 -0.114681
v 0.425198 -0.586612 -0.114681
v -0.639585 0.049017 -0.101472
v -0.640741 0.096298 -0.101472
v -0.717430 0.141619 -0.101472
v -0.934696 0.136309 -0.101472
v -1.019688 0.134232 -0.101472
v -1.329210 0.032162 -0.101472
v -1.333367 0.202262 -0.101472
v -1.227613 0.129150 -0.101472
v -1.229001 0.185889 -0.101472
v -1.021075 0.190970 -0.101472
v -0.936083 0.193047 -0.101472
v -0.718816 0.198357 -0.101472
v -0.567629 0.202052 -0.101472
v 0.121997 0.218906 -0.101472
v -0.566242 0.145314 -0.101472
v 0.404881 0.244744 -0.101472
v 0.123383 0.162168 -0.101472
v 0.409038 0.074644 -0.101472
v 0.002874 0.064718 -0.101472
v 0.001718 0.112000 -0.101472
v 0.769419 0.026795 -0.123217
v 0.797326 0.046401 -0.131695
v 0.617886 0.042015 -0.131695
v 0.618348 0.023103 -0.123217
v 0.514442 0.020563 -0.123217
v 0.513980 0.039476 -0.131695
v 0.419878 0.018252 -0.123217
v 0.419416 0.037164 -0.131695
v 1.275218 0.218705 -0.191219
v 1.252390 -0.008712 -0.171378
v 1.252390 -0.008712 0.170711
v 1.275218 0.218705 0.190553
v 1.257700 -0.225978 0.170711
v 1.257700 -0.225978 -0.171378
v 1.291610 -0.452008 0.190553
v 1.291610 -0.452008 -0.191219
v 0.432325 0.283263 -0.127946
v 0.438329 0.037627 -0.163822
v 0.438329 0.037627 0.163156
v 0.433019 0.254893 -0.163822
v 0.432325 0.283263 0.127222
v 0.433019 0.254893 0.163156
v 0.438791 0.018714 -0.151536
v 0.438791 0.018714 0.150870
v 0.443180 -0.160842 0.107381
v 0.442486 -0.132472 0.150870
v 0.443180 -0.160842 -0.108105
v 0.442486 -0.132473 -0.151536
v -0.067352 -0.154396 -0.135502
v -0.067352 -0.154395 0.133855
v -0.049941 -0.097197 0.133855
v -0.049941 -0.097197 -0.135502
v -0.744646 0.093759 0.142334
v -0.744646 0.093759 -0.143058
v -0.715121 0.047170 -0.143058
v -0.715121 0.047170 0.142334
v -0.742338 -0.000690 -0.143058
v -0.742338 -0.000690 0.142334
v -0.715121 0.047170 0.142334
v -0.715121 0.047170 -0.143058
v 0.020400 0.121918 -0.119410
v 0.022939 0.018013 -0.119410
v 0.020400 0.121918 0.118744
v 0.022939 0.018013 0.118744
v 0.216214 0.230671 -0.086360
v 0.218061 0.155135 -0.086360
v 0.216214 0.230671 0.084713
v 0.218061 0.155135 0.084713
v -0.070123 -0.041033 -0.135502
v -0.049941 -0.097197 -0.135502
v -0.070123 -0.041033 0.133855
v -0.049941 -0.097197 0.133855
v -1.302228 0.089594 -0.032489
v -1.301304 0.051769 -0.044774
v -1.300841 0.032855 -0.025856
v -1.300841 0.032855 0.025190
v -1.303612 0.146217 -0.025856
v -1.303150 0.127304 -0.044774
v -1.303843 0.155673 -0.000362
v -1.302228 0.089594 0.030842
v -1.301304 0.051769 0.044050
v -1.303612 0.146217 0.025190
v -1.303150 0.127304 0.044050
v -2.111439 -0.062536 -0.048523
v -2.110976 -0.081449 -0.000362
v -2.111439 -0.062536 0.047857
v -2.113747 0.031912 -0.048523
v -2.112595 -0.015254 -0.068364
v -2.113747 0.031912 0.047857
v -2.114209 0.050825 -0.000362
v -2.112595 -0.015254 0.067699
v -2.357538 -0.049626 0.033668
v -2.357074 -0.068539 -0.000362
v -2.140271 -0.044316 0.033668
v -2.139808 -0.063229 -0.000362
v -2.140271 -0.044316 -0.034392
v -2.357538 -0.049626 -0.034392
v -2.123435 0.041138 -0.000362
v -1.594453 0.054066 -0.000362
v -1.593991 0.035154 0.036494
v -2.122972 0.022225 0.036494
v -2.122972 0.022225 -0.037218
v -1.593991 0.035154 -0.037218
v 0.432325 0.283263 0.127222
v 0.337876 0.280955 -0.127946
v 0.432325 0.283263 -0.127946
v 0.337876 0.280955 0.127222
v 0.433019 0.254893 0.163156
v 0.338570 0.252586 0.163156
v 0.338570 0.252586 -0.163822
v 0.433019 0.254893 -0.163822
v 1.275218 0.218705 0.190553
v 1.142944 0.215472 -0.191219
v 1.275218 0.218705 -0.191219
v 1.142944 0.215472 0.190553
v -1.303612 0.146217 -0.025856
v -1.596761 0.148515 -0.000362
v -1.596530 0.139058 -0.025856
v -1.303843 0.155673 -0.000362
v -1.596530 0.139058 0.025190
v -1.303612 0.146217 0.025190
v -0.744646 0.093759 0.142334
v -0.744646 0.093759 -0.143058
v -1.254715 0.081293 0.142334
v -1.254715 0.081293 -0.143058
v 0.701263 0.110172 -0.000362
v 0.927985 0.115713 -0.000362
v 0.928217 0.106256 0.098903
v 0.701494 0.100716 0.098903
v 0.701494 0.100716 -0.099568
v 0.928217 0.106256 -0.099568
v -1.613019 0.044150 -0.047601
v -1.301304 0.051769 -0.047601
v -1.301766 0.070681 -0.000362
v -1.613482 0.063063 -0.000362
v -1.301304 0.051769 0.046877
v -1.613019 0.044150 0.046877
v 0.020400 0.121918 -0.119410
v 0.020400 0.121918 0.118744
v -0.659885 0.105292 0.118744
v -0.659885 0.105292 -0.119410
v 0.216214 0.230671 -0.086360
v 0.216214 0.230671 0.084713
v -1.238688 0.195114 0.084713
v -1.238688 0.195114 -0.086360
v -2.113747 0.031912 0.047857
v -2.114209 0.050825 -0.000362
v -2.359383 0.025910 0.047857
v -2.359845 0.044822 -0.000362
v -2.113747 0.031912 -0.048523
v -2.359383 0.025910 -0.048523
v -0.070123 -0.041033 -0.135502
v -0.070123 -0.041033 0.133855
v -0.230766 -0.044960 0.133855
v -0.230766 -0.044960 -0.135502
v -2.141886 0.021763 -0.034392
v -2.359153 0.016453 -0.034392
v -2.140963 -0.015947 -0.048523
v -2.358230 -0.021257 -0.048523
v -2.140271 -0.044316 -0.034392
v -2.357538 -0.049626 -0.034392
v -1.593991 0.035154 0.036494
v -1.593069 -0.002558 0.051606
v -2.122972 0.022225 0.036494
v -2.122051 -0.015485 0.051606
v -1.592144 -0.040383 0.036494
v -2.121127 -0.053311 0.036494
v 1.252390 -0.008712 0.170711
v 1.148485 -0.011252 0.170711
v 1.142944 0.215472 0.190553
v 1.275218 0.218705 0.190553
v 1.153795 -0.228518 0.170711
v 1.257700 -0.225978 0.170711
v 1.159336 -0.455241 0.190553
v 1.291610 -0.452008 0.190553
v 0.433019 0.254893 0.163156
v 0.343880 0.035319 0.163156
v 0.338570 0.252586 0.163156
v 0.438329 0.037627 0.163156
v 0.348037 -0.134781 0.150870
v 0.442486 -0.132472 0.150870
v 0.344342 0.016406 0.150870
v 0.438791 0.018714 0.150870
v -1.596530 0.139058 0.025190
v -1.596068 0.120146 0.044050
v -1.303612 0.146217 0.025190
v -1.303150 0.127304 0.044050
v 0.438791 0.018714 0.150870
v 0.344342 0.016406 0.150870
v 0.343880 0.035319 0.163156
v 0.438329 0.037627 0.163156
v -1.252406 -0.013156 0.142334
v -1.254715 0.081293 0.142334
v -0.744646 0.093759 0.142334
v -1.281929 0.033317 0.142334
v -0.742338 -0.000690 0.142334
v -0.715121 0.047170 0.142334
v -0.227996 -0.158321 0.133855
v -0.230766 -0.044960 0.133855
v -0.070123 -0.041033 0.133855
v -0.248295 -0.102045 0.133855
v -0.067352 -0.154395 0.133855
v -0.049941 -0.097197 0.133855
v 0.020400 0.121918 0.118744
v 0.022939 0.018013 0.118744
v -0.659885 0.105292 0.118744
v -0.657346 0.001388 0.118744
v 0.930525 0.011808 0.114936
v 0.932833 -0.082641 0.098903
v 0.703802 0.006267 0.114936
v 0.928217 0.106256 0.098903
v 0.701494 0.100716 0.098903
v 0.706110 -0.088182 0.098903
v 0.216214 0.230671 0.084713
v 0.218061 0.155135 0.084713
v -1.238688 0.195114 0.084713
v -1.236842 0.119578 0.084713
v -1.303150 0.127304 0.044050
v -1.302228 0.089594 0.030842
v -1.596068 0.120146 0.044050
v -1.595147 0.082435 0.030842
v -1.301304 0.051769 0.044050
v -1.594221 0.044609 0.044050
v -1.593759 0.025697 0.025190
v -1.301304 0.051769 0.044050
v -1.300841 0.032855 0.025190
v -1.594221 0.044609 0.044050
v -1.301304 0.051769 0.046877
v -1.300151 0.004602 0.065795
v -1.613019 0.044150 0.046877
v -1.611866 -0.003017 0.065795
v -1.298996 -0.042680 0.046877
v -1.610711 -0.050299 0.046877
v -2.357074 -0.068539 0.047857
v -2.112595 -0.015254 0.067699
v -2.111439 -0.062536 0.047857
v -2.358230 -0.021257 0.067699
v -2.113747 0.031912 0.047857
v -2.359383 0.025910 0.047857
v -2.359383 0.025910 -0.000362
v -2.359845 0.044822 -0.000362
v -2.359383 0.025910 0.047857
v -2.359383 0.025910 -0.048523
v -2.359153 0.016453 0.033668
v -2.359153 0.016453 -0.034392
v -2.358230 -0.021257 -0.048523
v -2.358230 -0.021257 -0.068364
v -2.357074 -0.068539 -0.048523
v -2.357538 -0.049626 -0.034392
v -2.357074 -0.068539 -0.000362
v -2.357538 -0.049626 0.033668
v -2.357074 -0.068539 0.047857
v -2.356612 -0.087452 -0.000362
v -2.358230 -0.021257 0.067699
v -2.358230 -0.021257 0.047857
v -2.141886 0.021763 0.033668
v -2.140963 -0.015947 0.047857
v -2.140271 -0.044316 0.033668
v -2.141886 0.021763 -0.034392
v -2.142116 0.031220 -0.000362
v -2.140271 -0.044316 -0.034392
v -2.140963 -0.015947 -0.048523
v -2.139808 -0.063229 -0.000362
v -1.611866 -0.003017 0.065795
v -1.610711 -0.050299 0.046877
v -1.613019 0.044150 0.046877
v -1.610711 -0.050299 -0.047601
v -1.613019 0.044150 -0.047601
v -1.613482 0.063063 -0.000362
v -1.611866 -0.003017 -0.066519
v -1.610249 -0.069211 -0.000362
v -1.593759 0.025697 0.025190
v -1.593759 0.025697 -0.025856
v -1.595147 0.082435 0.030842
v -1.594221 0.044609 0.044050
v -1.595147 0.082435 -0.032489
v -1.596530 0.139058 0.025190
v -1.596068 0.120146 0.044050
v -1.596761 0.148515 -0.000362
v -1.596530 0.139058 -0.025856
v -1.596068 0.120146 -0.044774
v -1.594221 0.044609 -0.044774
v -0.227996 -0.158321 -0.135502
v -0.248295 -0.102045 -0.135502
v -0.227996 -0.158321 0.133855
v -0.248295 -0.102045 0.133855
v -1.254715 0.081293 0.142334
v -1.254715 0.081293 -0.143058
v -1.281929 0.033317 0.142334
v -1.281929 0.033317 -0.143058
v -1.252406 -0.013156 -0.143058
v -1.281929 0.033317 -0.143058
v -1.252406 -0.013156 0.142334
v -1.281929 0.033317 0.142334
v -0.659885 0.105292 0.118744
v -0.659885 0.105292 -0.119410
v -0.657346 0.001388 0.118744
v -0.657346 0.001388 -0.119410
v -1.238688 0.195114 0.084713
v -1.238688 0.195114 -0.086360
v -1.236842 0.119578 0.084713
v -1.236842 0.119578 -0.086360
v -0.230766 -0.044960 0.133855
v -0.230766 -0.044960 -0.135502
v -0.248295 -0.102045 0.133855
v -0.248295 -0.102045 -0.135502
v 0.343880 0.035319 -0.163822
v 0.338570 0.252586 -0.163822
v 0.337876 0.280955 -0.127946
v 0.337876 0.280955 0.127222
v 0.343880 0.035319 0.163156
v 0.344342 0.016406 0.150870
v 0.344342 0.016406 -0.151536
v 0.348731 -0.163150 -0.108105
v 0.348037 -0.134781 -0.151536
v 0.348731 -0.163150 0.107381
v 0.348037 -0.134781 0.150870
v 0.338570 0.252586 0.163156
v 1.142944 0.215472 -0.191219
v 1.142944 0.215472 0.190553
v 1.148485 -0.011252 -0.171378
v 1.148485 -0.011252 0.170711
v 1.153795 -0.228518 -0.171378
v 1.153795 -0.228518 0.170711
v 1.159336 -0.455241 -0.191219
v 1.159336 -0.455241 0.190553
v -2.141886 0.021763 0.033668
v -2.359153 0.016453 0.033668
v -2.142116 0.031220 -0.000362
v -2.359383 0.025910 -0.000362
v -2.141886 0.021763 -0.034392
v -2.359153 0.016453 -0.034392
v -1.592144 -0.040383 0.036494
v -1.591914 -0.049839 -0.000362
v -2.121127 -0.053311 0.036494
v -2.120895 -0.062767 -0.000362
v -2.121127 -0.053311 -0.037218
v -1.592144 -0.040383 -0.037218
v 1.159336 -0.455241 0.190553
v 1.291610 -0.452008 -0.191219
v 1.159336 -0.455241 -0.191219
v 1.291610 -0.452008 0.190553
v -0.067352 -0.154396 -0.135502
v -0.227996 -0.158321 -0.135502
v -0.067352 -0.154395 0.133855
v -0.227996 -0.158321 0.133855
v 0.348037 -0.134781 -0.151536
v 0.442486 -0.132473 -0.151536
v 0.348731 -0.163150 -0.108105
v 0.443180 -0.160842 -0.108105
v 0.348731 -0.163150 0.107381
v 0.443180 -0.160842 0.107381
v 0.348037 -0.134781 0.150870
v 0.442486 -0.132472 0.150870
v 0.933064 -0.092097 -0.000362
v 0.932833 -0.082641 -0.099568
v 0.706341 -0.097638 -0.000362
v 0.706110 -0.088182 0.098903
v 0.932833 -0.082641 0.098903
v 0.706110 -0.088182 -0.099568
v -1.252406 -0.013156 -0.143058
v -0.742338 -0.000690 0.142334
v -0.742338 -0.000690 -0.143058
v -1.252406 -0.013156 0.142334
v -1.610711 -0.050299 -0.047601
v -1.610249 -0.069211 -0.000362
v -1.298996 -0.042680 -0.047601
v -1.298533 -0.061594 -0.000362
v -1.298996 -0.042680 0.046877
v -1.610711 -0.050299 0.046877
v 0.022939 0.018013 -0.119410
v -0.657346 0.001388 -0.119410
v 0.022939 0.018013 0.118744
v -0.657346 0.001388 0.118744
v 0.218061 0.155135 -0.086360
v -1.236842 0.119578 -0.086360
v 0.218061 0.155135 0.084713
v -1.236842 0.119578 0.084713
v -2.357074 -0.068539 0.047857
v -2.356612 -0.087452 -0.000362
v -2.111439 -0.062536 0.047857
v -2.110976 -0.081449 -0.000362
v -2.357074 -0.068539 -0.048523
v -2.111439 -0.062536 -0.048523
v -2.141886 0.021763 0.033668
v -2.359153 0.016453 0.033668
v -2.358230 -0.021257 0.047857
v -2.140963 -0.015947 0.047857
v -2.357538 -0.049626 0.033668
v -2.140271 -0.044316 0.033668
v -2.122972 0.022225 -0.037218
v -2.122051 -0.015485 -0.052330
v -1.593991 0.035154 -0.037218
v -1.593069 -0.002558 -0.052330
v -2.121127 -0.053311 -0.037218
v -1.592144 -0.040383 -0.037218
v 1.275218 0.218705 -0.191219
v 1.142944 0.215472 -0.191219
v 1.252390 -0.008712 -0.171378
v 1.148485 -0.011252 -0.171378
v 1.257700 -0.225978 -0.171378
v 1.153795 -0.228518 -0.171378
v 1.159336 -0.455241 -0.191219
v 1.291610 -0.452008 -0.191219
v 0.338570 0.252586 -0.163822
v 0.433019 0.254893 -0.163822
v 0.438329 0.037627 -0.163822
v 0.343880 0.035319 -0.163822
v 0.344342 0.016406 -0.151536
v 0.348037 -0.134781 -0.151536
v 0.438791 0.018714 -0.151536
v 0.442486 -0.132473 -0.151536
v -1.303612 0.146217 -0.025856
v -1.596530 0.139058 -0.025856
v -1.303150 0.127304 -0.044774
v -1.596068 0.120146 -0.044774
v 0.438791 0.018714 -0.151536
v 0.438329 0.037627 -0.163822
v 0.344342 0.016406 -0.151536
v 0.343880 0.035319 -0.163822
v -1.254715 0.081293 -0.143058
v -1.281929 0.033317 -0.143058
v -1.252406 -0.013156 -0.143058
v -0.742338 -0.000690 -0.143058
v -0.744646 0.093759 -0.143058
v -0.715121 0.047170 -0.143058
v -0.230766 -0.044960 -0.135502
v -0.248295 -0.102045 -0.135502
v -0.227996 -0.158321 -0.135502
v -0.067352 -0.154396 -0.135502
v -0.070123 -0.041033 -0.135502
v -0.049941 -0.097197 -0.135502
v 0.020400 0.121918 -0.119410
v -0.659885 0.105292 -0.119410
v -0.657346 0.001388 -0.119410
v 0.022939 0.018013 -0.119410
v 0.932833 -0.082641 -0.099568
v 0.930525 0.011808 -0.115661
v 0.706110 -0.088182 -0.099568
v 0.703802 0.006267 -0.115661
v 0.928217 0.106256 -0.099568
v 0.701494 0.100716 -0.099568
v 0.216214 0.230671 -0.086360
v -1.238688 0.195114 -0.086360
v -1.236842 0.119578 -0.086360
v 0.218061 0.155135 -0.086360
v -1.303150 0.127304 -0.044774
v -1.596068 0.120146 -0.044774
v -1.595147 0.082435 -0.032489
v -1.302228 0.089594 -0.032489
v -1.594221 0.044609 -0.044774
v -1.301304 0.051769 -0.044774
v -1.594221 0.044609 -0.044774
v -1.300841 0.032855 -0.025856
v -1.301304 0.051769 -0.044774
v -1.593759 0.025697 -0.025856
v -1.613019 0.044150 -0.047601
v -1.611866 -0.003017 -0.066519
v -1.301304 0.051769 -0.047601
v -1.300151 0.004602 -0.066519
v -1.610711 -0.050299 -0.047601
v -1.298996 -0.042680 -0.047601
v -2.357074 -0.068539 -0.048523
v -2.358230 -0.021257 -0.068364
v -2.111439 -0.062536 -0.048523
v -2.112595 -0.015254 -0.068364
v -2.359383 0.025910 -0.048523
v -2.113747 0.031912 -0.048523
vn 0.9948 -0.1017 -0.0000
vn 0.9993 -0.0386 -0.0000
vn 0.9993 -0.0387 -0.0000
vn 0.9962 0.0874 -0.0000
vn 0.9887 0.1501 -0.0000
vn 0.9997 0.0244 -0.0000
vn 0.5622 -0.8270 -0.0000
vn 0.9223 -0.3865 -0.0000
vn 0.4567 0.8896 -0.0000
vn 0.8269 0.5623 -0.0000
vn 0.4996 -0.8663 -0.0000
vn 0.8534 -0.5212 -0.0000
vn 0.6895 0.7243 -0.0000
vn 0.7241 -0.6897 -0.0000
vn 0.6895 0.7243 -0.0002
vn 0.5211 0.8535 -0.0000
vn 0.9023 0.4311 -0.0000
vn 0.9997 0.0245 -0.0000
vn -0.0173 0.7070 -0.7070
vn -0.6419 0.5342 -0.5500
vn -0.0244 0.9997 -0.0000
vn -0.6474 0.7621 -0.0000
vn -0.6419 0.5344 0.5499
vn -0.0173 0.7070 0.7070
vn -0.0235 0.9609 -0.2758
vn -0.0235 0.9609 0.2758
vn -0.0119 0.4876 0.8730
vn -0.0117 0.4876 -0.8730
vn -0.0119 0.4876 -0.8730
vn -0.0201 0.8220 -0.5691
vn -0.0244 0.9997 -0.0004
vn -0.0202 0.8220 -0.5691
vn -0.0201 0.8220 0.5691
vn -0.4996 0.8663 -0.0002
vn -0.4996 0.8663 -0.0000
vn -0.0242 0.9917 -0.1260
vn -0.0242 0.9917 0.1260
vn -0.0173 0.7069 -0.7071
vn -0.0173 0.7069 0.7071
vn 0.6897 0.7241 0.0002
vn -0.7243 0.6895 -0.0000
vn 0.6897 0.7241 -0.0000
vn -0.7243 0.6895 -0.0003
vn -0.0244 0.9997 -0.0002
vn -0.0175 0.7070 0.7070
vn 0.5213 0.8534 -0.0000
vn -0.5623 0.8269 -0.0002
vn -0.5623 0.8269 -0.0000
vn 0.0173 -0.7068 0.7072
vn -0.6284 -0.0153 0.7777
vn -0.6151 -0.5652 0.5497
vn -0.0000 -0.0000 1.0000
vn -0.6419 0.5345 0.5497
vn -0.0173 0.7068 0.7072
vn -0.0000 0.0005 1.0000
vn -0.0012 0.0470 0.9989
vn 0.0012 -0.0472 0.9989
vn 0.0011 -0.0470 0.9989
vn 0.0021 -0.0871 0.9962
vn -0.0021 0.0871 0.9962
vn -0.0119 0.4875 0.8730
vn 0.0123 -0.5178 0.8554
vn 0.0127 -0.5178 0.8554
vn -0.0146 0.5974 0.8018
vn -0.0201 0.8219 0.5693
vn 0.0112 -0.4566 0.8896
vn 0.0040 -0.1656 0.9862
vn -0.0040 0.1656 0.9862
vn -0.0040 0.1658 0.9861
vn 0.0040 -0.1658 0.9861
vn 0.0085 -0.3467 0.9379
vn -0.0000 0.0002 1.0000
vn -0.0000 -0.0005 1.0000
vn -0.0085 0.3467 0.9379
vn 0.0146 -0.5974 0.8018
vn -0.0000 -0.0001 1.0000
vn -0.0000 0.0004 1.0000
vn -0.0000 -0.0003 1.0000
vn 0.0173 -0.7069 0.7071
vn -0.9997 -0.0244 -0.0000
vn -0.9997 -0.0245 -0.0000
vn -0.9997 -0.0245 -0.0001
vn -0.9997 -0.0245 0.0001
vn -0.6148 -0.5652 -0.5500
vn -0.6416 0.5346 -0.5500
vn -0.6282 -0.0151 -0.7779
vn -0.6148 -0.5653 0.5500
vn -0.6092 -0.7930 -0.0000
vn -0.6416 0.5345 0.5501
vn -0.6282 -0.0155 0.7779
vn -0.6472 0.7623 -0.0000
vn -0.5212 -0.8535 -0.0000
vn -0.9023 -0.4311 -0.0000
vn -0.4996 0.8662 -0.0000
vn -0.8534 0.5212 -0.0000
vn -0.4567 -0.8896 -0.0000
vn -0.8269 -0.5623 -0.0000
vn -0.7241 0.6897 -0.0000
vn -0.6895 -0.7243 -0.0002
vn -0.6895 -0.7243 -0.0000
vn -0.7241 0.6897 0.0002
vn -0.5622 0.8270 -0.0000
vn -0.9223 0.3865 -0.0000
vn 0.0173 -0.7069 -0.7071
vn -0.6095 -0.7928 -0.0000
vn -0.6150 -0.5650 -0.5500
vn 0.0244 -0.9997 -0.0000
vn -0.6150 -0.5649 0.5501
vn 0.0174 -0.7069 0.7071
vn 0.5623 -0.8269 -0.0000
vn 0.5623 -0.8269 -0.0002
vn -0.5213 -0.8534 -0.0000
vn 0.0126 -0.5178 -0.8554
vn 0.0237 -0.9712 -0.2370
vn 0.0127 -0.5178 -0.8554
vn 0.0237 -0.9712 0.2369
vn 0.0237 -0.9712 0.2370
vn 0.0126 -0.5178 0.8554
vn 0.0242 -0.9917 -0.1259
vn 0.0242 -0.9918 0.1259
vn 0.0242 -0.9917 0.1260
vn 0.0242 -0.9917 -0.1260
vn 0.4996 -0.8663 -0.0002
vn 0.0173 -0.7070 -0.7070
vn 0.0173 -0.7070 0.7070
vn -0.6897 -0.7241 0.0002
vn 0.7243 -0.6895 -0.0000
vn -0.6897 -0.7241 -0.0000
vn 0.0244 -0.9997 -0.0002
vn -0.6150 -0.5653 -0.5497
vn -0.0000 -0.0000 -1.0000
vn 0.0173 -0.7068 -0.7072
vn -0.6285 -0.0153 -0.7777
vn -0.0173 0.7068 -0.7072
vn -0.6419 0.5344 -0.5499
vn -0.0000 0.0005 -1.0000
vn 0.0174 -0.7068 -0.7072
vn 0.0021 -0.0871 -0.9962
vn 0.0012 -0.0470 -0.9989
vn 0.0012 -0.0471 -0.9989
vn -0.0012 0.0470 -0.9989
vn -0.0012 0.0471 -0.9989
vn -0.0021 0.0871 -0.9962
vn -0.0119 0.4875 -0.8730
vn -0.0201 0.8218 -0.5694
vn -0.0201 0.8219 -0.5693
vn -0.0146 0.5974 -0.8018
vn 0.0112 -0.4566 -0.8896
vn 0.0040 -0.1657 -0.9862
vn -0.0040 0.1656 -0.9862
vn -0.0040 0.1657 -0.9862
vn 0.0085 -0.3467 -0.9379
vn -0.0000 -0.0005 -1.0000
vn -0.0000 -0.0004 -1.0000
vn -0.0085 0.3467 -0.9379
vn 0.0146 -0.5974 -0.8018
vn 0.0146 -0.5973 -0.8019
vn -0.0000 -0.0001 -1.0000
vn -0.0000 0.0004 -1.0000
vn 0.9776 -0.1880 -0.0941
vn 0.9719 -0.2354 0.0078
vn 0.9804 -0.1729 -0.0943
vn 0.9718 -0.2355 0.0076
vn 0.9719 -0.2354 0.0079
vn 0.9765 -0.1895 0.1027
vn 0.9797 -0.1727 0.1021
vn 0.9718 -0.2356 0.0080
vn 0.8455 -0.4128 -0.3388
vn 0.9797 -0.1727 0.1022
vn 0.8660 -0.3953 -0.3063
vn 0.9765 -0.1895 0.1028
vn 0.9804 -0.1728 -0.0944
vn 0.8660 -0.3952 0.3063
vn 0.9776 -0.1880 -0.0942
vn 0.8455 -0.4128 0.3388
vn 0.6151 -0.4785 0.6266
vn 0.7663 -0.3132 0.5610
vn 0.6029 -0.4893 0.6301
vn 0.9029 0.4156 -0.1100
vn 0.9292 0.3696 0.0079
vn 0.8954 0.4315 -0.1101
vn 0.9058 0.4090 0.1105
vn 0.8984 0.4250 0.1105
vn 0.4754 -0.4371 -0.7635
vn 0.7018 -0.2360 -0.6721
vn 0.4615 -0.4471 -0.7663
vn 0.8401 -0.4919 -0.2286
vn 0.8371 -0.3113 -0.4499
vn 0.8370 -0.3114 -0.4499
vn 0.9310 0.1563 -0.3299
vn 0.8984 0.4251 0.1106
vn 0.9365 0.1808 -0.3005
vn 0.9058 0.4090 0.1106
vn 0.8370 -0.3113 0.4500
vn 0.8371 -0.3113 0.4499
vn 0.8401 -0.4919 0.2286
vn 0.8953 0.4316 -0.1103
vn 0.9402 0.2198 0.2601
vn 0.9028 0.4156 -0.1102
vn 0.9329 0.1882 0.3071
vn 0.6345 -0.4577 -0.6229
vn 0.6102 -0.4809 -0.6295
vn 0.7879 -0.2727 -0.5522
vn 0.7742 -0.0519 0.6308
vn 0.8010 0.0983 0.5906
vn 0.7740 -0.0597 0.6304
vn 0.7742 -0.0522 0.6308
vn 0.9402 0.2201 0.2600
vn 0.9329 0.1882 0.3072
vn 0.7740 -0.0601 0.6304
vn 0.6369 -0.0628 0.7684
vn 0.6317 -0.0789 0.7712
vn 0.7043 0.2540 0.6629
vn 0.7704 -0.0516 -0.6355
vn 0.7666 -0.0679 -0.6385
vn 0.8023 0.1539 -0.5767
vn 0.6407 -0.0631 -0.7652
vn 0.7036 0.3095 -0.6397
vn 0.6405 -0.0710 -0.7647
vn 0.7703 -0.0520 -0.6355
vn 0.9365 0.1810 -0.3003
vn 0.7666 -0.0683 -0.6385
vn 0.9310 0.1563 -0.3298
vn 0.7165 -0.1001 0.6903
vn 0.7257 -0.0688 0.6845
vn 0.7257 -0.0687 0.6846
vn 0.7165 -0.1001 -0.6903
vn 0.7257 -0.0688 -0.6845
vn 0.7257 -0.0687 -0.6845
vn 0.8249 -0.5472 -0.1417
vn 0.7722 -0.6353 -0.0000
vn 0.8400 -0.4921 -0.2285
vn 0.7722 -0.6354 -0.0000
vn 0.8249 -0.5472 0.1416
vn 0.8400 -0.4921 0.2285
vn 0.6472 0.3876 0.6564
vn 0.6472 0.3877 0.6564
vn 0.6472 0.3877 -0.6564
vn 0.6472 0.3876 -0.6564
vn 0.8261 -0.5636 -0.0000
vn 0.7365 -0.5864 0.3372
vn 0.8260 -0.5636 -0.0000
vn 0.7598 -0.5857 0.2823
vn 0.7598 -0.5857 -0.2822
vn 0.8261 -0.5635 -0.0000
vn 0.7364 -0.5864 -0.3373
vn 0.6988 0.6855 -0.2042
vn 0.7410 0.5446 -0.3929
vn 0.7410 0.5446 0.3929
vn 0.6977 0.6887 0.1973
vn 0.7409 0.5446 0.3929
vn 0.6584 -0.2587 0.7068
vn 0.7165 -0.1002 0.6903
vn 0.7165 -0.1002 0.6904
vn 0.7556 -0.6428 -0.1259
vn 0.7651 -0.6439 0.0079
vn 0.7651 -0.6439 -0.0000
vn 0.7549 -0.6421 0.1336
vn 0.7549 -0.6421 0.1335
vn 0.7165 -0.1002 -0.6904
vn 0.6584 -0.2587 -0.7068
vn 0.7459 -0.3660 -0.5565
vn 0.7556 -0.6428 -0.1260
vn 0.7513 -0.3842 -0.5366
vn 0.7513 -0.3842 0.5366
vn 0.7549 -0.6421 0.1337
vn 0.7459 -0.3660 0.5565
vn 0.8764 -0.4816 -0.0000
vn 0.7358 -0.4856 0.4720
vn 0.7938 -0.4938 0.3550
vn 0.7938 -0.4938 -0.3550
vn 0.7358 -0.4856 -0.4720
vn 0.7238 0.1204 0.6794
vn 0.7239 0.1203 0.6794
vn 0.7239 0.1204 0.6794
vn 0.7239 0.1204 -0.6794
vn 0.7238 0.1204 -0.6794
vn 0.7238 0.1203 -0.6794
vn 0.7150 0.0018 0.6991
vn 0.6313 -0.3471 0.6935
vn 0.6361 -0.3452 0.6901
vn 0.7149 0.0096 0.6992
vn 0.7150 0.0018 -0.6991
vn 0.6313 -0.3471 -0.6935
vn 0.7149 0.0096 -0.6992
vn 0.6852 0.2524 0.6832
vn 0.6852 0.2524 -0.6832
vn 0.6853 0.2525 -0.6831
vn 0.6853 0.2524 -0.6831
vn 0.8989 -0.4262 0.1020
vn 0.9082 -0.4111 0.0786
vn 0.9288 -0.3704 0.0079
vn 0.9289 -0.3703 0.0079
vn 0.9289 -0.3704 0.0080
vn 0.9139 -0.4022 -0.0549
vn 0.9111 -0.4046 -0.0788
vn 0.9111 -0.4046 -0.0792
vn 0.6095 -0.5650 -0.5562
vn 0.7397 -0.5270 -0.4184
vn 0.9139 -0.4023 -0.0551
vn 0.8540 -0.4675 0.2284
vn 0.8988 -0.4262 0.1023
vn 0.8540 -0.4674 0.2284
vn 0.9082 -0.4111 0.0788
vn 0.7693 0.6389 -0.0078
vn 0.7535 0.6384 0.1568
vn 0.7526 0.6376 0.1646
vn 0.7535 0.6384 -0.1569
vn 0.7544 0.6392 -0.1491
vn 0.7693 0.6389 -0.0079
vn 0.6811 -0.1877 0.7077
vn 0.6900 -0.1407 0.7100
vn 0.6830 0.3148 0.6591
vn 0.7178 0.6167 0.3231
vn 0.7215 0.6051 0.3367
vn 0.6848 0.3077 0.6606
vn 0.6829 0.3152 0.6590
vn 0.6195 0.4968 0.6078
vn 0.6847 0.3080 0.6606
vn 0.7134 0.4027 -0.5735
vn 0.7544 0.6392 -0.1494
vn 0.7535 0.6384 -0.1570
vn 0.7276 0.4581 -0.5106
vn 0.7180 0.6166 -0.3229
vn 0.6767 0.3392 -0.6534
vn 0.7215 0.6051 -0.3367
vn 0.6770 0.3234 -0.6611
vn 0.6767 0.3396 -0.6533
vn 0.6769 0.3237 -0.6611
vn 0.6025 0.5356 -0.5917
vn 0.6811 -0.1877 -0.7077
vn 0.6900 -0.1408 -0.7100
vn 0.7210 0.4586 0.5194
vn 0.7103 0.4133 0.5697
vn 0.7535 0.6384 0.1570
vn 0.7526 0.6376 0.1647
vn 0.8847 -0.4662 -0.0000
vn 0.8872 -0.4597 0.0394
vn 0.8872 -0.4597 0.0395
vn 0.8872 -0.4597 -0.0394
vn 0.4620 -0.5549 0.6918
vn 0.3476 -0.6093 0.7127
vn 0.7398 -0.3515 0.5738
vn 0.4619 -0.5549 -0.6919
vn 0.7398 -0.3514 -0.5738
vn 0.3461 -0.6142 -0.7092
vn 0.7693 0.6388 -0.0078
vn 0.7536 0.6384 0.1568
vn 0.7526 0.6376 0.1644
vn 0.7694 0.6388 -0.0077
vn 0.7535 0.6384 -0.1568
vn 0.7545 0.6392 -0.1491
vn 0.7693 0.6388 -0.0079
vn 0.7694 0.6388 -0.0080
vn -0.0273 -0.8084 0.5880
vn 0.1293 -0.7777 0.6151
vn 0.1532 -0.7788 0.6083
vn 0.1293 -0.7778 -0.6151
vn -0.0273 -0.8085 -0.5879
vn 0.1532 -0.7787 -0.6084
vn 0.7134 0.4026 -0.5736
vn 0.7544 0.6392 -0.1493
vn 0.7211 0.4587 0.5193
vn 0.7103 0.4133 0.5698
vn 0.7535 0.6384 0.1569
vn 0.3453 -0.5975 0.7237
vn 0.2131 -0.6349 0.7426
vn 0.6567 -0.4486 0.6062
vn 0.3452 -0.5975 -0.7238
vn 0.6567 -0.4486 -0.6062
vn 0.2131 -0.6349 -0.7426
vn 0.7526 0.6376 0.1645
vn 0.1579 -0.6514 0.7421
vn 0.3363 -0.5737 0.7468
vn 0.0247 -0.6908 0.7226
vn 0.1580 -0.6515 -0.7420
vn 0.0247 -0.6909 -0.7225
vn 0.3362 -0.5737 -0.7469
vn 0.7210 0.4587 0.5194
vn 0.7929 -0.6093 -0.0077
vn 0.7570 -0.6361 0.1498
vn 0.7331 -0.6597 0.1654
vn 0.7929 -0.6093 -0.0080
vn 0.7570 -0.6361 -0.1498
vn 0.7415 -0.6521 -0.1577
vn 0.7505 -0.6609 -0.0079
vn 0.7770 -0.6096 -0.1570
vn 0.7007 -0.3911 -0.5967
vn 0.7801 -0.6197 0.0867
vn 0.7414 -0.6522 -0.1579
vn 0.7569 -0.6361 -0.1500
vn 0.7005 -0.3367 0.6292
vn 0.7006 -0.3368 0.6291
vn 0.8029 -0.5568 0.2130
vn 0.7006 -0.3914 -0.5967
vn 0.6622 -0.4083 -0.6284
vn 0.7039 -0.3932 -0.5916
vn 0.7135 0.4026 -0.5735
vn 0.7544 0.6392 -0.1495
vn 0.7277 0.4581 -0.5106
vn 0.7211 0.4586 0.5194
vn 0.7103 0.4134 0.5698
vn 0.7005 -0.3370 0.6291
vn 0.6421 -0.4577 0.6149
vn 0.4084 -0.6039 0.6845
vn 0.4785 -0.5784 0.6606
vn 0.7667 -0.4069 0.4965
vn 0.4084 -0.6039 -0.6845
vn 0.7667 -0.4070 -0.4965
vn 0.4785 -0.5784 -0.6607
vn 0.7929 -0.6093 -0.0078
vn 0.7570 -0.6361 0.1497
vn 0.7331 -0.6597 0.1653
vn 0.7929 -0.6093 -0.0079
vn 0.7415 -0.6522 -0.1575
vn 0.7505 -0.6609 -0.0078
vn 0.7770 -0.6097 -0.1570
vn 0.6894 -0.4173 -0.5921
vn 0.6892 -0.4176 -0.5921
vn 0.6399 -0.4638 -0.6127
vn 0.6934 -0.4153 -0.5889
vn 0.7801 -0.6196 0.0868
vn 0.7415 -0.6522 -0.1578
vn 0.6944 -0.3613 0.6223
vn 0.6883 -0.3702 0.6238
vn 0.8030 -0.5567 0.2130
vn 0.6200 -0.5059 0.5997
vn 0.7693 0.6388 -0.0077
vn 0.7536 0.6384 -0.1568
vn 0.7545 0.6391 -0.1491
vn 0.7693 0.6388 -0.0080
vn 0.7569 -0.6361 0.1498
vn 0.7569 -0.6361 -0.1498
vn 0.7416 -0.6521 -0.1577
vn 0.7504 -0.6609 -0.0078
vn 0.7770 -0.6096 -0.1571
vn 0.7171 -0.3445 -0.6059
vn 0.7415 -0.6521 -0.1578
vn 0.7094 -0.2981 0.6387
vn 0.7148 -0.2892 0.6367
vn 0.8030 -0.5566 0.2131
vn 0.7169 -0.3446 -0.6060
vn 0.6961 -0.3075 -0.6488
vn 0.7148 -0.2893 0.6367
vn 0.7093 -0.2983 0.6387
vn 0.6810 -0.3551 0.6405
vn 0.7565 -0.6126 0.2288
vn 0.3734 -0.7332 0.5684
vn 0.7155 -0.6276 0.3070
vn 0.7155 -0.6276 -0.3069
vn 0.3734 -0.7331 -0.5684
vn 0.7565 -0.6126 -0.2289
vn 0.8199 -0.5725 -0.0000
vn 0.7156 -0.6276 -0.3066
vn 0.7566 -0.6126 -0.2286
vn 0.7157 -0.6276 0.3065
vn 0.7566 -0.6126 0.2285
vn 0.7210 0.4587 0.5193
vn 0.7104 0.4133 0.5697
vn 0.7535 0.6384 0.1571
vn 0.7276 0.4580 -0.5107
vn 0.7570 -0.6360 0.1498
vn 0.7929 -0.6093 -0.0081
vn 0.7570 -0.6360 -0.1499
vn 0.7027 -0.3845 -0.5986
vn 0.7569 -0.6361 -0.1501
vn 0.7006 -0.3367 0.6291
vn 0.8030 -0.5567 0.2129
vn 0.7026 -0.3848 -0.5986
vn 0.6642 -0.4017 -0.6305
vn 0.6490 -0.4490 0.6142
vn 0.7134 0.4026 -0.5735
vn 0.7277 0.4580 -0.5106
vn 0.7536 0.6384 -0.1566
vn 0.7544 0.6392 -0.1492
vn 0.6930 -0.6446 -0.3230
vn 0.6698 -0.3537 -0.6529
vn 0.6610 -0.3068 -0.6848
vn 0.6927 -0.6598 -0.2912
vn 0.6651 -0.3712 0.6480
vn 0.6912 -0.6429 0.3300
vn 0.6634 -0.3313 0.6709
vn 0.6946 -0.6539 0.2999
vn 0.7929 -0.6093 -0.0076
vn 0.7505 -0.6609 -0.0077
vn 0.7769 -0.6097 -0.1569
vn 0.6936 -0.4149 -0.5890
vn 0.6962 -0.3545 0.6242
vn 0.6250 -0.5032 0.5968
vn 0.6934 -0.4152 -0.5889
vn 0.6421 -0.4577 -0.6150
vn 0.6955 -0.4087 -0.5909
vn 0.7211 0.4586 0.5193
vn 0.7133 0.4026 -0.5736
vn 0.7276 0.4582 -0.5106
vn 0.7226 -0.3356 -0.6043
vn 0.7066 -0.2737 -0.6525
vn 0.7206 -0.3307 -0.6094
vn 0.7415 -0.6522 -0.1577
vn 0.7163 -0.2821 0.6383
vn 0.7162 -0.2822 0.6383
vn 0.6912 -0.3286 0.6437
vn 0.7505 -0.6608 -0.0079
vn 0.7227 -0.3356 -0.6043
vn 0.7569 -0.6361 -0.1499
vn 0.7163 -0.2820 0.6383
vn 0.8030 -0.5566 0.2130
vn 0.7087 0.6876 0.1576
vn 0.7017 0.7125 -0.0000
vn 0.7104 0.6893 0.1422
vn 0.7087 0.6876 -0.1576
vn 0.7104 0.6893 -0.1422
vn 0.6754 -0.3136 0.6675
vn 0.7006 -0.6364 0.3228
vn 0.6688 -0.2676 0.6936
vn 0.7080 -0.6435 0.2911
vn 0.7040 -0.6471 -0.2928
vn 0.6853 -0.3377 -0.6453
vn 0.6820 -0.2818 -0.6749
vn 0.7076 -0.6508 -0.2753
vn 0.7180 0.3254 -0.6153
vn 0.7239 0.3009 -0.6209
vn 0.6600 0.4905 -0.5690
vn 0.7210 0.4585 0.5195
vn 0.7087 0.6877 0.1576
vn 0.7104 0.6893 0.1424
vn 0.7694 0.3726 0.5188
vn 0.7611 0.4361 0.4802
vn 0.7236 0.2688 0.6357
vn 0.7694 0.3725 0.5189
vn 0.7612 0.4357 0.4803
vn 0.7252 0.2614 0.6370
vn 0.7236 0.2690 0.6357
vn 0.6640 0.4798 0.5734
vn 0.7251 0.2617 0.6370
vn 0.7104 0.6893 -0.1424
vn 0.7087 0.6877 -0.1576
vn 0.7606 0.4198 -0.4952
vn 0.7552 0.4610 -0.4661
vn 0.7180 0.3253 -0.6153
vn 0.7240 0.3006 -0.6209
vn 0.6706 -0.3929 -0.6293
vn 0.7026 -0.3847 -0.5986
vn 0.7022 -0.3301 0.6309
vn 0.6512 -0.4427 0.6165
vn 0.7570 -0.6360 -0.1498
vn 0.7332 -0.6596 0.1654
vn 0.6842 0.7266 0.0631
vn 0.7017 0.7125 0.0001
vn 0.6842 0.7266 0.0632
vn 0.7017 0.7125 -0.0002
vn 0.6842 0.7266 -0.0631
vn 0.6842 0.7266 -0.0632
vn 0.7770 -0.6097 -0.1571
vn 0.7023 -0.3298 0.6309
vn 0.7787 0.4935 -0.3874
vn 0.7346 0.3020 -0.6076
vn 0.7830 0.4754 -0.4012
vn 0.7400 0.2773 -0.6128
vn 0.7345 0.3022 -0.6075
vn 0.7399 0.2776 -0.6128
vn 0.6675 0.4985 -0.5531
vn 0.6841 0.7266 -0.0631
vn 0.6842 0.7266 0.0630
vn 0.7954 0.4383 0.4187
vn 0.6841 0.7266 0.0631
vn 0.7406 0.2379 0.6284
vn 0.7954 0.4383 0.4186
vn 0.7922 0.4524 0.4095
vn 0.7406 0.2380 0.6284
vn 0.7406 0.2382 0.6283
vn 0.6743 0.4817 0.5597
vn 0.7406 0.2383 0.6283
vn -0.0410 0.7061 0.7069
vn -0.1738 0.6865 0.7060
vn -0.2928 0.6648 0.6873
vn -0.1737 0.6865 -0.7061
vn -0.0410 0.7061 -0.7069
vn -0.2927 0.6647 -0.6875
vn 0.7098 0.6969 0.1027
vn 0.7016 0.7125 -0.0000
vn 0.7156 0.6871 0.1260
vn 0.7109 0.6979 -0.0870
vn 0.7156 0.6871 -0.1260
vn 0.7802 -0.6195 0.0868
vn 0.6925 -0.3680 0.6205
vn 0.6864 -0.3769 0.6219
vn 0.8029 -0.5568 0.2129
vn 0.6108 -0.5281 0.5899
vn 0.7505 -0.6608 -0.0078
vn 0.6873 -0.4238 -0.5900
vn 0.6871 -0.4240 -0.5900
vn 0.6337 -0.4807 -0.6061
vn 0.6966 -0.4171 -0.5837
vn 0.6569 0.7459 0.1099
vn 0.6976 0.7164 0.0080
vn 0.6976 0.7164 0.0077
vn 0.6569 0.7459 -0.1099
vn 0.5959 -0.2526 0.7623
vn 0.5834 -0.2700 0.7660
vn 0.7415 0.0181 0.6707
vn 0.7495 0.4733 -0.4628
vn 0.7490 0.4891 -0.4469
vn 0.6707 0.2843 -0.6851
vn 0.7097 0.6970 0.1027
vn 0.7156 0.6870 0.1260
vn 0.7490 0.4891 0.4469
vn 0.7490 0.4891 0.4470
vn 0.6707 0.2842 0.6851
vn 0.6030 -0.2365 -0.7619
vn 0.7542 0.0657 -0.6533
vn 0.5980 -0.2379 -0.7654
vn 0.6853 -0.3375 0.6453
vn 0.7188 -0.3377 -0.6077
vn 0.7012 -0.2827 -0.6546
vn 0.7308 0.2690 0.6274
vn 0.6904 0.4183 0.5902
vn 0.7324 0.2617 0.6286
vn 0.7820 0.5468 -0.2990
vn 0.7251 0.2614 -0.6371
vn 0.7844 0.5243 -0.3314
vn 0.7267 0.2541 -0.6382
vn 0.7251 0.2617 -0.6370
vn 0.7267 0.2543 -0.6382
vn 0.6735 0.4652 -0.5745
vn 0.7308 0.2689 0.6274
vn 0.7667 0.5869 0.2603
vn 0.7738 0.5542 0.3069
vn 0.7325 0.2613 0.6286
vn 0.7504 -0.6610 -0.0078
vn -0.1146 0.8097 0.5755
vn -0.2478 0.7970 0.5508
vn -0.1300 0.8142 0.5659
vn -0.2478 0.7969 -0.5509
vn -0.1146 0.8096 -0.5757
vn -0.1300 0.8144 -0.5656
vn 0.7252 -0.2743 0.6315
vn 0.8133 -0.0904 0.5747
vn 0.7238 -0.2815 0.6299
vn 0.7370 -0.2490 -0.6284
vn 0.7305 -0.2653 -0.6293
vn 0.8244 -0.0426 -0.5644
vn 0.6601 -0.3606 0.6590
vn 0.6909 -0.6117 0.3852
vn 0.6617 -0.3375 0.6695
vn 0.6970 -0.6330 0.3369
vn 0.6987 -0.6348 -0.3299
vn 0.6601 -0.3607 -0.6589
vn 0.6909 -0.6118 -0.3853
vn 0.6618 -0.3381 -0.6691
vn 0.6697 -0.3537 0.6530
vn 0.6930 -0.6137 0.3784
vn 0.6679 -0.3294 0.6674
vn 0.7006 -0.6363 0.3229
vn 0.7006 -0.6363 -0.3229
vn 0.6930 -0.6137 -0.3784
vn 0.6678 -0.3294 -0.6675
vn 0.9816 0.1660 -0.0946
vn 0.9476 -0.0873 0.3072
vn 0.9840 0.1505 -0.0949
vn 0.9341 -0.1113 0.3393
vn 0.9341 -0.1113 -0.3393
vn 0.9808 0.1659 0.1024
vn 0.9476 -0.0872 -0.3072
vn 0.9833 0.1504 0.1027
vn 0.9947 0.1028 0.0078
vn 0.9833 0.1503 0.1026
vn 0.9808 0.1658 0.1023
vn 0.9947 0.1028 0.0080
vn 0.9841 0.1505 -0.0948
vn 0.9816 0.1659 -0.0945
vn 0.9947 0.1028 0.0076
vn 0.6915 0.0878 0.7170
vn 0.6095 0.5110 0.6061
vn 0.6864 0.1422 0.7132
vn 0.7056 0.7086 0.0002
vn 0.6988 0.6855 0.2044
vn 0.6951 0.6813 0.2293
vn 0.7055 0.7087 0.0001
vn 0.6914 0.0878 -0.7171
vn 0.6864 0.1422 -0.7132
vn 0.6095 0.5111 -0.6061
vn 0.7055 0.7087 -0.0001
vn 0.6988 0.6855 -0.2044
vn 0.7055 0.7087 -0.0003
vn 0.6951 0.6813 -0.2293
vn 0.6951 0.6814 0.2291
vn 0.7108 0.5287 0.4640
vn 0.7145 0.5072 0.4818
vn 0.6914 0.3552 0.6291
vn 0.6853 0.3638 0.6309
vn 0.6615 0.4272 0.6164
vn 0.6951 0.6814 -0.2292
vn 0.7108 0.5287 -0.4640
vn 0.7145 0.5072 -0.4819
vn 0.6914 0.3552 -0.6291
vn 0.6853 0.3638 -0.6309
vn 0.6615 0.4272 -0.6164
vn 0.6788 -0.3774 0.6300
vn 0.6924 -0.6286 0.3543
vn 0.6791 -0.3619 0.6386
vn 0.6947 -0.6462 0.3160
vn 0.6947 -0.6461 -0.3159
vn 0.6787 -0.3774 -0.6300
vn 0.6924 -0.6285 -0.3543
vn 0.6791 -0.3619 -0.6386
vn 0.6394 -0.3784 0.6693
vn 0.6771 -0.6215 0.3940
vn 0.6378 -0.3540 0.6840
vn 0.6852 -0.6448 0.3388
vn 0.6851 -0.6449 -0.3388
vn 0.6394 -0.3784 -0.6693
vn 0.6770 -0.6216 -0.3940
vn 0.6378 -0.3540 -0.6840
vn 0.6913 0.6856 0.2282
vn 0.7138 0.5229 0.4659
vn 0.7147 0.4914 0.4976
vn 0.6910 0.6933 0.2046
vn 0.6910 0.6933 -0.2046
vn 0.6913 0.6856 -0.2282
vn 0.7138 0.5229 -0.4659
vn 0.7148 0.4913 -0.4977
vn 0.6865 0.3007 0.6621
vn 0.7148 0.4915 0.4975
vn 0.6867 0.3007 0.6619
vn 0.6865 0.3006 0.6621
vn 0.6768 0.3394 0.6532
vn 0.6865 0.3008 -0.6620
vn 0.7148 0.4915 -0.4975
vn 0.6866 0.3007 -0.6619
vn 0.6866 0.3006 -0.6620
vn 0.6768 0.3394 -0.6532
vn 0.6910 0.6933 -0.2044
vn 0.7017 0.7124 -0.0001
vn 0.6914 0.6856 -0.2279
vn 0.6910 0.6933 0.2044
vn 0.6913 0.6857 0.2278
vn 0.7017 0.7124 0.0001
vn 0.7142 0.6534 0.2510
vn 0.7161 0.6150 0.3301
vn 0.7055 0.7087 0.0002
vn 0.7141 0.6535 -0.2511
vn 0.7055 0.7087 -0.0002
vn 0.7161 0.6151 -0.3300
vn 0.7142 0.6533 0.2513
vn 0.7147 0.3876 0.5822
vn 0.7141 0.6534 -0.2513
vn 0.7161 0.6150 -0.3301
vn 0.7147 0.3876 -0.5822
vn 0.7086 0.3725 0.5993
vn 0.7002 0.3879 0.5993
vn 0.6639 0.4799 0.5735
vn 0.7086 0.3725 -0.5993
vn 0.6639 0.4799 -0.5735
vn 0.7004 0.3880 -0.5992
vn 0.7022 0.3570 0.6160
vn 0.6940 0.3725 0.6161
vn 0.6674 0.4422 0.5992
vn 0.7023 0.3569 -0.6160
vn 0.6674 0.4422 -0.5992
vn 0.6980 0.3706 -0.6127
vn 0.7133 0.7009 -0.0000
vn 0.7088 0.6796 -0.1892
vn 0.7134 0.7008 -0.0001
vn 0.7054 0.6765 -0.2117
vn 0.7088 0.6796 0.1892
vn 0.7054 0.6765 0.2116
vn 0.7134 0.7008 0.0001
vn 0.7054 0.6764 0.2118
vn 0.7087 0.6796 0.1893
vn 0.7325 0.5200 0.4393
vn 0.7361 0.5065 0.4490
vn 0.7087 0.3722 0.5993
vn 0.7004 0.3877 0.5993
vn 0.7087 0.6796 -0.1893
vn 0.7054 0.6764 -0.2118
vn 0.7326 0.5200 -0.4392
vn 0.7361 0.5065 -0.4490
vn 0.7086 0.3723 -0.5994
vn 0.7003 0.3877 -0.5993
vn 0.7065 0.6776 0.2043
vn 0.7029 0.6733 0.2292
vn 0.7134 0.7008 -0.0002
vn 0.7065 0.6775 -0.2043
vn 0.7029 0.6733 -0.2292
vn 0.7028 0.6735 0.2291
vn 0.7202 0.5220 0.4570
vn 0.7247 0.5037 0.4703
vn 0.7066 0.6775 0.2043
vn 0.7023 0.3568 0.6160
vn 0.7066 0.6775 -0.2043
vn 0.7028 0.6735 -0.2291
vn 0.7202 0.5220 -0.4570
vn 0.7246 0.5037 -0.4704
vn 0.7022 0.3568 -0.6161
vn 0.6981 0.3706 -0.6127
vn -0.7318 0.6815 -0.0000
vn -0.7263 0.6608 -0.1892
vn -0.7228 0.6578 -0.2118
vn -0.7229 0.6577 0.2118
vn -0.7263 0.6608 0.1892
vn 0.6044 0.7967 -0.0000
vn 0.6572 0.7468 -0.1021
vn 0.6045 0.7966 -0.0000
vn 0.6578 0.7473 0.0943
vn 0.6999 0.6866 0.1968
vn 0.5695 0.8157 -0.1021
vn 0.7180 0.6165 0.3231
vn 0.5785 0.8092 -0.1024
vn 0.7215 0.6051 -0.3366
vn 0.5690 0.8150 0.1099
vn 0.7180 0.6165 -0.3231
vn 0.5819 0.8057 0.1109
vn 0.5786 0.8092 -0.1023
vn 0.6220 0.7830 0.0079
vn 0.5697 0.8155 -0.1020
vn 0.6220 0.7830 0.0078
vn 0.5820 0.8056 0.1108
vn 0.5691 0.8149 0.1098
vn 0.6220 0.7830 0.0081
vn -0.6882 0.7170 0.1104
vn -0.8090 0.5008 -0.3076
vn -0.6962 0.7093 0.1107
vn -0.8091 0.4854 -0.3314
vn -0.6845 0.7207 -0.1098
vn -0.7356 0.6774 0.0078
vn -0.6963 0.7092 -0.1105
vn -0.7962 0.5420 0.2689
vn -0.6962 0.7093 -0.1106
vn -0.8030 0.5102 0.3081
vn -0.6963 0.7092 0.1105
vn -0.7356 0.6774 0.0080
vn -0.6884 0.7169 0.1104
vn -0.4467 0.5562 0.7008
vn -0.2542 0.7411 0.6214
vn -0.4851 0.5006 0.7170
vn -0.1841 0.7741 0.6057
vn -0.1840 0.7743 -0.6055
vn -0.2539 0.7413 -0.6213
vn -0.0597 0.8326 -0.5506
vn -0.2541 0.7411 -0.6214
vn -0.1841 0.7741 -0.6057
vn -0.4466 0.5562 -0.7008
vn -0.4851 0.5006 -0.7170
vn -0.0829 0.8250 0.5590
vn -0.0204 0.8403 0.5418
vn 0.1365 0.8620 0.4882
vn 0.1551 0.7606 0.6305
vn 0.3847 0.7276 0.5680
vn 0.1703 0.7588 0.6287
vn -0.7997 0.4459 -0.4020
vn -0.7266 0.6842 -0.0631
vn -0.7998 0.4382 -0.4102
vn -0.2540 0.7412 0.6214
vn -0.1840 0.7743 0.6055
vn -0.0597 0.8326 0.5506
vn -0.7265 0.6842 0.0631
vn -0.8128 0.3897 0.4330
vn -0.8108 0.4120 0.4158
vn -0.1613 0.8140 0.5580
vn -0.0991 0.8334 0.5437
vn 0.0577 0.8701 0.4895
vn -0.2540 0.7412 0.6213
vn -0.0597 0.8326 0.5507
vn 0.5688 0.8225 -0.0000
vn 0.4920 0.7989 0.3460
vn 0.5687 0.8225 -0.0000
vn 0.4535 0.7747 0.4406
vn 0.4920 0.7989 -0.3459
vn 0.4534 0.7747 -0.4407
vn -0.4134 0.5091 0.7549
vn -0.3995 0.5273 0.7499
vn -0.1755 0.7288 0.6619
vn 0.6439 0.7651 -0.0000
vn 0.5770 0.7665 0.2819
vn 0.5566 0.7621 0.3307
vn 0.5770 0.7665 -0.2819
vn 0.5566 0.7621 -0.3307
vn -0.2627 0.7873 0.5578
vn -0.2086 0.8135 0.5429
vn -0.0606 0.8711 0.4873
vn -0.3915 0.5347 -0.7489
vn -0.1365 0.7591 -0.6365
vn -0.3832 0.5420 -0.7479
vn 0.2679 0.9588 -0.0944
vn 0.0159 0.9494 0.3136
vn -0.0072 0.9405 0.3398
vn 0.2532 0.9627 -0.0950
vn 0.2677 0.9581 0.1022
vn 0.0162 0.9486 -0.3160
vn 0.2530 0.9620 0.1029
vn -0.0072 0.9405 -0.3398
vn 0.0758 0.7662 -0.6381
vn 0.0759 0.7662 -0.6381
vn 0.2256 0.7622 -0.6068
vn 0.2021 0.7622 -0.6150
vn 0.2025 0.7621 -0.6150
vn 0.2258 0.7622 -0.6067
vn 0.3997 0.7265 -0.5590
vn -0.0637 0.9927 0.1025
vn -0.2985 0.9007 -0.3157
vn -0.0794 0.9915 0.1026
vn -0.3215 0.8840 -0.3393
vn -0.0638 0.9935 -0.0947
vn -0.2984 0.9007 0.3158
vn -0.3215 0.8840 0.3393
vn -0.0795 0.9923 -0.0948
vn -0.4312 0.6329 0.6431
vn -0.2710 0.7659 0.5831
vn -0.4268 0.6384 0.6406
vn -0.0204 0.8402 -0.5419
vn -0.0830 0.8250 -0.5590
vn 0.1365 0.8620 -0.4882
vn -0.0833 0.8248 -0.5592
vn -0.0207 0.8402 -0.5419
vn -0.2554 0.7448 -0.6165
vn -0.2776 0.7255 -0.6298
vn -0.4183 0.6452 -0.6393
vn -0.4098 0.6519 -0.6380
vn -0.2246 0.7917 -0.5681
vn -0.0638 0.9935 -0.0946
vn -0.1269 0.9919 0.0079
vn -0.0796 0.9923 -0.0947
vn -0.1270 0.9919 0.0078
vn -0.0796 0.9915 0.1025
vn -0.1270 0.9919 0.0080
vn -0.0637 0.9927 0.1024
vn -0.2540 0.7412 -0.6213
vn -0.0597 0.8326 -0.5507
vn -0.2542 0.7411 -0.6214
vn -0.1841 0.7742 -0.6056
vn -0.4467 0.5562 -0.7008
vn 0.2132 0.9770 0.0079
vn 0.2530 0.9620 0.1026
vn 0.2131 0.9770 0.0079
vn 0.2675 0.9581 0.1022
vn 0.2678 0.9588 -0.0944
vn 0.2532 0.9628 -0.0948
vn -0.3383 0.6372 0.6925
vn 0.1239 0.7453 0.6551
vn 0.1941 0.7525 0.6294
vn -0.2554 0.7448 0.6165
vn -0.0833 0.8249 0.5591
vn -0.2775 0.7255 0.6298
vn -0.0208 0.8402 0.5419
vn 0.1940 0.7525 -0.6294
vn 0.1239 0.7453 -0.6551
vn -0.3313 0.6390 -0.6942
vn -0.2197 0.6168 -0.7558
vn 0.0682 0.7482 -0.6599
vn -0.1966 0.6336 -0.7483
vn -0.2086 0.8135 -0.5429
vn -0.2627 0.7873 -0.5578
vn -0.0606 0.8711 -0.4873
vn -0.2630 0.7871 -0.5579
vn -0.2088 0.8134 -0.5430
vn -0.4958 0.5879 -0.6392
vn -0.5249 0.5461 -0.6529
vn -0.2541 0.7411 0.6214
vn -0.4852 0.5006 0.7169
vn -0.1841 0.7742 0.6056
vn 0.2391 0.8484 0.4723
vn 0.4284 0.9036 -0.0000
vn 0.4284 0.9036 0.0001
vn 0.3414 0.9008 0.2682
vn 0.2391 0.8484 -0.4723
vn 0.4284 0.9036 -0.0001
vn 0.3414 0.9008 -0.2683
vn -0.3707 0.6833 -0.6291
vn -0.4012 0.6509 -0.6445
vn -0.1616 0.8139 -0.5581
vn -0.0993 0.8333 -0.5438
vn -0.0992 0.8334 -0.5437
vn -0.1614 0.8140 -0.5581
vn 0.0576 0.8701 -0.4895
vn 0.1942 0.7524 0.6294
vn 0.1239 0.7452 0.6552
vn 0.5179 0.7133 0.4722
vn 0.1942 0.7524 -0.6294
vn 0.5179 0.7133 -0.4722
vn 0.1239 0.7452 -0.6552
vn -0.2432 0.6083 0.7556
vn -0.2188 0.6217 0.7521
vn 0.0136 0.7344 0.6786
vn -0.1898 0.6801 0.7081
vn -0.0806 0.7234 0.6857
vn 0.2491 0.7789 0.5755
vn -0.1897 0.6801 -0.7082
vn 0.2491 0.7789 -0.5755
vn -0.0806 0.7234 -0.6857
vn -0.4958 0.5879 0.6392
vn -0.2630 0.7871 0.5579
vn -0.5249 0.5461 0.6529
vn -0.2087 0.8133 0.5432
vn -0.0027 0.7565 0.6539
vn -0.0028 0.7565 0.6539
vn 0.1700 0.7588 0.6287
vn 0.1546 0.7606 0.6305
vn -0.1600 0.7530 -0.6383
vn -0.1369 0.7630 -0.6317
vn 0.0978 0.8289 -0.5508
vn -0.3766 0.6346 0.6749
vn -0.2776 0.7255 0.6297
vn -0.4020 0.6142 0.6791
vn -0.3765 0.6346 -0.6749
vn -0.4020 0.6142 -0.6791
vn -0.2776 0.7255 -0.6297
vn -0.0270 0.7773 0.6285
vn -0.2934 0.7184 0.6307
vn -0.1842 0.7674 0.6142
vn -0.2920 0.7148 -0.6354
vn -0.0270 0.7773 -0.6285
vn -0.1841 0.7674 -0.6142
vn -0.3707 0.6833 0.6291
vn -0.1616 0.8139 0.5581
vn -0.4012 0.6509 0.6445
vn -0.0993 0.8333 0.5439
vn 0.4969 0.8678 -0.0000
vn 0.3398 0.8717 -0.3530
vn 0.4970 0.8677 -0.0001
vn 0.3971 0.8867 -0.2368
vn 0.3971 0.8867 0.2368
vn 0.3399 0.8717 0.3530
vn 0.4969 0.8678 0.0001
vn -0.0353 0.8077 0.5885
vn 0.2000 0.8310 0.5191
vn -0.1840 0.7674 0.6142
vn -0.0353 0.8077 -0.5886
vn 0.2000 0.8310 -0.5191
vn -0.1763 0.7473 0.6406
vn 0.0509 0.8216 0.5678
vn -0.1602 0.7529 0.6383
vn -0.3625 0.6304 0.6864
vn 0.1630 0.7190 0.6756
vn -0.4326 0.6121 0.6619
vn 0.2117 0.7245 0.6560
vn 0.5565 0.7621 0.3311
vn 0.1633 0.7191 0.6754
vn 0.5769 0.7665 0.2823
vn 0.1630 0.7190 -0.6756
vn -0.3625 0.6304 -0.6864
vn -0.4326 0.6121 -0.6619
vn 0.2192 0.7234 -0.6547
vn 0.5565 0.7621 -0.3310
vn 0.5769 0.7665 -0.2822
vn 0.1633 0.7191 -0.6755
vn -0.0477 0.6612 0.7487
vn 0.0609 0.7451 0.6642
vn -0.0785 0.6295 0.7730
vn -0.0477 0.6612 -0.7487
vn -0.0785 0.6295 -0.7730
vn 0.0609 0.7451 -0.6642
vn -0.0268 0.7774 -0.6284
vn -0.2921 0.7148 -0.6355
vn 0.3969 0.8867 -0.2371
vn 0.3969 0.8867 0.2371
vn 0.3398 0.8716 0.3533
vn -0.0267 0.7773 0.6285
vn 0.3413 0.9008 0.2686
vn -0.0952 0.6747 0.7319
vn -0.0952 0.6747 -0.7319
vn 0.3413 0.9007 -0.2686
vn 0.2195 0.9703 0.1019
vn 0.2206 0.9752 -0.0158
vn 0.2206 0.9751 -0.0236
vn 0.2212 0.9690 -0.1105
vn 0.2212 0.9690 -0.1104
vn -0.3376 0.6208 0.7075
vn -0.1754 0.7362 0.6536
vn 0.0973 0.8535 0.5120
vn -0.3376 0.6207 -0.7076
vn 0.0973 0.8534 -0.5121
vn -0.1754 0.7363 -0.6536
vn 0.7830 0.4755 -0.4011
vn 0.7787 0.4936 -0.3873
vn 0.6841 0.7267 0.0631
vn 0.7922 0.4525 0.4094
vn -0.1226 0.8189 -0.5607
vn 0.1267 0.9405 -0.3152
vn 0.1733 0.9561 -0.2361
vn 0.1268 0.9406 -0.3149
vn 0.2212 0.9689 -0.1107
vn 0.2212 0.9689 -0.1106
vn 0.1422 0.9483 0.2836
vn 0.0646 0.9095 0.4105
vn -0.1841 0.7462 0.6398
vn 0.2195 0.9703 0.1022
vn 0.0646 0.9097 0.4103
vn 0.1422 0.9484 0.2835
vn 0.2195 0.9703 0.1020
vn 0.6976 0.7164 0.0079
vn 0.6568 0.7460 0.1097
vn 0.6440 0.7570 0.1102
vn 0.6568 0.7460 -0.1097
vn 0.6440 0.7570 -0.1103
vn -0.5199 0.4032 -0.7531
vn -0.3080 0.7148 -0.6279
vn -0.5157 0.4140 -0.7501
vn 0.6439 0.7571 0.1104
vn 0.7821 0.5466 -0.2992
vn 0.6568 0.7460 0.1101
vn 0.6439 0.7571 -0.1104
vn 0.7668 0.5867 0.2603
vn 0.6568 0.7460 -0.1099
vn 0.7737 0.5543 0.3069
vn -0.5214 0.3968 0.7554
vn -0.5125 0.4116 0.7536
vn -0.3463 0.6748 0.6516
vn -0.7152 0.6580 0.2356
vn -0.3803 0.7764 0.5026
vn -0.1298 0.8142 0.5659
vn -0.3802 0.7763 0.5027
vn -0.1144 0.8097 0.5756
vn -0.1299 0.8143 0.5658
vn -0.1146 0.8096 0.5756
vn -0.4520 0.7461 0.4888
vn -0.2479 0.7969 0.5509
vn -0.1298 0.8142 -0.5658
vn -0.3804 0.7762 -0.5027
vn -0.7152 0.6580 -0.2356
vn -0.3802 0.7764 -0.5027
vn -0.1299 0.8143 -0.5658
vn -0.1144 0.8097 -0.5756
vn -0.2479 0.7969 -0.5509
vn -0.4520 0.7461 -0.4888
vn 0.0163 0.9486 -0.3160
vn -0.1372 0.7629 -0.6318
vn 0.0160 0.9494 0.3136
vn -0.1603 0.7528 0.6384
vn -0.7577 0.6446 -0.1024
vn -0.8450 0.4203 0.3306
vn -0.8455 0.4128 0.3388
vn -0.8450 0.4203 -0.3306
vn -0.7570 0.6441 0.1102
vn -0.8455 0.4128 -0.3388
vn -0.3926 0.9197 0.0080
vn -0.3466 0.9315 0.1105
vn -0.3926 0.9197 0.0081
vn -0.3302 0.9374 0.1103
vn -0.3302 0.9374 -0.1103
vn -0.3926 0.9197 0.0077
vn -0.3466 0.9315 -0.1106
vn -0.3926 0.9197 0.0078
vn -0.5791 0.4979 -0.6456
vn -0.4505 0.6755 -0.5838
vn -0.3301 0.9375 -0.1102
vn -0.5008 0.8230 0.2681
vn -0.5251 0.7933 0.3081
vn -0.5798 0.5063 0.6383
vn -0.4885 0.6345 0.5990
vn -0.5799 0.5062 0.6383
vn -0.3301 0.9375 0.1103
vn -0.5311 0.7898 -0.3069
vn -0.3466 0.9315 0.1108
vn -0.5389 0.7747 -0.3308
vn 0.6149 -0.4787 0.6267
vn 0.8400 -0.4921 0.2286
vn 0.8249 -0.5473 0.1416
vn 0.8370 -0.3111 0.4502
vn 0.4600 -0.4533 0.7635
vn 0.4369 -0.4618 0.7719
vn 0.6662 -0.2820 0.6904
vn -0.6693 -0.3792 0.6389
vn -0.6874 0.1246 0.7155
vn -0.6945 0.0695 0.7161
vn -0.6684 -0.3946 0.6305
vn 0.4749 -0.6912 0.5447
vn 0.6367 -0.0631 0.7685
vn 0.4745 -0.6982 0.5361
vn 0.6317 -0.0793 0.7712
vn -0.6136 -0.3775 0.6935
vn -0.6251 0.1184 0.7715
vn -0.6232 0.0791 0.7781
vn -0.6121 -0.4086 0.6770
vn -0.7074 0.1645 0.6874
vn -0.7329 0.3517 0.5824
vn -0.7453 0.5793 0.3300
vn 0.6473 0.3875 0.6564
vn 0.6473 0.3876 0.6564
vn 0.6999 0.6866 0.1967
vn 0.7409 0.5447 0.3930
vn 0.6578 0.7473 0.0945
vn 0.6583 -0.2590 0.7068
vn 0.6766 -0.2204 0.7026
vn 0.5484 -0.4528 0.7030
vn 0.4931 -0.5156 0.7007
vn -0.7078 -0.0175 0.7062
vn -0.9238 -0.0225 -0.3822
vn -0.7074 0.1644 0.6874
vn -0.6730 0.1879 0.7154
vn -0.7328 0.3519 0.5824
vn -0.6695 -0.5982 0.4404
vn -0.6091 -0.2596 0.7494
vn -0.6116 -0.1967 0.7663
vn -0.6761 -0.6375 0.3695
vn -0.6250 0.1188 0.7716
vn -0.5487 0.4994 0.6704
vn -0.6230 0.0792 0.7782
vn -0.6509 -0.3613 0.6676
vn -0.6598 0.1577 0.7347
vn -0.6629 0.1251 0.7382
vn -0.6516 -0.3857 0.6532
vn -0.6116 -0.1966 0.7663
vn -0.5971 0.2141 0.7731
vn -0.5959 0.1903 0.7802
vn -0.6092 -0.2592 0.7494
vn 0.5683 0.2419 0.7864
vn 0.7459 -0.3659 0.5565
vn 0.5707 0.2268 0.7892
vn -0.6730 0.1882 0.7153
vn -0.6668 0.2044 0.7167
vn -0.6306 0.4088 0.6597
vn -0.4137 0.5090 0.7548
vn -0.8511 0.0814 0.5187
vn -0.3999 0.5270 0.7499
vn 0.2200 -0.6168 0.7557
vn 0.1966 -0.6250 0.7555
vn 0.5419 -0.5161 0.6633
vn -0.5970 0.2144 0.7731
vn -0.5690 0.4575 0.6833
vn -0.5959 0.1905 0.7801
vn -0.6445 -0.3699 0.6692
vn -0.6618 0.1404 0.7364
vn -0.6647 0.0940 0.7411
vn -0.6372 -0.3940 0.6624
vn -0.6598 0.1579 0.7347
vn -0.5945 0.5202 0.6131
vn -0.6629 0.1252 0.7382
vn -0.6617 0.1407 0.7364
vn -0.5871 0.5284 0.6133
vn -0.6648 0.0942 0.7411
vn -0.5932 -0.2032 0.7790
vn -0.7345 0.3840 0.5595
vn -0.5953 -0.1880 0.7812
vn -0.7431 0.4309 0.5119
vn -0.6984 -0.4826 0.5285
vn -0.6339 0.1653 0.7555
vn -0.7012 -0.4764 0.5304
vn -0.6353 0.1500 0.7575
vn 0.6304 -0.3157 0.7092
vn 0.6345 -0.2981 0.7132
vn 0.6305 -0.3156 0.7091
vn 0.6344 -0.2981 0.7132
vn 0.6032 -0.3735 0.7048
vn 0.6811 -0.1880 0.7077
vn 0.5539 -0.4507 0.7000
vn 0.6899 -0.1411 0.7100
vn 0.6811 -0.1876 0.7077
vn 0.4588 -0.4290 0.7781
vn 0.6376 -0.3384 0.6921
vn 0.4754 -0.4218 0.7721
vn 0.6065 -0.3628 0.7075
vn 0.6304 -0.3159 0.7091
vn 0.5926 -0.3848 0.7077
vn 0.6304 -0.3158 0.7092
vn 0.5879 -0.1355 0.7975
vn 0.7103 0.4131 0.5699
vn 0.7210 0.4585 0.5196
vn 0.5911 -0.1031 0.8000
vn 0.7357 -0.4856 0.4721
vn 0.7937 -0.4938 0.3553
vn 0.3507 -0.4952 0.7948
vn 0.2410 -0.5362 0.8090
vn 0.0388 0.6709 0.7406
vn 0.0702 0.6701 0.7389
vn 0.3956 0.6504 0.6485
vn -0.5819 0.2541 0.7726
vn -0.4853 0.5004 0.7170
vn -0.5881 0.2453 0.7707
vn -0.4469 0.5560 0.7008
vn 0.7598 -0.5856 0.2825
vn 0.3236 -0.6691 0.6690
vn 0.7364 -0.5864 0.3375
vn 0.3233 -0.6691 0.6692
vn 0.3857 -0.6517 0.6531
vn -0.1787 -0.7360 0.6530
vn 0.6242 0.2278 0.7473
vn 0.6241 0.2278 0.7474
vn 0.6242 0.2277 0.7473
vn 0.6241 0.2279 0.7474
vn -0.6392 0.1023 0.7622
vn -0.5823 -0.3529 0.7324
vn -0.5822 -0.3530 0.7324
vn -0.5963 -0.1804 0.7822
vn -0.5881 0.2451 0.7707
vn -0.5972 -0.1727 0.7833
vn -0.5819 0.2538 0.7726
vn 0.5683 0.2422 0.7864
vn 0.5707 0.2272 0.7891
vn 0.4841 0.5326 0.6942
vn -0.6352 0.1504 0.7576
vn -0.6338 0.1658 0.7555
vn -0.5930 0.4726 0.6519
vn 0.4142 -0.4943 0.7643
vn 0.6051 -0.4370 0.6655
vn 0.4207 -0.4926 0.7618
vn 0.6541 0.0002 0.7564
vn 0.6278 -0.1347 0.7666
vn 0.6540 0.0081 0.7565
vn 0.6205 -0.1665 0.7663
vn 0.5668 -0.3477 0.7469
vn 0.6540 0.0081 0.7564
vn 0.5829 -0.3165 0.7484
vn 0.5028 -0.5018 0.7038
vn 0.5913 -0.3867 0.7077
vn 0.4386 -0.5636 0.7000
vn 0.6067 -0.3626 0.7074
vn -0.6686 -0.3548 0.6536
vn -0.6499 0.1730 0.7400
vn -0.6692 -0.3074 0.6765
vn -0.6514 0.1577 0.7421
vn -0.6035 -0.1249 0.7875
vn -0.7345 0.3839 0.5595
vn -0.6071 -0.0779 0.7908
vn -0.7432 0.4309 0.5119
vn -0.6071 -0.0783 0.7908
vn -0.5730 -0.3839 0.7241
vn -0.6035 -0.1252 0.7875
vn 0.5944 -0.1114 0.7964
vn 0.7210 0.4584 0.5196
vn 0.5921 -0.0720 0.8026
vn -0.6514 0.1581 0.7421
vn -0.6499 0.1732 0.7400
vn -0.6103 0.4581 0.6463
vn -0.6975 -0.4579 0.5512
vn -0.6566 0.1490 0.7393
vn -0.6970 -0.4496 0.5586
vn -0.6586 0.1259 0.7419
vn -0.6032 -0.1644 0.7805
vn -0.7345 0.3839 0.5596
vn -0.6028 -0.1326 0.7868
vn -0.7431 0.4309 0.5120
vn -0.6584 0.1262 0.7420
vn -0.6566 0.1493 0.7393
vn -0.6174 0.4495 0.6456
vn 0.4205 -0.4926 0.7619
vn 0.1165 -0.5582 0.8215
vn 0.4141 -0.4944 0.7643
vn 0.0065 -0.5797 0.8148
vn 0.5483 -0.4530 0.7030
vn 0.4930 -0.5158 0.7006
vn 0.3763 -0.6266 0.6825
vn 0.1157 -0.5491 0.8277
vn -0.1650 -0.6835 0.7110
vn 0.2103 -0.5166 0.8300
vn -0.2422 -0.7308 0.6382
vn 0.4752 -0.4218 0.7722
vn 0.2104 -0.5167 0.8299
vn 0.4586 -0.4292 0.7781
vn 0.1161 -0.5490 0.8277
vn 0.5451 -0.3421 0.7654
vn 0.6205 -0.1667 0.7663
vn 0.5037 -0.4109 0.7599
vn 0.6278 -0.1351 0.7666
vn 0.0561 -0.6772 0.7337
vn 0.3364 -0.5737 0.7468
vn 0.1583 -0.6514 0.7420
vn 0.5849 -0.1738 0.7922
vn 0.7103 0.4131 0.5700
vn 0.5856 -0.1664 0.7934
vn -0.6540 -0.4032 0.6401
vn -0.6462 0.1253 0.7528
vn -0.6524 -0.3702 0.6613
vn -0.6480 0.0943 0.7558
vn -0.7714 0.4485 0.4514
vn -0.6757 0.2512 0.6930
vn -0.6701 0.2600 0.6952
vn 0.7505 -0.6608 -0.0080
vn -0.6481 0.0945 0.7557
vn -0.6462 0.1255 0.7528
vn -0.6031 0.4433 0.6631
vn -0.5953 -0.1883 0.7812
vn -0.4978 -0.5792 0.6456
vn -0.5932 -0.2035 0.7789
vn 0.5878 -0.1357 0.7975
vn 0.5379 -0.4587 0.7073
vn 0.5910 -0.1033 0.8000
vn -0.5921 -0.2107 0.7778
vn -0.5943 -0.1956 0.7801
vn 0.2408 -0.5362 0.8090
vn -0.1175 -0.6382 0.7608
vn -0.1176 -0.6383 0.7607
vn 0.3504 -0.4953 0.7949
vn -0.6757 0.2515 0.6930
vn -0.6014 0.3956 0.6941
vn -0.6700 0.2603 0.6952
vn 0.6031 -0.3736 0.7048
vn 0.4544 -0.5708 0.6839
vn 0.5874 -0.1433 0.7965
vn 0.5906 -0.1108 0.7993
vn 0.4598 -0.4533 0.7636
vn -0.0109 -0.8441 0.5361
vn 0.4367 -0.4622 0.7718
vn -0.0186 -0.8498 0.5268
vn 0.5943 -0.1118 0.7964
vn 0.5549 -0.3896 0.7350
vn 0.5921 -0.0722 0.8026
vn -0.0847 -0.7096 0.6995
vn 0.4082 -0.6039 0.6846
vn -0.1325 -0.7143 0.6872
vn -0.5962 -0.1807 0.7822
vn -0.5822 -0.3531 0.7324
vn 0.0062 -0.5798 0.8148
vn -0.3185 -0.7935 0.5186
vn 0.1164 -0.5582 0.8215
vn -0.3809 -0.8439 0.3778
vn 0.7506 -0.6607 -0.0081
vn -0.4270 0.6382 0.6406
vn -0.3215 0.8840 0.3395
vn -0.2983 0.9007 0.3159
vn -0.6028 -0.1329 0.7868
vn -0.5376 -0.4840 0.6905
vn -0.6032 -0.1647 0.7804
vn -0.0875 -0.5916 0.8014
vn -0.1207 -0.5473 0.8282
vn -0.1205 -0.5473 0.8282
vn -0.0310 -0.6627 0.7483
vn 0.3475 -0.6093 0.7127
vn 0.4534 0.7747 0.4408
vn 0.1110 0.6168 0.7792
vn 0.4918 0.7989 0.3463
vn 0.0171 0.5927 0.8052
vn 0.5027 -0.5018 0.7039
vn 0.4386 -0.5635 0.7001
vn 0.3144 -0.6594 0.6829
vn -0.6020 -0.1404 0.7861
vn -0.6061 -0.0937 0.7899
vn -0.6061 -0.0940 0.7898
vn -0.5633 -0.4143 0.7149
vn -0.6020 -0.1406 0.7860
vn 0.5451 -0.3420 0.7655
vn 0.4155 -0.5266 0.7417
vn 0.5943 -0.1116 0.7964
vn 0.5922 -0.0719 0.8026
vn 0.5849 -0.1740 0.7922
vn 0.5026 -0.5556 0.6623
vn 0.5855 -0.1664 0.7934
vn 0.0522 -0.5199 0.8526
vn 0.1288 -0.4443 0.8866
vn 0.1287 -0.4442 0.8866
vn -0.7524 0.5399 0.3774
vn -0.3932 0.6129 0.6854
vn -0.5943 -0.1958 0.7801
vn -0.4978 -0.5874 0.6381
vn -0.5920 -0.2111 0.7778
vn 0.5872 -0.1436 0.7966
vn 0.5304 -0.4669 0.7076
vn 0.5906 -0.1110 0.7993
vn 0.2130 -0.6349 0.7426
vn -0.0557 -0.6150 0.7865
vn 0.0522 -0.5201 0.8525
vn 0.5820 -0.1911 0.7904
vn 0.5843 -0.1814 0.7910
vn 0.1238 0.7452 0.6553
vn -0.3382 0.6372 0.6925
vn -0.3931 0.6129 0.6854
vn 0.5517 -0.4028 0.7303
vn 0.0641 0.6099 0.7899
vn -0.2078 0.4740 0.8557
vn -0.2698 0.4411 0.8559
vn 0.0559 0.6064 0.7932
vn 0.2441 0.6689 0.7021
vn -0.6013 -0.1797 0.7785
vn -0.5397 -0.4779 0.6930
vn 0.6205 0.1655 0.7665
vn 0.6193 0.1415 0.7723
vn 0.5543 0.4854 0.6761
vn 0.5873 -0.1433 0.7966
vn 0.7103 0.4130 0.5700
vn 0.5944 -0.1115 0.7964
vn 0.6634 -0.3311 0.6711
vn 0.6205 0.1652 0.7666
vn 0.6651 -0.3710 0.6481
vn 0.6194 0.1411 0.7723
vn 0.5819 -0.1914 0.7904
vn 0.4870 -0.5791 0.6538
vn 0.5842 -0.1816 0.7910
vn 0.5956 -0.2529 0.7624
vn 0.2706 -0.8014 0.5334
vn 0.5833 -0.2702 0.7660
vn 0.2644 -0.8066 0.5287
vn 0.7506 -0.6607 -0.0080
vn -0.2701 0.4410 0.8559
vn -0.7211 0.4479 0.5285
vn -0.8048 0.4518 0.3849
vn -0.2079 0.4739 0.8557
vn -0.6013 -0.1800 0.7785
vn -0.5058 -0.5634 0.6532
vn 0.6308 0.1881 0.7528
vn 0.6328 0.1729 0.7548
vn 0.5633 0.4946 0.6619
vn 0.5873 -0.1434 0.7966
vn 0.5315 -0.4755 0.7010
vn 0.5943 -0.1117 0.7964
vn 0.1630 0.7190 0.6757
vn 0.2113 0.7246 0.6560
vn -0.0478 0.6611 0.7488
vn -0.3414 0.4636 0.8176
vn -0.3747 0.4420 0.8150
vn -0.0785 0.6296 0.7730
vn -0.6027 -0.1327 0.7869
vn -0.6066 -0.0858 0.7903
vn -0.6066 -0.0862 0.7903
vn -0.5653 -0.4078 0.7170
vn -0.6028 -0.1330 0.7868
vn -0.4056 0.5620 0.7209
vn -0.0951 0.6748 0.7318
vn 0.2391 0.8484 0.4722
vn 0.5951 -0.0959 0.7979
vn 0.5925 -0.0563 0.8036
vn 0.7172 -0.4069 0.5657
vn 0.6308 0.1879 0.7528
vn 0.7190 -0.4234 0.5511
vn 0.6328 0.1726 0.7548
vn 0.0170 0.5927 0.8052
vn -0.3747 0.4878 0.7885
vn 0.1108 0.6168 0.7793
vn -0.3747 0.4878 0.7884
vn -0.5769 0.4342 0.6919
vn 0.6179 0.2125 0.7570
vn 0.6250 0.1965 0.7555
vn 0.5633 0.4945 0.6619
vn 0.5949 -0.0962 0.7980
vn 0.5617 -0.3655 0.7422
vn 0.5925 -0.0566 0.8036
vn -0.6042 -0.1171 0.7882
vn 0.6068 0.2032 0.7684
vn 0.6090 0.1881 0.7706
vn 0.5400 0.5185 0.6630
vn 0.6689 -0.2673 0.6936
vn 0.6180 0.2122 0.7570
vn 0.6754 -0.3132 0.6676
vn 0.6251 0.1963 0.7555
vn -0.5614 0.3496 0.7501
vn -0.4852 0.5004 0.7171
vn -0.5613 0.3497 0.7501
vn 0.5878 -0.1826 0.7881
vn 0.5850 -0.1738 0.7922
vn -0.4456 0.5699 0.6904
vn -0.3766 0.6345 0.6749
vn -0.6042 -0.1175 0.7881
vn -0.5419 -0.4718 0.6955
vn -0.5997 -0.0541 0.7984
vn -0.5967 -0.1012 0.7960
vn 0.5878 -0.1827 0.7881
vn 0.4951 -0.5715 0.6544
vn 0.5848 -0.1740 0.7923
vn -0.6204 0.2604 0.7398
vn -0.5992 -0.2664 0.7550
vn -0.6014 -0.2753 0.7500
vn 0.7175 -0.4379 0.5417
vn 0.6068 0.2028 0.7685
vn 0.7181 -0.4460 0.5342
vn 0.6090 0.1878 0.7706
vn -0.6132 0.3850 0.6898
vn -0.5249 0.5459 0.6530
vn -0.6148 0.3784 0.6920
vn -0.4961 0.5877 0.6392
vn -0.1736 0.6864 0.7062
vn -0.0408 0.7061 0.7070
vn -0.4013 0.6585 0.6367
vn -0.4054 0.5622 0.7208
vn -0.0953 0.6747 0.7319
vn -0.3750 0.4419 0.8149
vn -0.7469 0.2732 0.6063
vn -0.7504 0.2744 0.6013
vn -0.3416 0.4635 0.8176
vn -0.4995 0.4758 0.7240
vn -0.1842 0.7461 0.6398
vn 0.0645 0.9096 0.4105
vn -0.4995 0.4759 0.7239
vn -0.3376 0.6208 0.7076
vn -0.1843 0.7460 0.6399
vn 0.6690 0.2916 0.6837
vn 0.5898 0.4250 0.6867
vn 0.6706 0.2844 0.6852
vn -0.6662 -0.0318 0.7451
vn -0.6149 0.3783 0.6920
vn -0.6608 -0.1108 0.7423
vn -0.6132 0.3849 0.6898
vn -0.6401 -0.5511 0.5353
vn -0.6263 0.0951 0.7738
vn -0.6402 -0.5432 0.5432
vn -0.6235 0.0633 0.7792
vn 0.6402 0.1097 0.7603
vn 0.4920 -0.5072 0.7076
vn 0.5165 -0.4534 0.7264
vn -0.5553 0.4828 0.6772
vn -0.4012 0.6507 0.6446
vn -0.3708 0.6832 0.6291
vn 0.4156 -0.5265 0.7417
vn 0.6458 -0.0078 0.7635
vn 0.6458 -0.0157 0.7633
vn 0.5750 -0.3322 0.7477
vn 0.6459 -0.0157 0.7633
vn 0.5763 -0.3252 0.7497
vn -0.5368 0.6576 0.5286
vn 0.0699 0.6701 0.7390
vn -0.5424 0.6547 0.5264
vn 0.0387 0.6708 0.7406
vn -0.3681 -0.7423 0.5599
vn 0.2197 -0.6168 0.7558
vn -0.3614 -0.7444 0.5615
vn 0.1962 -0.6250 0.7555
vn -0.6025 0.4197 0.6789
vn -0.6024 0.4198 0.6788
vn 0.6691 0.2914 0.6837
vn 0.6706 0.2842 0.6852
vn 0.7490 0.4889 0.4471
vn -0.6235 0.0636 0.7792
vn -0.6262 0.0954 0.7738
vn -0.6231 0.3783 0.6845
vn -0.5996 -0.0541 0.7985
vn -0.5993 -0.2662 0.7550
vn -0.6014 -0.2752 0.7500
vn -0.6821 0.2816 0.6749
vn -0.6610 -0.2913 0.6915
vn -0.6643 -0.2768 0.6944
vn 0.5451 -0.3419 0.7655
vn 0.5038 -0.4108 0.7599
vn 0.6277 -0.1350 0.7666
vn 0.6594 0.1266 0.7411
vn 0.5606 0.5564 0.6133
vn 0.6541 0.1729 0.7364
vn -0.1765 0.7473 0.6406
vn -0.1602 0.7529 0.6384
vn 0.0161 0.9494 0.3136
vn 0.9477 -0.0870 0.3071
vn 0.7252 -0.2744 0.6315
vn 0.7237 -0.2817 0.6300
vn 0.9341 -0.1114 0.3393
vn 0.6560 0.1577 0.7381
vn 0.5686 0.5485 0.6131
vn 0.6513 0.1900 0.7347
vn -0.6163 0.4023 0.6770
vn -0.5554 0.4826 0.6772
vn -0.6162 0.4023 0.6771
vn 0.6601 -0.3604 0.6590
vn 0.6618 -0.3380 0.6691
vn 0.6541 0.1726 0.7365
vn 0.6594 0.1264 0.7411
vn 0.6211 -0.2293 0.7495
vn 0.5859 0.2430 0.7731
vn 0.5859 0.2193 0.7801
vn 0.5859 0.2194 0.7802
vn 0.5460 0.4847 0.6833
vn 0.5859 0.2433 0.7730
vn 0.6697 -0.3533 0.6532
vn 0.6679 -0.3291 0.6675
vn 0.6513 0.1895 0.7347
vn 0.6561 0.1574 0.7381
vn 0.6205 -0.1666 0.7663
vn 0.6211 -0.2296 0.7494
vn 0.6979 -0.5648 0.4404
vn 0.7064 -0.6037 0.3696
vn 0.6369 0.0945 0.7651
vn 0.5532 0.5085 0.6598
vn 0.6326 0.1412 0.7615
vn -0.6653 0.3556 0.6564
vn 0.6560 0.2368 0.7167
vn 0.6630 0.2208 0.7154
vn 0.6099 0.4391 0.6597
vn 0.6394 -0.3780 0.6695
vn 0.6378 -0.3539 0.6841
vn 0.6326 0.1410 0.7616
vn 0.6368 0.0944 0.7652
vn 0.6788 -0.3772 0.6301
vn 0.6791 -0.3618 0.6387
vn 0.6864 0.1420 0.7132
vn 0.6915 0.0877 0.7170
vn 0.9238 0.0226 -0.3822
vn 0.7076 0.0174 0.7064
vn 0.6985 0.1989 0.6874
vn 0.7147 0.3873 0.5824
vn 0.6630 0.2206 0.7154
vn 0.7147 0.3872 0.5825
vn 0.6986 0.1988 0.6874
vn -0.5007 0.8231 0.2678
vn -0.5800 0.5060 0.6384
vn -0.5215 0.3966 0.7555
vn -0.8352 -0.1469 0.5300
vn -0.5126 0.4114 0.7536
vn -0.8364 -0.1539 0.5260
vn -0.2191 0.6216 0.7521
vn -0.7742 0.3599 0.5206
vn -0.7742 0.3599 0.5207
vn -0.2433 0.6082 0.7556
vn -0.7244 0.3287 0.6060
vn -0.7518 0.4845 0.4472
vn -0.7511 0.4694 0.4642
vn -0.7313 0.6429 0.2279
vn -0.7315 0.6505 0.2044
vn -0.7169 0.3446 0.6060
vn -0.7510 0.4851 -0.4480
vn -0.7313 0.6428 -0.2279
vn -0.7315 0.6505 -0.2044
vn -0.7511 0.4695 -0.4641
vn -0.7244 0.3285 -0.6061
vn -0.7169 0.3446 -0.6060
vn -0.7431 0.6691 -0.0002
vn -0.7314 0.6427 -0.2280
vn -0.7431 0.6692 -0.0002
vn -0.7314 0.6427 0.2280
vn -0.7431 0.6692 0.0002
vn -0.7185 0.3531 0.5992
vn -0.7446 0.5013 0.4408
vn -0.7448 0.4939 0.4488
vn -0.7229 0.6576 0.2120
vn -0.7263 0.6608 0.1894
vn -0.7088 0.3755 0.5972
vn -0.7446 0.5013 -0.4408
vn -0.7229 0.6576 -0.2120
vn -0.7263 0.6608 -0.1894
vn -0.7448 0.4938 -0.4489
vn -0.7184 0.3532 -0.5993
vn -0.7088 0.3755 -0.5972
vn -0.6883 0.4090 0.5992
vn -0.7170 0.3446 -0.6059
vn -0.6882 0.4090 -0.5992
vn -0.7244 0.3287 -0.6060
vn -0.6765 -0.6458 0.3540
vn -0.6683 -0.3948 0.6304
vn -0.6782 -0.6636 0.3157
vn -0.6684 -0.3947 -0.6304
vn -0.6765 -0.6458 -0.3540
vn -0.6693 -0.3792 -0.6389
vn -0.6782 -0.6636 -0.3157
vn -0.7394 0.6733 -0.0002
vn -0.7453 0.6177 -0.2510
vn -0.7453 0.5793 -0.3300
vn -0.7393 0.6734 -0.0001
vn -0.7454 0.5793 0.3299
vn -0.7453 0.6177 0.2510
vn -0.7394 0.6732 0.0001
vn -0.7394 0.6733 0.0002
vn -0.6439 -0.6518 0.4006
vn -0.6121 -0.4089 0.6769
vn -0.6136 -0.3776 0.6935
vn -0.6529 -0.6775 0.3387
vn -0.6121 -0.4088 -0.6769
vn -0.6459 -0.6539 -0.3940
vn -0.6135 -0.3776 -0.6935
vn -0.6529 -0.6775 -0.3387
vn -0.7452 0.6177 0.2512
vn -0.7328 0.3522 0.5822
vn -0.7452 0.6177 -0.2512
vn -0.7328 0.3522 -0.5822
vn -0.7087 0.3757 0.5971
vn -0.7185 0.3532 0.5991
vn -0.6735 0.4643 0.5752
vn -0.7088 0.3758 -0.5970
vn -0.6736 0.4643 -0.5751
vn -0.7185 0.3532 -0.5991
vn -0.6873 0.1250 0.7155
vn -0.6196 0.4975 0.6071
vn -0.6944 0.0696 0.7162
vn -0.6873 0.1249 -0.7156
vn -0.6944 0.0696 -0.7162
vn -0.6196 0.4976 -0.6071
vn -0.7355 0.6775 -0.0000
vn -0.7240 0.6588 -0.2044
vn -0.7240 0.6510 -0.2280
vn -0.7356 0.6774 -0.0001
vn -0.7240 0.6510 0.2280
vn -0.7240 0.6588 0.2044
vn -0.7356 0.6775 -0.0000
vn -0.7356 0.6774 0.0002
vn -0.9804 -0.1578 -0.1180
vn -0.9887 -0.1502 -0.0000
vn -0.9887 -0.1501 -0.0000
vn -0.9804 -0.1578 0.1180
vn -0.7385 0.4875 0.4658
vn -0.7240 0.6510 0.2283
vn -0.7379 0.4558 0.4978
vn -0.7240 0.6588 0.2046
vn -0.7385 0.4876 -0.4658
vn -0.7240 0.6509 -0.2283
vn -0.7239 0.6588 -0.2046
vn -0.7379 0.4559 -0.4977
vn -0.7379 0.4559 0.4976
vn -0.7003 0.2667 0.6622
vn -0.7385 0.4873 0.4660
vn -0.7002 0.2668 0.6622
vn -0.7380 0.4558 -0.4976
vn -0.7003 0.2667 -0.6621
vn -0.7005 0.2668 -0.6619
vn -0.7385 0.4873 -0.4660
vn -0.7095 0.3139 0.6310
vn -0.7358 0.4933 0.4640
vn -0.7420 0.4689 0.4791
vn -0.7040 0.3229 0.6326
vn -0.7385 0.4874 -0.4659
vn -0.7313 0.6429 -0.2279
vn -0.7420 0.4689 -0.4791
vn -0.7096 0.3138 -0.6309
vn -0.7040 0.3229 -0.6326
vn -0.7393 0.6734 -0.0003
vn -0.7393 0.6734 -0.0002
vn -0.7393 0.6734 0.0001
vn -0.6517 -0.3859 0.6530
vn -0.6622 -0.6468 0.3785
vn -0.6686 -0.6699 0.3229
vn -0.6510 -0.3615 0.6675
vn -0.6517 -0.3860 -0.6530
vn -0.6622 -0.6468 -0.3785
vn -0.6510 -0.3615 -0.6675
vn -0.6686 -0.6698 -0.3230
vn -0.6925 0.3059 0.6534
vn -0.7002 0.2667 -0.6622
vn -0.6924 0.3059 -0.6534
vn -0.8511 0.0814 -0.5187
vn -0.9804 -0.1578 -0.1181
vn -0.8511 0.0813 -0.5187
vn -0.9804 -0.1578 0.1181
vn -0.8511 0.0814 0.5186
vn -0.6371 -0.3943 0.6623
vn -0.6602 -0.6448 0.3852
vn -0.6652 -0.6664 0.3369
vn -0.6445 -0.3701 0.6691
vn -0.6371 -0.3943 -0.6623
vn -0.6602 -0.6448 -0.3852
vn -0.6445 -0.3701 -0.6691
vn -0.6669 -0.6681 -0.3300
vn -0.7096 0.3139 0.6308
vn -0.6815 0.3944 0.6164
vn -0.6816 0.3944 -0.6164
vn -0.7096 0.3139 -0.6308
vn -0.7966 0.6044 -0.0079
vn -0.7847 0.6016 0.1491
vn -0.7807 0.6047 0.1577
vn -0.7825 0.6061 -0.1423
vn -0.7816 0.6054 -0.1500
vn -0.7403 0.3750 -0.5580
vn -0.7825 0.6061 -0.1425
vn -0.7521 0.4237 -0.5048
vn -0.7816 0.6054 -0.1502
vn -0.7847 0.6016 0.1494
vn -0.7345 0.3843 0.5594
vn -0.7432 0.4310 0.5118
vn -0.7806 0.6047 0.1580
vn -0.7848 0.6016 0.1493
vn -0.7966 0.6044 -0.0078
vn -0.7825 0.6061 -0.1424
vn -0.7966 0.6044 -0.0080
vn -0.8091 0.5009 -0.3074
vn -0.8091 0.4853 -0.3314
vn -0.7309 0.2186 -0.6465
vn -0.6964 0.7091 -0.1105
vn -0.8030 0.5100 0.3082
vn -0.7962 0.5421 0.2688
vn -0.7371 0.2258 0.6370
vn -0.7383 0.2183 0.6382
vn -0.7383 0.2185 0.6381
vn -0.7087 0.3757 0.5972
vn -0.7371 0.2260 0.6369
vn -0.6686 -0.3552 0.6534
vn -0.6746 -0.6680 0.3141
vn -0.6757 -0.6773 0.2911
vn -0.6692 -0.3075 0.6764
vn -0.6770 -0.3236 -0.6610
vn -0.6756 -0.3709 -0.6372
vn -0.6678 -0.6850 -0.2913
vn -0.6764 -0.6861 -0.2679
vn -0.7521 0.4238 -0.5047
vn -0.7346 0.3841 0.5594
vn -0.7432 0.4309 0.5118
vn -0.7807 0.6047 0.1579
vn -0.7309 0.2189 -0.6464
vn -0.6881 0.4322 -0.5828
vn -0.7847 0.6017 0.1491
vn -0.7965 0.6045 -0.0079
vn -0.7825 0.6062 -0.1424
vn -0.7966 0.6045 -0.0080
vn -0.7966 0.6045 -0.0079
vn -0.7403 0.3751 -0.5579
vn -0.7825 0.6061 -0.1426
vn -0.7521 0.4236 -0.5049
vn -0.7816 0.6054 -0.1503
vn -0.7483 0.6513 0.1259
vn -0.7393 0.6734 -0.0000
vn -0.7498 0.6524 0.1104
vn -0.7477 0.6584 -0.0865
vn -0.7513 0.6462 -0.1344
vn -0.7345 0.3842 0.5594
vn -0.7661 -0.6426 -0.0079
vn -0.7250 -0.6723 0.1498
vn -0.7078 -0.6868 0.1652
vn -0.7661 -0.6426 -0.0078
vn -0.7165 -0.6796 -0.1574
vn -0.7241 -0.6715 -0.1575
vn -0.7661 -0.6426 -0.0080
vn -0.7687 0.4469 0.4576
vn -0.7483 0.6513 0.1260
vn -0.7497 0.6525 0.1103
vn -0.7687 0.4468 -0.4577
vn -0.7682 0.4311 -0.4734
vn -0.7211 -0.6928 -0.0080
vn -0.7078 -0.6868 0.1654
vn -0.7502 -0.6421 -0.1579
vn -0.7210 -0.6929 -0.0076
vn -0.6981 -0.3706 -0.6127
vn -0.7164 -0.6796 -0.1577
vn -0.7561 -0.6487 0.0867
vn -0.7241 -0.6715 -0.1576
vn -0.6959 -0.3095 0.6480
vn -0.6924 -0.3079 0.6526
vn -0.7779 -0.5917 0.2117
vn -0.6567 -0.3407 -0.6728
vn -0.6595 -0.3861 -0.6450
vn -0.6607 -0.6776 -0.3229
vn -0.6598 -0.6928 -0.2912
vn -0.6540 -0.4034 0.6400
vn -0.6607 -0.6776 0.3229
vn -0.6598 -0.6928 0.2912
vn -0.6525 -0.3703 0.6611
vn -0.6758 0.2513 0.6929
vn -0.7715 0.4484 0.4515
vn -0.7687 0.4468 0.4577
vn -0.6758 0.2513 -0.6929
vn -0.7682 0.4309 -0.4734
vn -0.7393 0.6733 -0.0000
vn -0.7266 0.6841 -0.0631
vn -0.7266 0.6842 -0.0630
vn -0.7997 0.4458 -0.4022
vn -0.7999 0.4380 -0.4102
vn -0.7378 0.2649 -0.6209
vn -0.7455 0.2413 -0.6213
vn -0.7266 0.6842 0.0630
vn -0.8107 0.4118 0.4161
vn -0.7441 0.2019 0.6368
vn -0.7452 0.1943 0.6379
vn -0.7002 -0.3636 -0.6144
vn -0.6830 -0.3149 -0.6591
vn -0.6981 -0.3705 -0.6127
vn -0.7266 0.6842 0.0632
vn -0.7266 0.6842 0.0631
vn -0.7394 0.6732 -0.0000
vn -0.6924 -0.3079 0.6525
vn -0.6666 -0.3619 0.6517
vn -0.7345 0.3842 0.5593
vn -0.7806 0.6047 0.1579
vn -0.7661 -0.6427 -0.0079
vn -0.7249 -0.6723 0.1498
vn -0.7164 -0.6796 -0.1575
vn -0.7451 0.1946 0.6379
vn -0.6939 0.4462 0.5651
vn -0.7441 0.2021 0.6368
vn -0.7454 0.2416 -0.6213
vn -0.7377 0.2652 -0.6209
vn -0.6881 0.4632 -0.5585
vn -0.7212 -0.6927 -0.0080
vn -0.7250 -0.6723 0.1497
vn -0.7502 -0.6421 -0.1578
vn -0.7210 -0.6928 -0.0078
vn -0.6656 -0.4568 -0.5902
vn -0.7164 -0.6796 -0.1576
vn -0.7562 -0.6486 0.0868
vn -0.6661 -0.4012 0.6287
vn -0.6705 -0.3879 0.6324
vn -0.7779 -0.5917 0.2115
vn -0.7460 0.6491 0.1490
vn -0.7394 0.6733 -0.0000
vn -0.7478 0.6430 0.1651
vn -0.7478 0.6430 -0.1651
vn -0.7497 0.6446 -0.1498
vn -0.7790 0.3271 0.5349
vn -0.7460 0.6490 0.1492
vn -0.7479 0.6430 0.1651
vn -0.7786 0.3969 0.4861
vn -0.7786 0.3966 0.4863
vn -0.7790 0.3270 0.5350
vn -0.7297 0.2260 0.6453
vn -0.7309 0.2186 0.6465
vn -0.7497 0.6446 -0.1500
vn -0.7739 0.3831 -0.5043
vn -0.7739 0.4219 -0.4722
vn -0.7258 0.2900 -0.6237
vn -0.7305 0.2653 -0.6293
vn -0.7304 0.2656 -0.6293
vn -0.7257 0.2904 -0.6237
vn -0.6801 0.4556 -0.5743
vn -0.2982 0.9008 -0.3157
vn -0.4100 0.6518 -0.6380
vn -0.4186 0.6451 -0.6393
vn -0.4271 0.6381 0.6406
vn -0.2983 0.9008 0.3157
vn -0.4314 0.6327 0.6431
vn -0.7309 0.2189 0.6465
vn -0.6816 0.4411 0.5838
vn -0.7297 0.2263 0.6452
vn -0.6680 -0.4507 -0.5921
vn -0.6095 -0.5110 -0.6061
vn -0.6655 -0.4570 -0.5901
vn -0.7078 -0.6868 0.1653
vn -0.7661 -0.6426 -0.0077
vn -0.7661 -0.6426 -0.0081
vn -0.6704 -0.3881 0.6324
vn -0.6661 -0.4015 0.6286
vn -0.5871 -0.5517 0.5925
vn -0.7211 -0.6928 -0.0081
vn -0.7501 -0.6423 -0.1578
vn -0.7210 -0.6929 -0.0078
vn -0.6821 -0.4098 -0.6056
vn -0.7165 -0.6795 -0.1578
vn -0.7240 -0.6715 -0.1576
vn -0.6797 -0.3568 0.6408
vn 0.1283 -0.4444 0.8866
vn 0.0521 -0.5200 0.8526
vn -0.0558 -0.6150 0.7865
vn 0.0522 -0.5198 -0.8527
vn 0.1284 -0.4441 -0.8867
vn -0.0557 -0.6149 -0.7866
vn -0.6853 -0.4118 -0.6006
vn -0.6428 -0.4250 -0.6373
vn -0.6821 -0.4099 -0.6056
vn -0.7874 0.5339 0.3082
vn -0.3934 0.6128 0.6853
vn -0.7524 0.5398 0.3775
vn -0.7524 0.5398 -0.3775
vn -0.3934 0.6129 -0.6853
vn -0.7874 0.5339 -0.3082
vn -0.6796 -0.3570 0.6408
vn -0.6257 -0.4716 0.6214
vn -0.7966 0.6045 -0.0078
vn -0.7816 0.6054 -0.1501
vn -0.8658 0.5004 -0.0000
vn -0.7525 0.5399 0.3771
vn -0.7875 0.5339 0.3079
vn -0.7875 0.5339 -0.3079
vn -0.7525 0.5400 -0.3772
vn 0.3732 -0.7332 0.5685
vn 0.0983 -0.7944 0.5994
vn 0.7155 -0.6276 0.3069
vn 0.1694 -0.8002 0.5753
vn 0.3090 -0.7769 0.5486
vn 0.0984 -0.7944 0.5994
vn 0.0983 -0.7944 -0.5994
vn 0.3732 -0.7332 -0.5684
vn 0.7154 -0.6278 -0.3067
vn 0.3090 -0.7768 -0.5487
vn 0.1693 -0.8000 -0.5756
vn 0.0984 -0.7945 -0.5993
vn 0.2131 -0.6350 0.7425
vn 0.3450 -0.5976 0.7238
vn -0.0555 -0.6151 0.7865
vn 0.3451 -0.5976 -0.7237
vn 0.2131 -0.6349 -0.7427
vn -0.0557 -0.6149 -0.7867
vn -0.7079 -0.6867 0.1654
vn -0.7002 -0.3638 -0.6143
vn -0.7165 -0.6795 -0.1577
vn -0.7561 -0.6487 0.0866
vn -0.7240 -0.6716 -0.1576
vn -0.6941 -0.3007 0.6541
vn -0.6847 -0.3078 -0.6606
vn -0.6941 -0.3007 0.6540
vn -0.6686 -0.3550 0.6535
vn -0.7521 0.4236 -0.5048
vn -0.7164 -0.6797 -0.1575
vn -0.7660 -0.6428 -0.0079
vn -0.7661 -0.6427 -0.0078
vn -0.7250 -0.6722 0.1497
vn -0.7502 -0.6422 -0.1578
vn -0.7211 -0.6928 -0.0078
vn -0.6674 -0.4420 -0.5993
vn -0.7165 -0.6796 -0.1576
vn -0.6736 -0.3773 0.6355
vn -0.6747 -0.4421 -0.5910
vn -0.6190 -0.4884 -0.6151
vn -0.6673 -0.4422 -0.5993
vn -0.6734 -0.3776 0.6355
vn -0.5994 -0.5249 0.6043
vn -0.0355 0.8076 0.5886
vn -0.1839 0.7674 0.6143
vn -0.2934 0.7185 0.6306
vn -0.1840 0.7674 -0.6142
vn -0.0355 0.8077 -0.5885
vn -0.7848 0.6016 0.1492
vn -0.3627 0.6303 0.6864
vn -0.4328 0.6121 0.6619
vn -0.7354 0.4620 0.4957
vn -0.3627 0.6304 -0.6863
vn -0.7354 0.4620 -0.4957
vn -0.4328 0.6121 -0.6619
vn -0.7241 -0.6714 -0.1576
vn -0.7662 -0.6426 -0.0082
vn -0.7661 -0.6427 -0.0077
vn -0.7825 0.6062 -0.1425
vn -0.7522 0.4237 -0.5046
vn -0.7847 0.6016 0.1493
vn -0.7345 0.3841 0.5594
vn -0.7432 0.4310 0.5117
vn -0.6830 -0.4185 -0.5987
vn -0.6438 -0.4336 -0.6305
vn -0.6798 -0.4165 -0.6036
vn -0.7502 -0.6421 -0.1577
vn -0.7211 -0.6928 -0.0077
vn -0.6798 -0.4164 -0.6037
vn -0.6777 -0.3639 0.6390
vn -0.6185 -0.4799 0.6222
vn -0.7164 -0.6796 -0.1579
vn -0.7561 -0.6487 0.0868
vn -0.7240 -0.6715 -0.1577
vn -0.6777 -0.3636 0.6391
vn -0.6798 -0.3567 0.6409
vn -0.6940 -0.3724 -0.6162
vn -0.6786 -0.3323 -0.6550
vn -0.6959 -0.3773 -0.6110
vn -0.6941 -0.3166 0.6465
vn -0.6595 -0.3859 0.6451
vn -0.7210 -0.6929 -0.0077
vn -0.6959 -0.3774 -0.6109
vn -0.7779 -0.5917 0.2118
vn -0.6692 -0.3794 0.6389
vn -0.6683 -0.3948 0.6305
vn -0.5947 -0.5355 0.5997
vn -0.6748 -0.4421 -0.5910
vn -0.6165 -0.4944 -0.6128
vn -0.6706 0.2994 -0.6787
vn -0.9495 0.1972 -0.2441
vn -0.9429 0.1977 -0.2682
vn -0.6906 0.2972 -0.6594
vn -0.4701 0.5248 -0.7096
vn -0.3376 0.6209 -0.7075
vn -0.1757 0.7362 -0.6536
vn -0.7164 -0.6797 -0.1574
vn -0.1739 0.6864 0.7061
vn -0.5962 0.5524 0.5825
vn -0.2930 0.6646 0.6874
vn -0.1897 0.6801 0.7081
vn -0.0807 0.7234 0.6857
vn -0.1739 0.6864 -0.7061
vn -0.2930 0.6646 -0.6874
vn -0.5962 0.5524 -0.5826
vn -0.7506 0.2744 0.6011
vn -0.7470 0.2731 0.6061
vn -0.9509 0.1897 0.2445
vn -0.9463 0.1905 0.2612
vn -0.4071 0.5569 -0.7240
vn -0.1896 0.6802 -0.7081
vn -0.0808 0.7234 -0.6857
vn -0.7212 -0.6927 -0.0081
vn -0.7251 -0.6722 0.1497
vn -0.7210 -0.6929 -0.0079
vn -0.6674 -0.4421 -0.5993
vn -0.6683 -0.3946 0.6306
vn -0.6693 -0.3791 0.6390
vn -0.3375 0.6208 0.7076
vn -0.4995 0.4758 0.7239
vn -0.1757 0.7362 0.6536
vn -0.7211 0.4479 -0.5285
vn -0.8048 0.4519 -0.3848
vn -0.9110 0.4124 -0.0000
vn -0.8049 0.4518 0.3848
vn -0.7879 0.5885 -0.1816
vn -0.5210 0.6577 -0.5441
vn -0.5291 0.6577 -0.5362
vn -0.7879 0.5885 -0.1815
vn -0.6776 -0.3638 0.6391
vn -0.6190 -0.4883 0.6151
vn -0.6830 -0.4185 -0.5986
vn -0.6414 -0.4400 -0.6285
vn -0.6788 -0.4205 -0.6020
vn -0.7879 0.5885 0.1815
vn -0.5426 0.6547 0.5262
vn -0.5370 0.6576 0.5284
vn -0.9832 0.1812 0.0238
vn -0.9510 0.1897 0.2442
vn -0.9464 0.1905 0.2609
vn -0.9833 0.1812 0.0159
vn -0.9430 0.1977 -0.2678
vn -0.9496 0.1972 -0.2437
vn -0.9832 0.1812 0.0236
vn -0.9833 0.1812 0.0158
vn -0.7661 -0.6426 -0.0082
vn -0.7661 -0.6426 -0.0076
vn -0.6820 0.2818 0.6749
vn -0.6642 -0.2769 0.6943
vn -0.6642 -0.2769 -0.6944
vn -0.6820 0.2818 -0.6749
vn -0.7500 -0.6423 -0.1578
vn -0.6789 -0.4204 -0.6019
vn -0.6777 -0.3636 0.6392
vn -0.6777 -0.3637 0.6391
vn -0.7779 -0.5917 0.2116
vn -0.3805 0.7763 0.5026
vn -0.7151 0.6581 0.2356
vn -0.7337 0.6525 0.1894
vn -0.3805 0.7763 -0.5026
vn -0.7337 0.6525 -0.1894
vn -0.0407 0.7061 -0.7069
vn -0.4033 0.6541 -0.6399
vn -0.7792 0.5804 -0.2367
vn -0.7377 0.5797 0.3461
vn -0.7792 0.5804 0.2367
vn -0.4015 0.6585 0.6366
vn -0.8323 0.5544 -0.0000
vn -0.7378 0.5797 -0.3457
vn -0.7793 0.5803 -0.2364
vn -0.8323 0.5543 -0.0000
vn -0.7378 0.5797 0.3457
vn -0.7793 0.5804 0.2364
vn -0.8449 0.4203 0.3309
vn -0.7577 0.6445 -0.1027
vn -0.7648 0.6360 -0.1027
vn -0.7571 0.6439 0.1105
vn -0.8450 0.4201 -0.3308
vn -0.7642 0.6355 0.1105
vn -0.8450 0.4204 -0.3306
vn -0.7274 0.1552 -0.6684
vn -0.7282 0.1473 -0.6693
vn -0.8450 0.4203 0.3305
vn -0.7296 0.1321 0.6710
vn -0.7297 0.1320 0.6709
vn -0.7282 0.1477 -0.6693
vn -0.7274 0.1554 -0.6684
vn -0.7087 0.3757 -0.5972
vn -0.7296 0.1324 0.6709
vn -0.7171 0.3291 0.6144
vn -0.7966 0.6044 0.0079
vn -0.7642 0.6354 0.1103
vn -0.7966 0.6044 0.0080
vn -0.7571 0.6440 0.1103
vn -0.7577 0.6445 -0.1024
vn -0.7649 0.6360 -0.1025
vn -0.7966 0.6044 0.0078
vn -0.7792 0.6268 -0.0000
vn -0.7152 0.6581 -0.2355
vn -0.7338 0.6525 -0.1891
vn -0.7792 0.6267 -0.0000
vn -0.7152 0.6581 0.2353
vn -0.7338 0.6525 0.1891
vn -0.6653 0.3554 0.6566
vn -0.6653 0.3554 0.6565
vn -0.6653 0.3554 -0.6566
vn -0.6653 0.3554 -0.6565
vn -0.8033 0.5956 0.0080
vn -0.7879 0.5885 0.1814
vn -0.8033 0.5956 0.0078
vn -0.7879 0.5885 -0.1814
vn -0.5801 0.5060 0.6384
vn -0.5007 0.8232 0.2677
vn -0.5800 0.5059 0.6384
vn -0.5793 0.4976 -0.6456
vn -0.5308 0.7900 -0.3069
vn -0.8330 -0.1626 -0.5288
vn -0.9003 -0.4144 -0.1335
vn -0.9003 -0.4144 -0.1336
vn -0.8331 -0.1626 -0.5287
vn -0.8998 -0.4176 0.1267
vn -0.8352 -0.1471 0.5299
vn -0.8365 -0.1541 0.5259
vn -0.7743 0.3598 -0.5206
vn -0.9780 0.1724 -0.1177
vn -0.9780 0.1724 -0.1178
vn -0.7742 0.3598 -0.5207
vn -0.9776 0.1739 0.1187
vn -0.7743 0.3598 0.5206
vn -0.9780 0.1724 0.1178
vn -0.9003 -0.4144 -0.1332
vn -0.9097 -0.4153 -0.0000
vn -0.8998 -0.4176 0.1264
vn -0.9820 0.1888 -0.0001
vn -0.9820 0.1888 0.0001
vn -0.9776 0.1740 0.1187
vn 0.6342 -0.4579 -0.6230
vn 0.8660 -0.3952 -0.3063
vn 0.6100 -0.4812 -0.6296
vn 0.6150 -0.4787 0.6266
vn 0.6028 -0.4895 0.6301
vn -0.6651 -0.7467 0.0001
vn -0.6439 -0.6520 0.4003
vn -0.6530 -0.6775 0.3385
vn -0.6459 -0.6540 -0.3937
vn -0.6651 -0.7467 -0.0001
vn -0.6651 -0.7468 -0.0001
vn -0.6530 -0.6775 -0.3385
vn -0.6815 -0.7318 0.0001
vn -0.6765 -0.6459 0.3537
vn -0.6816 -0.7317 -0.0000
vn -0.6782 -0.6637 0.3154
vn -0.6765 -0.6459 -0.3537
vn -0.6816 -0.7317 -0.0002
vn -0.6782 -0.6637 -0.3154
vn 0.4744 -0.6982 0.5361
vn 0.3386 -0.9313 0.1343
vn 0.4749 -0.6913 0.5446
vn 0.4663 -0.6979 -0.5436
vn 0.3382 -0.9303 -0.1421
vn 0.4658 -0.7048 -0.5350
vn 0.3382 -0.9303 -0.1422
vn -0.6734 -0.7393 0.0002
vn -0.6695 -0.5984 0.4401
vn -0.6734 -0.7393 0.0001
vn -0.6762 -0.6375 0.3692
vn -0.6695 -0.5984 -0.4401
vn -0.6734 -0.7393 -0.0003
vn -0.6734 -0.7393 -0.0001
vn -0.6762 -0.6375 -0.3692
vn -0.6774 -0.7356 -0.0000
vn -0.6621 -0.6470 0.3781
vn -0.6774 -0.7356 0.0002
vn -0.6687 -0.6699 0.3226
vn -0.6622 -0.6469 -0.3781
vn -0.6774 -0.7356 -0.0002
vn -0.6687 -0.6699 -0.3226
vn 0.3382 -0.9303 -0.1418
vn 0.3463 -0.9381 -0.0000
vn 0.3386 -0.9313 0.1341
vn -0.6602 -0.6449 0.3849
vn -0.6653 -0.6664 0.3366
vn -0.6602 -0.6450 -0.3849
vn -0.6734 -0.7393 -0.0002
vn -0.6670 -0.6682 -0.3296
vn 0.3947 -0.6980 -0.5975
vn 0.3638 -0.7074 -0.6060
vn 0.5516 -0.6254 -0.5519
vn -0.6512 -0.7484 0.1260
vn -0.7011 -0.4766 0.5304
vn -0.6505 -0.7476 -0.1337
vn -0.6955 -0.4888 -0.5266
vn -0.6956 -0.4888 -0.5266
vn -0.6608 -0.7506 -0.0000
vn 0.3235 -0.6692 0.6690
vn 0.3860 -0.6517 0.6529
vn -0.2489 -0.7370 0.6284
vn 0.3234 -0.6692 0.6690
vn -0.1786 -0.7362 0.6528
vn -0.2493 -0.7369 0.6284
vn -0.1787 -0.7361 0.6529
vn -0.5663 -0.6754 0.4724
vn 0.7597 -0.5857 -0.2826
vn 0.3235 -0.6692 -0.6690
vn 0.3860 -0.6516 -0.6529
vn -0.1786 -0.7361 -0.6529
vn 0.3233 -0.6692 -0.6690
vn -0.2490 -0.7369 -0.6284
vn -0.2493 -0.7370 -0.6283
vn -0.5663 -0.6754 -0.4724
vn -0.1787 -0.7361 -0.6529
vn -0.0977 -0.8288 0.5510
vn 0.1534 -0.7786 0.6085
vn 0.1294 -0.7777 0.6152
vn 0.1534 -0.7786 -0.6084
vn -0.0976 -0.8289 -0.5509
vn 0.1294 -0.7777 -0.6152
vn -0.6765 -0.6861 -0.2676
vn -0.6678 -0.6851 -0.2909
vn -0.6746 -0.6681 0.3138
vn -0.6758 -0.6773 0.2908
vn -0.6521 -0.7253 -0.2206
vn -0.7047 -0.4179 -0.5733
vn -0.7036 -0.4412 -0.5571
vn -0.6522 -0.7253 -0.2206
vn -0.6510 -0.7240 0.2281
vn -0.6971 -0.4498 0.5583
vn -0.6498 -0.7227 0.2355
vn -0.6975 -0.4581 0.5510
vn 0.3397 -0.7068 0.6206
vn 0.5411 -0.6302 0.5569
vn 0.3256 -0.7107 0.6237
vn 0.1678 -0.7446 0.6461
vn 0.3392 -0.7069 0.6207
vn 0.3254 -0.7107 0.6237
vn 0.1680 -0.7446 0.6461
vn -0.6607 -0.7506 0.0077
vn -0.6607 -0.7505 0.0156
vn -0.6608 -0.7505 0.0081
vn -0.6607 -0.7505 0.0159
vn -0.7502 -0.6422 -0.1577
vn -0.3970 -0.8364 -0.3779
vn -0.3963 -0.8850 -0.2446
vn -0.2207 -0.6354 -0.7400
vn -0.3876 -0.8910 0.2362
vn -0.3895 -0.8622 0.3238
vn -0.2424 -0.7309 0.6380
vn -0.1652 -0.6837 0.7108
vn -0.7560 -0.6488 0.0866
vn -0.7779 -0.5918 0.2116
vn -0.6598 -0.6929 -0.2908
vn -0.6608 -0.7505 0.0078
vn -0.6607 -0.6778 -0.3225
vn -0.6607 -0.7506 0.0078
vn -0.6607 -0.7506 0.0080
vn -0.6607 -0.6778 0.3226
vn -0.6608 -0.7505 0.0080
vn -0.6598 -0.6928 0.2909
vn 0.7331 -0.6597 0.1652
vn 0.7800 -0.6198 0.0867
vn 0.3944 -0.6981 -0.5976
vn 0.2466 -0.7427 -0.6225
vn 0.3635 -0.7075 -0.6060
vn 0.2467 -0.7427 -0.6225
vn -0.7077 -0.6869 0.1653
vn -0.7560 -0.6488 0.0865
vn -0.7163 -0.6798 -0.1576
vn 0.4620 -0.5548 -0.6919
vn 0.3462 -0.6141 -0.7092
vn 0.0793 -0.6676 -0.7403
vn -0.5867 -0.8098 -0.0000
vn -0.5067 -0.8059 0.3062
vn -0.4760 -0.7981 0.3694
vn -0.5067 -0.8059 -0.3062
vn -0.4760 -0.7981 -0.3694
vn -0.0109 -0.8441 -0.5361
vn -0.2671 -0.9564 -0.1177
vn -0.0186 -0.8498 -0.5267
vn -0.2671 -0.9565 -0.1177
vn -0.2669 -0.9555 0.1255
vn -0.0110 -0.8441 0.5361
vn -0.2669 -0.9555 0.1254
vn -0.3963 -0.8850 -0.2442
vn -0.3799 -0.9249 0.0157
vn -0.3799 -0.9249 0.0156
vn -0.3969 -0.8365 -0.3777
vn -0.3800 -0.9249 0.0159
vn -0.3876 -0.8911 0.2359
vn -0.3799 -0.9249 0.0160
vn -0.3895 -0.8624 0.3235
vn 0.4083 -0.6040 0.6845
vn -0.0849 -0.7097 0.6994
vn 0.4782 -0.5786 0.6607
vn -0.1328 -0.7143 0.6871
vn -0.4759 -0.7981 0.3696
vn -0.5067 -0.8059 0.3064
vn -0.0848 -0.7096 -0.6994
vn 0.4083 -0.6040 -0.6845
vn 0.4782 -0.5786 -0.6607
vn -0.1329 -0.7143 -0.6871
vn -0.4758 -0.7980 -0.3697
vn -0.5067 -0.8058 -0.3065
vn -0.0850 -0.7097 -0.6994
vn -0.5963 -0.1805 0.7822
vn -0.5972 -0.1729 0.7833
vn -0.5963 -0.1805 -0.7822
vn -0.5822 -0.3531 -0.7324
vn -0.5973 -0.1728 -0.7832
vn 0.7330 -0.6598 0.1654
vn 0.7800 -0.6198 0.0865
vn 0.7414 -0.6522 -0.1577
vn 0.3477 -0.6094 0.7126
vn 0.4620 -0.5548 0.6919
vn -0.0312 -0.6627 0.7483
vn -0.7078 -0.6868 0.1651
vn -0.7501 -0.6422 -0.1578
vn -0.7560 -0.6489 0.0866
vn -0.7778 -0.5918 0.2115
vn -0.0275 -0.8084 0.5880
vn -0.2570 -0.8133 0.5220
vn 0.1294 -0.7778 0.6151
vn -0.0275 -0.8084 -0.5880
vn 0.1294 -0.7778 -0.6151
vn -0.2571 -0.8133 -0.5220
vn 0.7770 -0.6096 -0.1569
vn 0.1883 -0.9472 0.2595
vn 0.1882 -0.9472 0.2595
vn 0.1885 -0.9472 0.2595
vn 0.1882 -0.9472 -0.2595
vn 0.1883 -0.9472 -0.2595
vn 0.1885 -0.9472 -0.2595
vn -0.3809 -0.8440 -0.3777
vn -0.3185 -0.7936 -0.5185
vn -0.4816 -0.8764 -0.0000
vn -0.3185 -0.7936 0.5185
vn -0.3810 -0.8439 0.3777
vn -0.4816 -0.8764 0.0001
vn -0.1179 -0.6383 0.7607
vn -0.1180 -0.6383 0.7607
vn -0.3148 -0.6867 0.6552
vn -0.1179 -0.6383 -0.7607
vn -0.3219 -0.6851 -0.6535
vn 0.3732 -0.7332 0.5684
vn 0.1695 -0.8001 0.5754
vn 0.1696 -0.8001 0.5754
vn 0.5054 -0.7118 0.4878
vn 0.3093 -0.7766 0.5488
vn 0.6314 -0.3471 0.6935
vn 0.2809 -0.8523 0.4412
vn 0.6360 -0.3451 0.6902
vn 0.2808 -0.8524 0.4412
vn 0.3731 -0.7332 -0.5685
vn 0.0984 -0.7944 -0.5994
vn 0.1694 -0.8000 -0.5755
vn 0.1696 -0.8001 -0.5754
vn 0.3093 -0.7766 -0.5488
vn 0.5054 -0.7118 -0.4878
vn 0.6313 -0.3469 -0.6937
vn 0.2809 -0.8523 -0.4413
vn 0.2807 -0.8523 -0.4413
vn 0.6313 -0.3472 -0.6935
vn -0.0980 -0.8289 -0.5508
vn -0.4591 -0.8447 -0.2751
vn -0.4926 -0.8493 -0.1898
vn 0.1533 -0.7786 -0.6085
vn 0.1534 -0.7787 0.6084
vn -0.0981 -0.8289 0.5508
vn -0.4590 -0.8448 0.2751
vn -0.4927 -0.8493 0.1897
vn -0.7778 -0.5918 0.2116
vn 0.0636 -0.9910 -0.1181
vn 0.0716 -0.9974 -0.0000
vn 0.0636 -0.9910 -0.1180
vn 0.0716 -0.9974 -0.0001
vn 0.0714 -0.9895 0.1258
vn 0.0714 -0.9895 0.1257
vn 0.0716 -0.9974 0.0002
vn 0.0559 -0.6773 -0.7336
vn 0.3365 -0.5736 -0.7468
vn -0.3881 -0.8842 -0.2601
vn 0.7770 -0.6097 -0.1569
vn 0.7800 -0.6198 0.0866
vn 0.5670 -0.3477 0.7468
vn 0.2720 -0.8200 0.5037
vn 0.5829 -0.3166 0.7483
vn 0.2718 -0.8200 0.5037
vn 0.2719 -0.8200 -0.5037
vn 0.5668 -0.3476 -0.7469
vn 0.5829 -0.3166 -0.7483
vn 0.2717 -0.8200 -0.5037
vn -0.3881 -0.8841 0.2601
vn -0.3029 -0.8523 0.4265
vn 0.0560 -0.6774 0.7335
vn -0.2595 -0.9657 -0.0000
vn -0.2595 -0.9657 0.0001
vn -0.2668 -0.9555 0.1255
vn -0.5597 -0.8287 -0.0000
vn -0.4592 -0.8447 -0.2750
vn -0.4927 -0.8493 -0.1894
vn -0.4927 -0.8493 0.1894
vn -0.4592 -0.8447 0.2751
vn 0.0246 -0.6908 0.7226
vn -0.3131 -0.7244 0.6142
vn 0.1581 -0.6515 0.7420
vn 0.0246 -0.6908 -0.7226
vn 0.1581 -0.6515 -0.7420
vn -0.3131 -0.7244 -0.6142
vn -0.7209 -0.6930 -0.0078
vn 0.2706 -0.8015 -0.5332
vn 0.2644 -0.8066 -0.5286
vn -0.4756 -0.8797 -0.0000
vn -0.3029 -0.8524 -0.4263
vn -0.4757 -0.8796 -0.0000
vn -0.3882 -0.8842 -0.2597
vn -0.3881 -0.8842 0.2597
vn -0.4756 -0.8796 -0.0000
vn -0.3029 -0.8523 0.4263
vn 0.2705 -0.8015 0.5333
vn 0.6930 -0.6448 -0.3226
vn 0.7007 -0.7134 0.0078
vn 0.6928 -0.6599 -0.2909
vn 0.7008 -0.7133 0.0078
vn 0.7008 -0.7133 0.0080
vn 0.6913 -0.6430 0.3296
vn 0.6946 -0.6540 0.2997
vn 0.7008 -0.7133 0.0079
vn 0.7414 -0.6523 -0.1577
vn -0.6291 -0.7497 -0.2054
vn -0.3446 -0.7418 -0.5753
vn -0.6290 -0.7498 -0.2053
vn -0.3463 -0.7451 -0.5700
vn -0.7501 -0.6422 -0.1577
vn 0.7008 -0.7133 0.0081
vn 0.6844 -0.6900 0.2355
vn 0.6844 -0.6901 0.2355
vn 0.7007 -0.7133 0.0159
vn 0.6856 -0.6913 -0.2281
vn 0.7008 -0.7133 0.0076
vn 0.6869 -0.6925 -0.2206
vn 0.7007 -0.7133 0.0156
vn 0.7172 -0.3836 -0.5818
vn 0.6868 -0.6925 -0.2206
vn 0.7204 -0.4088 -0.5603
vn 0.7191 -0.4236 0.5509
vn 0.7172 -0.4070 0.5656
vn 0.7039 -0.6473 -0.2924
vn 0.7008 -0.7134 -0.0000
vn 0.7076 -0.6509 -0.2749
vn 0.7006 -0.6364 0.3226
vn 0.7080 -0.6436 0.2908
vn 0.7415 -0.6522 -0.1576
vn 0.7112 -0.4468 -0.5427
vn 0.6892 -0.7105 -0.1423
vn 0.7142 -0.4488 -0.5371
vn 0.6892 -0.7104 -0.1423
vn 0.7181 -0.4461 0.5342
vn 0.6862 -0.7150 0.1337
vn 0.6893 -0.7104 -0.1421
vn 0.6967 -0.7174 -0.0000
vn 0.6892 -0.7105 -0.1422
vn 0.6862 -0.7150 0.1336
vn 0.5749 -0.3324 0.7477
vn 0.5763 -0.3253 0.7497
vn 0.5166 -0.4534 0.7263
vn 0.4921 -0.5072 -0.7075
vn 0.5750 -0.3325 -0.7475
vn 0.5763 -0.3253 -0.7497
vn 0.5166 -0.4534 -0.7263
vn -0.1804 -0.9622 0.2040
vn -0.1806 -0.9622 0.2039
vn -0.1807 -0.9622 0.2038
vn -0.1806 -0.9622 0.2040
vn -0.1806 -0.9622 -0.2039
vn -0.1804 -0.9622 -0.2040
vn -0.1806 -0.9622 -0.2040
vn -0.5718 -0.8107 -0.1262
vn -0.5718 -0.8106 -0.1262
vn -0.5718 -0.8106 0.1262
vn -0.7162 -0.6798 -0.1576
vn -0.6402 -0.5432 -0.5431
vn -0.5718 -0.8106 -0.1263
vn -0.6401 -0.5512 -0.5352
vn 0.7799 -0.6198 0.0866
vn 0.8029 -0.5567 0.2130
vn 0.7504 -0.6609 -0.0079
vn -0.5717 -0.8107 0.1263
vn -0.6403 -0.5432 0.5431
vn -0.5718 -0.8107 0.1262
vn -0.6401 -0.5512 0.5353
vn -0.6523 -0.7579 0.0080
vn -0.6280 -0.7486 0.2127
vn -0.6524 -0.7579 0.0080
vn -0.6291 -0.7498 0.2052
vn -0.3617 -0.7444 0.5613
vn -0.6280 -0.7485 0.2129
vn -0.3683 -0.7424 0.5596
vn -0.6290 -0.7498 0.2052
vn -0.5997 -0.0542 0.7984
vn -0.5967 -0.1013 0.7960
vn -0.5992 -0.2663 0.7550
vn -0.5997 -0.0542 -0.7984
vn -0.5992 -0.2661 -0.7551
vn -0.5967 -0.1013 -0.7960
vn -0.7078 -0.6869 0.1652
vn -0.6608 -0.1110 0.7423
vn -0.6613 -0.2911 0.6914
vn -0.6662 -0.0320 0.7451
vn -0.6643 -0.2766 0.6944
vn -0.6609 -0.1109 -0.7423
vn -0.6612 -0.2911 -0.6914
vn -0.6641 -0.2766 -0.6946
vn -0.6663 -0.0320 -0.7450
vn -0.6523 -0.7579 0.0077
vn -0.6291 -0.7498 -0.2052
vn -0.6524 -0.7579 0.0078
vn -0.3959 -0.8264 0.4004
vn -0.3960 -0.8265 0.4002
vn -0.3959 -0.8265 0.4003
vn -0.3960 -0.8264 0.4003
vn -0.3959 -0.8265 -0.4003
vn -0.3959 -0.8264 -0.4004
vn -0.3959 -0.8265 -0.4002
vn -0.6057 -0.6519 0.4562
vn -0.6057 -0.6520 0.4561
vn -0.6056 -0.6521 0.4561
vn -0.6056 -0.6521 -0.4560
vn -0.6056 -0.6520 -0.4562
vn -0.6057 -0.6519 -0.4562
vn 0.7087 -0.7055 0.0002
vn 0.6909 -0.6120 0.3849
vn 0.6970 -0.6331 0.3366
vn 0.7087 -0.7055 0.0003
vn 0.6988 -0.6348 -0.3296
vn 0.6909 -0.6119 -0.3849
vn 0.7087 -0.7055 -0.0001
vn 0.7087 -0.7055 -0.0003
vn 0.7126 -0.7016 -0.0000
vn 0.6930 -0.6138 0.3782
vn 0.7007 -0.6364 0.3226
vn 0.7125 -0.7017 0.0001
vn 0.7007 -0.6364 -0.3226
vn 0.6931 -0.6137 -0.3782
vn 0.7126 -0.7016 -0.0001
vn 0.6980 -0.5649 0.4401
vn 0.7065 -0.6038 0.3692
vn 0.7125 -0.7017 0.0002
vn 0.7065 -0.6038 -0.3692
vn 0.6979 -0.5650 -0.4401
vn 0.7125 -0.7017 -0.0001
vn 0.7008 -0.7134 0.0003
vn 0.6923 -0.6289 0.3540
vn 0.6948 -0.6463 0.3156
vn 0.7008 -0.7134 0.0002
vn 0.6947 -0.6463 -0.3157
vn 0.6924 -0.6287 -0.3540
vn 0.7008 -0.7134 -0.0002
vn 0.6967 -0.7174 0.0002
vn 0.6771 -0.6217 0.3937
vn 0.6853 -0.6448 0.3385
vn 0.6853 -0.6449 -0.3385
vn 0.6771 -0.6217 -0.3937
vn 0.6967 -0.7174 -0.0002
vn 0.6967 -0.7174 -0.0001
vn 0.6342 -0.4578 -0.6230
vn 0.8249 -0.5472 -0.1416
vn 0.8400 -0.4921 -0.2286
vn 0.8369 -0.3113 -0.4502
vn -0.6874 0.1247 -0.7155
vn -0.6945 0.0695 -0.7162
vn -0.6684 -0.3945 -0.6305
vn 0.6407 -0.0634 -0.7652
vn 0.6404 -0.0713 -0.7647
vn -0.6251 0.1184 -0.7715
vn -0.6136 -0.3775 -0.6935
vn -0.6232 0.0791 -0.7780
vn -0.6121 -0.4085 -0.6771
vn -0.7327 0.3519 -0.5825
vn -0.7113 0.1633 -0.6836
vn 0.6473 0.3876 -0.6564
vn 0.7409 0.5447 -0.3929
vn 0.6986 0.6857 -0.2042
vn 0.6572 0.7467 -0.1023
vn -0.6730 0.1878 -0.7154
vn -0.7114 0.1636 -0.6835
vn -0.7328 0.3519 -0.5824
vn -0.6658 0.2119 -0.7154
vn -0.6091 -0.2596 -0.7494
vn -0.6695 -0.5981 -0.4405
vn -0.6079 -0.1955 -0.7696
vn -0.6761 -0.6375 -0.3695
vn -0.6250 0.1187 -0.7716
vn -0.6231 0.0792 -0.7781
vn -0.5487 0.4994 -0.6705
vn -0.6597 0.1576 -0.7348
vn -0.6510 -0.3614 -0.6675
vn -0.6629 0.1250 -0.7382
vn -0.6517 -0.3857 -0.6531
vn -0.5971 0.2140 -0.7731
vn -0.6079 -0.1954 -0.7696
vn -0.5959 0.1901 -0.7802
vn -0.6091 -0.2594 -0.7495
vn 0.6777 -0.2129 -0.7039
vn 0.5484 -0.4528 -0.7030
vn 0.6583 -0.2590 -0.7068
vn 0.4931 -0.5156 -0.7007
vn 0.4930 -0.5158 -0.7007
vn 0.5484 -0.4529 -0.7029
vn 0.3763 -0.6266 -0.6825
vn 0.5592 0.2649 -0.7856
vn 0.7459 -0.3659 -0.5565
vn 0.7513 -0.3841 -0.5366
vn 0.5618 0.2502 -0.7885
vn 0.2507 -0.6069 -0.7542
vn 0.5580 -0.5082 -0.6560
vn 0.2359 -0.6094 -0.7570
vn -0.6730 0.1883 -0.7153
vn -0.6306 0.4088 -0.6597
vn -0.6658 0.2120 -0.7154
vn -0.3917 0.5346 -0.7489
vn -0.3835 0.5418 -0.7479
vn -0.5970 0.2145 -0.7731
vn -0.5959 0.1905 -0.7801
vn -0.5690 0.4575 -0.6833
vn -0.6618 0.1404 -0.7364
vn -0.6445 -0.3699 -0.6691
vn -0.6648 0.0940 -0.7411
vn -0.6371 -0.3940 -0.6625
vn -0.6598 0.1578 -0.7347
vn -0.6629 0.1253 -0.7381
vn -0.5945 0.5202 -0.6132
vn -0.6617 0.1407 -0.7364
vn -0.6648 0.0942 -0.7411
vn -0.5871 0.5284 -0.6133
vn -0.7521 0.4235 -0.5049
vn -0.5881 -0.2040 -0.7826
vn -0.5916 -0.1869 -0.7843
vn -0.6423 0.1654 -0.7484
vn -0.6956 -0.4887 -0.5266
vn -0.6393 0.1568 -0.7528
vn -0.6955 -0.4887 -0.5267
vn 0.6305 -0.3156 -0.7092
vn 0.6345 -0.2981 -0.7132
vn 0.6304 -0.3156 -0.7092
vn 0.6344 -0.2981 -0.7132
vn 0.4589 -0.4290 -0.7781
vn 0.4754 -0.4218 -0.7721
vn 0.6376 -0.3384 -0.6921
vn 0.0860 0.6612 -0.7453
vn 0.4173 0.6476 -0.6376
vn 0.1021 0.6644 -0.7404
vn 0.5915 -0.3867 -0.7075
vn 0.6304 -0.3158 -0.7091
vn 0.6065 -0.3628 -0.7075
vn 0.6303 -0.3158 -0.7092
vn 0.5841 -0.1347 -0.8004
vn 0.7133 0.4025 -0.5738
vn 0.5859 -0.1038 -0.8037
vn 0.7277 0.4579 -0.5107
vn 0.5539 -0.4507 -0.7000
vn 0.6032 -0.3735 -0.7048
vn 0.4545 -0.5708 -0.6839
vn 0.6810 -0.1880 -0.7078
vn 0.6032 -0.3735 -0.7047
vn 0.6900 -0.1411 -0.7100
vn 0.6811 -0.1876 -0.7077
vn 0.7937 -0.4938 -0.3553
vn 0.7358 -0.4856 -0.4721
vn 0.3507 -0.4952 -0.7949
vn 0.2410 -0.5362 -0.8090
vn -0.4469 0.5560 -0.7008
vn -0.5819 0.2540 -0.7726
vn -0.4853 0.5004 -0.7170
vn -0.5881 0.2453 -0.7707
vn 0.7598 -0.5856 -0.2825
vn 0.7364 -0.5863 -0.3375
vn 0.3856 -0.6517 -0.6531
vn 0.3233 -0.6691 -0.6691
vn 0.6241 0.2278 -0.7474
vn 0.6242 0.2278 -0.7473
vn 0.6241 0.2279 -0.7474
vn -0.6392 0.1023 -0.7622
vn -0.5822 -0.3530 -0.7324
vn -0.5819 0.2538 -0.7726
vn -0.5963 -0.1804 -0.7822
vn -0.5881 0.2452 -0.7707
vn -0.5973 -0.1727 -0.7832
vn 0.4142 -0.4943 -0.7643
vn 0.4207 -0.4926 -0.7618
vn 0.6019 -0.4347 -0.6699
vn -0.6392 0.1571 -0.7528
vn -0.5731 0.5226 -0.6312
vn -0.6423 0.1657 -0.7483
vn 0.6541 0.0002 -0.7564
vn 0.5668 -0.3478 -0.7468
vn 0.6540 0.0081 -0.7564
vn 0.5829 -0.3165 -0.7484
vn 0.6278 -0.1347 -0.7666
vn 0.6180 -0.1664 -0.7683
vn 0.5592 0.2652 -0.7855
vn 0.4638 0.5754 -0.6736
vn 0.5618 0.2505 -0.7885
vn -0.6499 0.1729 -0.7401
vn -0.6770 -0.3234 -0.6611
vn -0.6507 0.1653 -0.7411
vn -0.6756 -0.3705 -0.6374
vn -0.7522 0.4235 -0.5049
vn -0.6042 -0.1171 -0.7882
vn -0.6038 -0.0696 -0.7941
vn -0.6037 -0.0699 -0.7941
vn -0.6041 -0.1175 -0.7882
vn -0.5821 -0.3209 -0.7471
vn 0.7133 0.4025 -0.5737
vn 0.5834 -0.0642 -0.8096
vn 0.7276 0.4579 -0.5108
vn -0.6507 0.1657 -0.7411
vn -0.6103 0.4581 -0.6463
vn -0.6499 0.1732 -0.7400
vn -0.6492 0.1806 -0.7389
vn -0.7047 -0.4179 -0.5734
vn -0.6501 0.1730 -0.7399
vn -0.7035 -0.4410 -0.5573
vn -0.5944 -0.1639 -0.7873
vn -0.7403 0.3749 -0.5580
vn -0.5947 -0.1244 -0.7942
vn 0.4386 -0.5635 -0.7001
vn 0.5026 -0.5018 -0.7040
vn 0.3145 -0.6594 -0.6829
vn 0.5913 -0.3867 -0.7077
vn 0.5028 -0.5018 -0.7038
vn 0.4384 -0.5636 -0.7001
vn 0.6067 -0.3626 -0.7074
vn -0.6499 0.1733 -0.7400
vn -0.6113 0.4666 -0.6392
vn -0.6491 0.1808 -0.7389
vn -0.0889 -0.5450 -0.8337
vn -0.2207 -0.6353 -0.7401
vn 0.1908 -0.4195 -0.8875
vn 0.2547 -0.4495 -0.8562
vn -0.2207 -0.6355 -0.7399
vn -0.0891 -0.5451 -0.8336
vn -0.3968 -0.8364 -0.3780
vn 0.4752 -0.4219 -0.7721
vn 0.4587 -0.4291 -0.7781
vn 0.1910 -0.4196 -0.8874
vn 0.0065 -0.5797 -0.8148
vn 0.4205 -0.4926 -0.7619
vn 0.1166 -0.5582 -0.8215
vn 0.4141 -0.4944 -0.7642
vn 0.3364 -0.5737 -0.7468
vn 0.0561 -0.6772 -0.7337
vn 0.1582 -0.6515 -0.7420
vn 0.5797 -0.1749 -0.7958
vn 0.7133 0.4026 -0.5737
vn 0.5811 -0.1596 -0.7980
vn -0.6345 0.1578 -0.7566
vn -0.6567 -0.3404 -0.6729
vn -0.6364 0.1347 -0.7595
vn -0.6594 -0.3858 -0.6453
vn -0.6757 0.2512 -0.6931
vn -0.7687 0.4469 -0.4576
vn -0.6701 0.2600 -0.6952
vn -0.5916 -0.1873 -0.7842
vn -0.5881 -0.2043 -0.7826
vn -0.5160 -0.5419 -0.6634
vn 0.5841 -0.1350 -0.8004
vn 0.5858 -0.1040 -0.8038
vn 0.5518 -0.4029 -0.7302
vn -0.6364 0.1350 -0.7595
vn -0.5971 0.4604 -0.6569
vn -0.6345 0.1581 -0.7566
vn 0.5052 -0.4044 -0.7624
vn 0.5451 -0.3420 -0.7655
vn 0.4154 -0.5266 -0.7417
vn 0.6205 -0.1667 -0.7663
vn 0.5451 -0.3421 -0.7654
vn 0.6278 -0.1351 -0.7666
vn -0.5870 -0.2115 -0.7814
vn -0.5906 -0.1945 -0.7832
vn -0.1176 -0.6383 -0.7608
vn 0.2408 -0.5362 -0.8090
vn -0.1176 -0.6383 -0.7607
vn 0.3505 -0.4952 -0.7949
vn -0.6757 0.2514 -0.6930
vn -0.6701 0.2603 -0.6952
vn -0.6014 0.3956 -0.6941
vn 0.5834 -0.0645 -0.8096
vn 0.5696 -0.3340 -0.7510
vn 0.0793 -0.6677 -0.7402
vn 0.1574 -0.6128 -0.7744
vn 0.6094 -0.5651 -0.5561
vn 0.3459 -0.6142 -0.7093
vn 0.7396 -0.5270 -0.4186
vn 0.7277 0.4578 -0.5107
vn 0.4751 -0.4373 -0.7635
vn 0.4614 -0.4472 -0.7663
vn -0.0184 -0.8498 -0.5268
vn 0.4081 -0.6039 -0.6847
vn -0.0847 -0.7096 -0.6995
vn -0.1325 -0.7142 -0.6873
vn -0.5961 -0.1806 -0.7823
vn 0.0062 -0.5798 -0.8147
vn 0.1164 -0.5582 -0.8215
vn -0.3809 -0.8439 -0.3778
vn -0.5947 -0.1249 -0.7942
vn -0.5944 -0.1643 -0.7872
vn -0.5572 -0.4315 -0.7095
vn -0.2984 0.9007 -0.3157
vn -0.3216 0.8839 -0.3394
vn -0.4099 0.6518 -0.6380
vn 0.4533 0.7747 -0.4408
vn 0.1111 0.6169 -0.7792
vn 0.0171 0.5927 -0.8052
vn 0.4918 0.7989 -0.3463
vn -0.6028 -0.1326 -0.7868
vn -0.5978 -0.0854 -0.7971
vn -0.5978 -0.0858 -0.7970
vn -0.6027 -0.1329 -0.7868
vn -0.5770 -0.3544 -0.7359
vn 0.5797 -0.1750 -0.7958
vn 0.5809 -0.1597 -0.7981
vn 0.5164 -0.5148 -0.6844
vn 0.5870 -0.0724 -0.8063
vn 0.1287 -0.4442 -0.8866
vn 0.1287 -0.4444 -0.8865
vn 0.0522 -0.5200 -0.8526
vn -0.5906 -0.1947 -0.7831
vn -0.5870 -0.2119 -0.7814
vn -0.5137 -0.5475 -0.6606
vn -0.3932 0.6129 -0.6854
vn -0.7524 0.5399 -0.3773
vn 0.5841 -0.1351 -0.8003
vn 0.5533 -0.4118 -0.7241
vn 0.0522 -0.5201 -0.8525
vn -0.0556 -0.6150 -0.7865
vn 0.2130 -0.6349 -0.7426
vn -0.5953 -0.1563 -0.7881
vn -0.5947 -0.1245 -0.7942
vn -0.5947 -0.1248 -0.7942
vn -0.5953 -0.1566 -0.7881
vn -0.5561 -0.4227 -0.7156
vn 0.5783 -0.1900 -0.7934
vn 0.7132 0.4026 -0.5738
vn 0.5798 -0.1749 -0.7958
vn -0.3312 0.6390 -0.6942
vn 0.1239 0.7451 -0.6553
vn -0.3931 0.6129 -0.6854
vn 0.5858 -0.1041 -0.8037
vn 0.5869 -0.0728 -0.8063
vn 0.5681 -0.3411 -0.7489
vn 0.0641 0.6099 -0.7899
vn 0.0559 0.6064 -0.7932
vn 0.2441 0.6689 -0.7021
vn -0.2077 0.4740 -0.8557
vn -0.2698 0.4411 -0.8559
vn -0.5932 -0.2032 -0.7790
vn -0.5926 -0.1793 -0.7853
vn 0.6079 0.1957 -0.7695
vn 0.5473 0.5020 -0.6697
vn 0.6099 0.1806 -0.7716
vn 0.5842 -0.1346 -0.8004
vn 0.5855 -0.1116 -0.8030
vn 0.7276 0.4578 -0.5108
vn 0.5782 -0.1902 -0.7934
vn 0.5073 -0.5367 -0.6742
vn 0.6079 0.1953 -0.7696
vn 0.6610 -0.3065 -0.6849
vn 0.6697 -0.3534 -0.6532
vn 0.6100 0.1802 -0.7716
vn 0.2706 -0.8015 -0.5333
vn 0.6028 -0.2369 -0.7619
vn 0.5978 -0.2381 -0.7655
vn 0.2644 -0.8066 -0.5287
vn -0.5926 -0.1796 -0.7852
vn -0.5932 -0.2035 -0.7789
vn -0.5237 -0.5256 -0.6704
vn -0.2701 0.4411 -0.8559
vn -0.2079 0.4739 -0.8557
vn -0.8047 0.4520 -0.3849
vn 0.6168 0.2200 -0.7558
vn 0.5560 0.5111 -0.6555
vn 0.6179 0.2125 -0.7570
vn 0.5841 -0.1349 -0.8004
vn 0.5854 -0.1118 -0.8030
vn 0.5460 -0.4202 -0.7248
vn 0.2505 -0.6070 -0.7542
vn -0.3445 -0.7417 -0.5755
vn -0.3461 -0.7451 -0.5701
vn 0.2355 -0.6095 -0.7570
vn 0.2189 0.7234 -0.6548
vn -0.2721 0.4752 -0.8368
vn -0.0477 0.6610 -0.7488
vn -0.3018 0.4487 -0.8412
vn -0.6035 -0.1248 -0.7875
vn -0.6028 -0.0853 -0.7933
vn -0.6028 -0.0856 -0.7933
vn -0.6035 -0.1252 -0.7875
vn -0.5805 -0.3439 -0.7381
vn 0.2394 0.8484 -0.4722
vn -0.0952 0.6748 -0.7318
vn -0.4072 0.5567 -0.7241
vn 0.5865 -0.0881 -0.8051
vn 0.5836 -0.0563 -0.8101
vn 0.6168 0.2197 -0.7558
vn 0.7205 -0.4086 -0.5603
vn 0.6180 0.2122 -0.7570
vn 0.0170 0.5927 -0.8053
vn -0.3747 0.4877 -0.7885
vn 0.1107 0.6168 -0.7793
vn -0.5769 0.4342 -0.6919
vn 0.6180 0.2124 -0.7569
vn 0.5634 0.4945 -0.6619
vn 0.6191 0.2049 -0.7581
vn 0.5865 -0.0885 -0.8051
vn 0.5836 -0.0567 -0.8101
vn 0.5767 -0.3023 -0.7590
vn 0.6105 0.2045 -0.7652
vn 0.5225 0.5649 -0.6387
vn 0.6105 0.2044 -0.7652
vn 0.6820 -0.2815 -0.6750
vn 0.6852 -0.3374 -0.6455
vn 0.6192 0.2047 -0.7581
vn -0.4469 0.5561 -0.7008
vn -0.5614 0.3496 -0.7501
vn -0.5614 0.3497 -0.7501
vn -0.3766 0.6345 -0.6749
vn -0.4392 0.5720 -0.6928
vn -0.5953 -0.1562 -0.7882
vn -0.5954 -0.1168 -0.7949
vn -0.5954 -0.1171 -0.7949
vn -0.5580 -0.4161 -0.7179
vn 0.5791 -0.1824 -0.7946
vn -0.5996 -0.0541 -0.7985
vn -0.5968 -0.1012 -0.7960
vn 0.5789 -0.1826 -0.7947
vn 0.5796 -0.1750 -0.7959
vn 0.5092 -0.5312 -0.6772
vn 0.6105 0.2042 -0.7652
vn 0.7112 -0.4469 -0.5427
vn 0.7142 -0.4487 -0.5372
vn 0.6105 0.2041 -0.7652
vn -0.6204 0.2604 -0.7398
vn -0.5992 -0.2664 -0.7550
vn -0.5978 -0.2737 -0.7535
vn -0.3020 0.4487 -0.8411
vn -0.6705 0.2994 -0.6788
vn -0.2722 0.4750 -0.8368
vn -0.6904 0.2972 -0.6596
vn 0.1268 0.9406 -0.3150
vn -0.1228 0.8186 -0.5610
vn -0.4702 0.5248 -0.7096
vn -0.3376 0.6208 -0.7076
vn -0.1228 0.8187 -0.5610
vn -0.4960 0.5877 -0.6392
vn -0.6132 0.3850 -0.6898
vn -0.5249 0.5459 -0.6530
vn -0.6148 0.3784 -0.6920
vn -0.0408 0.7060 -0.7070
vn -0.1736 0.6864 -0.7062
vn -0.4032 0.6540 -0.6401
vn -0.1898 0.6800 -0.7082
vn -0.4070 0.5569 -0.7240
vn -0.0953 0.6747 -0.7319
vn 0.6673 0.2988 -0.6822
vn 0.6706 0.2844 -0.6851
vn 0.5948 0.4232 -0.6835
vn -0.6661 -0.0319 -0.7452
vn -0.6609 -0.1108 -0.7422
vn -0.6149 0.3782 -0.6920
vn -0.6132 0.3849 -0.6898
vn -0.5209 0.6577 -0.5441
vn 0.1018 0.6643 -0.7405
vn -0.5289 0.6577 -0.5364
vn 0.0857 0.6613 -0.7452
vn -0.6254 0.1106 -0.7724
vn -0.6401 -0.5511 -0.5353
vn -0.6402 -0.5432 -0.5432
vn -0.6263 0.0951 -0.7738
vn 0.4921 -0.5073 -0.7075
vn 0.6403 0.1097 -0.7602
vn 0.5165 -0.4534 -0.7264
vn 0.6402 0.1097 -0.7603
vn -0.3708 0.6832 -0.6291
vn -0.5553 0.4828 -0.6772
vn -0.4013 0.6507 -0.6446
vn 0.6458 -0.0078 -0.7635
vn 0.5749 -0.3322 -0.7477
vn 0.6458 -0.0157 -0.7633
vn 0.5763 -0.3252 -0.7497
vn 0.6195 -0.1665 -0.7671
vn 0.7489 0.4890 -0.4472
vn 0.6707 0.2842 -0.6852
vn 0.6674 0.2987 -0.6822
vn -0.6025 0.4197 -0.6789
vn -0.6263 0.0955 -0.7737
vn -0.6170 0.4261 -0.6616
vn -0.6255 0.1110 -0.7723
vn -0.5992 -0.2662 -0.7550
vn -0.5980 -0.2735 -0.7534
vn 0.4155 -0.5266 -0.7417
vn 0.5053 -0.4043 -0.7624
vn 0.5451 -0.3419 -0.7655
vn -0.6821 0.2816 -0.6749
vn -0.6642 -0.2768 -0.6944
vn -0.6610 -0.2913 -0.6915
vn 0.6594 0.1265 -0.7411
vn 0.6541 0.1729 -0.7364
vn 0.5606 0.5564 -0.6133
vn -0.1371 0.7630 -0.6318
vn -0.1603 0.7529 -0.6383
vn 0.0165 0.9487 -0.3158
vn 0.7368 -0.2492 -0.6285
vn 0.9477 -0.0870 -0.3071
vn 0.7304 -0.2654 -0.6293
vn 0.6559 0.1576 -0.7382
vn 0.6513 0.1899 -0.7347
vn 0.5686 0.5485 -0.6131
vn 0.6542 0.1726 -0.7364
vn 0.6601 -0.3604 -0.6590
vn 0.6594 0.1264 -0.7411
vn -0.6162 0.4023 -0.6771
vn -0.6163 0.4023 -0.6770
vn -0.5554 0.4826 -0.6772
vn 0.5859 0.2430 -0.7731
vn 0.6205 -0.1665 -0.7663
vn 0.6211 -0.2293 -0.7494
vn 0.5859 0.2193 -0.7802
vn 0.5859 0.2194 -0.7801
vn 0.5859 0.2433 -0.7730
vn 0.5460 0.4847 -0.6833
vn 0.6513 0.1895 -0.7348
vn 0.6679 -0.3292 -0.6675
vn 0.6561 0.1574 -0.7381
vn 0.6211 -0.2296 -0.7494
vn 0.6978 -0.5649 -0.4404
vn 0.7064 -0.6037 -0.3696
vn 0.6205 -0.1666 -0.7663
vn 0.6369 0.0946 -0.7652
vn 0.6326 0.1412 -0.7615
vn 0.5533 0.5085 -0.6598
vn -0.6654 0.3555 -0.6564
vn -0.6653 0.3556 -0.6564
vn 0.6546 0.2443 -0.7154
vn 0.6099 0.4391 -0.6597
vn 0.6630 0.2209 -0.7153
vn 0.6326 0.1410 -0.7615
vn 0.6378 -0.3539 -0.6841
vn 0.6394 -0.3781 -0.6695
vn 0.6368 0.0943 -0.7652
vn 0.6864 0.1421 -0.7132
vn 0.6791 -0.3619 -0.6387
vn 0.6788 -0.3771 -0.6301
vn 0.6914 0.0877 -0.7171
vn 0.6630 0.2207 -0.7154
vn 0.7027 0.1980 -0.6833
vn 0.6547 0.2442 -0.7154
vn 0.7147 0.3873 -0.5824
vn 0.7025 0.1979 -0.6836
vn -0.5309 0.7899 -0.3069
vn -0.5792 0.4976 -0.6457
vn -0.5157 0.4138 -0.7502
vn -0.8330 -0.1625 -0.5289
vn -0.5200 0.4030 -0.7531
vn -0.1968 0.6333 -0.7484
vn -0.2200 0.6168 -0.7558
vn 0.1645 0.9864 -0.0000
vn 0.2125 -0.9772 -0.0000
vn 0.5400 0.8417 -0.0000
vn 0.9820 -0.1888 -0.0000
vn 0.9413 -0.3377 -0.0000
vn 0.9412 -0.3377 -0.0000
vn 0.0950 -0.9955 0.0004
vn 0.9790 -0.2039 -0.0000
vn 0.0950 -0.9955 -0.0000
vn 0.8959 -0.4443 -0.0000
vn 0.9679 0.2515 -0.0000
vn 0.9887 0.1502 -0.0000
vn 0.9678 0.2516 -0.0000
vn 0.9197 0.3926 -0.0000
vn 0.8749 0.4844 -0.0000
vn 0.9197 0.3925 -0.0000
vn 0.8749 0.4843 -0.0000
vn 0.9995 -0.0306 -0.0000
vn 0.9980 0.0637 -0.0000
vn 0.9788 0.2050 -0.0000
vn 0.9989 -0.0463 -0.0000
vn 0.7613 -0.6484 -0.0000
vn 0.9124 -0.4093 -0.0000
vn 0.9993 -0.0385 -0.0000
vn 0.2125 -0.9772 0.0003
vn 0.1644 0.9864 -0.0000
vn -0.1426 0.9898 -0.0000
vn -0.6081 0.7939 -0.0000
vn 0.5397 0.8419 -0.0000
vn 0.3963 0.9181 -0.0000
vn 0.3542 0.9352 -0.0001
vn 0.3542 0.9352 -0.0000
vn 0.0705 0.9975 -0.0000
vn 0.2206 0.9754 -0.0000
vn 0.0704 0.9975 -0.0000
vn -0.0244 0.9997 -0.0001
vn -0.2124 0.9772 -0.0000
vn -0.2123 0.9772 -0.0001
vn -0.2123 0.9772 -0.0000
vn 0.1643 0.9864 -0.0000
vn 0.0081 -0.3303 0.9438
vn 0.0081 -0.3304 0.9438
vn -0.7551 -0.6556 -0.0000
vn -0.8403 -0.5421 -0.0000
vn -0.7550 -0.6557 -0.0000
vn -0.9542 -0.2991 -0.0000
vn -0.9542 -0.2992 -0.0000
vn -0.9962 -0.0872 -0.0000
vn -0.9962 -0.0871 -0.0000
vn -0.9940 0.1095 -0.0000
vn -0.9181 0.3962 -0.0000
vn -0.9181 0.3963 -0.0000
vn -0.6082 0.7938 -0.0000
vn -0.9496 -0.3135 -0.0000
vn -0.9888 0.1492 -0.0000
vn -0.1812 -0.9834 -0.0000
vn -0.1812 -0.9834 -0.0003
vn -0.2125 0.9772 -0.0000
vn -0.2125 0.9772 0.0003
vn -0.1645 -0.9864 -0.0000
vn -0.9755 -0.2200 -0.0000
vn -1.0000 0.0071 -0.0000
vn -0.7663 -0.6424 -0.0000
vn -0.8081 -0.5890 -0.0000
vn -0.9919 -0.1269 -0.0000
vn -0.9956 0.0939 -0.0000
vn -0.9698 -0.2439 -0.0000
vn -0.9698 -0.2440 -0.0000
vn -0.8145 -0.5802 -0.0000
vn -0.8144 -0.5803 -0.0000
vn 0.2123 -0.9772 -0.0000
vn -0.1251 -0.9921 0.0001
vn -0.1252 -0.9921 -0.0000
vn -0.7549 -0.6559 -0.0000
vn 0.2606 -0.9654 -0.0000
vn -0.1810 -0.9835 -0.0000
vn -0.0466 -0.9989 -0.0000
vn 0.0008 -1.0000 -0.0000
vn 0.0243 -0.9997 -0.0000
vn 0.3627 -0.9319 -0.0000
vn 0.1657 -0.9862 -0.0000
vn -0.6524 -0.7579 -0.0000
vn 0.5712 -0.8208 -0.0000
vn 0.5713 -0.8208 -0.0000
vn 0.5714 -0.8207 -0.0000
vn 0.0559 -0.9984 -0.0000
vn 0.0949 -0.9955 -0.0000
vn 0.0949 -0.9955 -0.0001
vn 0.2919 -0.9565 -0.0000
vn 0.2919 -0.9564 -0.0000
vn 0.0323 -0.9995 -0.0000
vn -0.1813 -0.9834 -0.0000
vn 0.3696 -0.9292 -0.0000
vn -0.1172 -0.9931 -0.0000
vn -0.0385 -0.9993 -0.0000
vn -0.0783 -0.9969 -0.0000
vn 0.1897 -0.9818 -0.0000
vn -0.0861 -0.9963 -0.0000
vn -0.0071 -1.0000 -0.0000
vn -0.0541 -0.9985 -0.0000
vn 0.0480 -0.9988 -0.0000
vn -0.1644 -0.9864 -0.0000
vn 0.2124 -0.9772 -0.0000
vn -0.7661 -0.6427 -0.0000
vn -0.8079 -0.5893 -0.0000
vn -0.1644 -0.9864 0.0001
vn 0.0081 -0.3303 -0.9438
vn 0.0081 -0.3304 -0.9438
vt 12.201900 -18.694201
vt 11.819200 -18.928900
vt 12.180800 -18.928900
vt 11.798100 -18.694201
vt 11.819200 -19.163601
vt 12.180800 -19.163601
vt 11.798100 -19.398300
vt 12.201900 -19.398300
vt 12.134600 -18.601700
vt 12.173200 -18.856600
vt 12.173200 -18.625799
vt 11.826800 -18.856600
vt 11.865400 -18.601700
vt 11.826800 -18.625799
vt 12.159800 -18.882700
vt 11.840200 -18.882700
vt 11.885700 -19.066900
vt 11.840200 -19.043301
vt 12.114300 -19.066900
vt 12.159800 -19.043301
vt 12.142500 -19.047001
vt 11.857500 -18.989500
vt 11.857500 -19.047001
vt 12.142500 -18.989500
vt 11.848700 -18.769100
vt 12.151300 -18.819201
vt 12.151300 -18.769100
vt 11.848700 -18.819201
vt 12.151300 -18.869301
vt 11.848700 -18.869301
vt 12.125600 -18.760799
vt 11.874400 -18.760799
vt 12.125600 -18.869101
vt 11.874400 -18.869101
vt 12.090500 -18.652201
vt 11.909500 -18.652201
vt 12.090500 -18.727301
vt 11.909500 -18.727301
vt 12.142500 -18.932100
vt 11.857500 -18.932100
vt 12.033500 -18.760201
vt 12.027100 -18.823900
vt 12.047200 -18.797001
vt 11.972900 -18.823900
vt 11.966500 -18.760201
vt 12.000000 -18.688400
vt 12.027100 -18.696400
vt 12.047200 -18.723301
vt 11.972900 -18.696400
vt 11.952800 -18.797001
vt 11.952800 -18.723301
vt 12.050600 -18.897800
vt 11.949400 -18.897800
vt 12.000000 -18.918800
vt 12.050600 -18.796499
vt 12.071600 -18.847200
vt 11.949400 -18.796499
vt 12.000000 -18.775600
vt 11.928400 -18.847200
vt 13.925900 -18.963800
vt 13.694400 -18.963800
vt 13.925900 -19.000000
vt 13.694400 -19.000000
vt 13.694400 -19.036200
vt 13.925900 -19.036200
vt 13.110000 -19.000000
vt 13.672300 -19.039000
vt 13.672300 -19.000000
vt 13.110000 -18.961000
vt 13.672300 -18.961000
vt 13.110000 -19.039000
vt 11.060800 -19.134600
vt 11.060800 -18.865400
vt 10.959500 -18.865400
vt 10.959500 -19.134600
vt 10.959500 -18.826799
vt 11.060800 -18.826799
vt 11.060800 -19.173201
vt 10.959500 -19.173201
vt 10.213400 -19.201900
vt 10.213400 -18.798100
vt 10.074100 -18.798100
vt 10.074100 -19.201900
vt 12.805200 -19.027100
vt 13.112600 -19.000000
vt 12.805200 -19.000000
vt 13.112600 -19.027100
vt 13.112600 -18.972900
vt 12.805200 -18.972900
vt 12.211300 -19.151300
vt 12.749900 -18.848700
vt 12.211300 -18.848700
vt 12.749900 -19.151300
vt 10.439800 -19.000000
vt 10.681200 -19.105101
vt 10.681200 -19.000000
vt 10.439800 -18.894899
vt 10.681200 -18.894899
vt 10.439800 -19.105101
vt 13.132800 -19.049601
vt 12.799500 -19.000000
vt 12.799500 -19.049601
vt 13.132800 -19.000000
vt 12.799500 -18.950399
vt 13.132800 -18.950399
vt 11.399800 -19.125601
vt 12.127300 -18.874399
vt 11.399800 -18.874399
vt 12.127300 -19.125601
vt 11.189600 -19.090500
vt 12.731500 -18.909500
vt 11.189600 -18.909500
vt 12.731500 -19.090500
vt 13.662700 -19.000000
vt 13.925900 -18.949400
vt 13.662700 -18.949400
vt 13.662700 -19.050600
vt 13.925900 -19.050600
vt 11.507300 -19.142500
vt 11.669600 -18.857500
vt 11.507300 -18.857500
vt 11.669600 -19.142500
vt 10.074100 -18.811001
vt 10.305600 -18.847200
vt 10.305600 -18.811001
vt 10.074100 -18.847200
vt 10.305600 -18.883400
vt 10.074100 -18.883400
vt 10.890000 -18.808201
vt 10.327700 -18.808201
vt 10.890000 -18.847200
vt 10.327700 -18.847200
vt 10.890000 -18.886200
vt 10.327700 -18.886200
vt 13.786600 -19.163601
vt 13.896500 -18.928900
vt 13.786600 -18.928900
vt 13.786600 -18.694201
vt 13.925900 -18.694201
vt 13.896500 -19.163601
vt 13.786600 -19.398300
vt 13.925900 -19.398300
vt 13.040500 -18.625799
vt 12.939200 -18.856600
vt 13.040500 -18.856600
vt 12.939200 -18.625799
vt 13.040500 -19.043301
vt 12.939200 -18.882700
vt 12.939200 -19.043301
vt 13.040500 -18.882700
vt 10.887400 -18.723301
vt 11.194800 -18.696400
vt 10.887400 -18.696400
vt 11.194800 -18.723301
vt 11.250100 -18.869301
vt 11.250100 -18.769100
vt 11.217800 -18.819201
vt 11.788700 -18.769100
vt 11.788700 -18.869301
vt 11.821100 -18.819201
vt 12.330400 -19.047001
vt 12.330400 -18.932100
vt 12.304400 -18.989500
vt 12.492700 -18.932100
vt 12.492700 -19.047001
vt 12.518700 -18.989500
vt 12.600200 -18.760799
vt 11.872700 -18.760799
vt 12.600200 -18.869101
vt 11.872700 -18.869101
vt 13.560200 -18.902000
vt 13.318800 -18.902000
vt 13.560200 -18.999599
vt 13.560200 -18.804399
vt 13.318800 -18.804399
vt 13.318800 -18.999599
vt 12.810400 -18.652201
vt 11.268500 -18.652201
vt 12.810400 -18.727301
vt 11.268500 -18.727301
vt 11.194800 -18.760201
vt 10.887400 -18.760201
vt 11.194800 -18.797001
vt 10.887400 -18.797001
vt 10.887400 -18.823900
vt 11.194800 -18.823900
vt 11.200500 -18.797501
vt 10.867200 -18.797501
vt 11.200500 -18.847200
vt 10.867200 -18.847200
vt 10.867200 -18.896799
vt 11.200500 -18.896799
vt 10.074100 -18.897800
vt 10.337300 -18.847200
vt 10.337300 -18.897800
vt 10.337300 -18.796499
vt 10.074100 -18.796499
vt 12.000000 -18.796000
vt 12.036200 -18.811001
vt 11.963800 -18.811001
vt 11.948800 -18.847200
vt 11.963800 -18.883400
vt 12.000000 -18.898399
vt 12.036200 -18.883400
vt 12.051200 -18.847200
vt 12.070200 -18.847200
vt 12.049600 -18.797501
vt 12.049600 -18.896799
vt 11.950400 -18.896799
vt 11.950400 -18.797501
vt 12.000000 -18.777000
vt 11.929800 -18.847200
vt 12.000000 -18.917400
vt 10.074100 -18.963800
vt 10.305600 -19.000000
vt 10.305600 -18.963800
vt 10.074100 -19.000000
vt 10.305600 -19.036200
vt 10.074100 -19.036200
vt 10.890000 -18.961000
vt 10.327700 -18.961000
vt 10.890000 -19.000000
vt 10.327700 -19.000000
vt 10.327700 -19.039000
vt 10.890000 -19.039000
vt 13.925900 -19.201900
vt 13.925900 -18.798100
vt 13.786600 -18.798100
vt 13.786600 -19.201900
vt 12.492700 -19.142500
vt 12.492700 -18.857500
vt 12.330400 -19.142500
vt 12.330400 -18.857500
vt 13.040500 -19.159800
vt 12.939200 -19.114300
vt 12.939200 -19.159800
vt 13.040500 -19.114300
vt 12.939200 -18.885700
vt 13.040500 -18.885700
vt 12.939200 -18.840200
vt 13.040500 -18.840200
vt 13.560200 -19.000000
vt 13.318800 -19.000000
vt 13.560200 -19.105101
vt 13.318800 -18.894899
vt 13.560200 -18.894899
vt 13.318800 -19.105101
vt 11.250100 -19.151300
vt 11.788700 -18.848700
vt 11.250100 -18.848700
vt 11.788700 -19.151300
vt 10.867200 -19.049601
vt 11.200500 -19.049601
vt 10.867200 -19.000000
vt 11.200500 -19.000000
vt 10.867200 -18.950399
vt 11.200500 -18.950399
vt 11.872700 -19.125601
vt 12.600200 -19.125601
vt 12.600200 -18.874399
vt 11.872700 -18.874399
vt 11.268500 -19.090500
vt 12.810400 -19.090500
vt 12.810400 -18.909500
vt 11.268500 -18.909500
vt 10.337300 -18.949400
vt 10.074100 -18.949400
vt 10.337300 -19.000000
vt 10.074100 -19.050600
vt 10.337300 -19.050600
vt 13.694400 -18.811001
vt 13.925900 -18.847200
vt 13.925900 -18.811001
vt 13.694400 -18.847200
vt 13.925900 -18.883400
vt 13.694400 -18.883400
vt 13.672300 -18.808201
vt 13.110000 -18.808201
vt 13.672300 -18.847200
vt 13.110000 -18.847200
vt 13.672300 -18.886200
vt 13.110000 -18.886200
vt 10.074100 -18.694201
vt 10.103500 -18.928900
vt 10.213400 -18.694201
vt 10.213400 -18.928900
vt 10.103500 -19.163601
vt 10.213400 -19.163601
vt 10.213400 -19.398300
vt 10.074100 -19.398300
vt 10.959500 -18.625799
vt 10.959500 -18.856600
vt 11.060800 -18.625799
vt 11.060800 -18.856600
vt 11.060800 -18.882700
vt 10.959500 -18.882700
vt 11.060800 -19.043301
vt 10.959500 -19.043301
vt 13.112600 -18.696400
vt 12.805200 -18.696400
vt 12.805200 -18.723301
vt 13.112600 -18.723301
vt 12.749900 -18.769100
vt 12.749900 -18.869301
vt 12.782200 -18.819201
vt 12.211300 -18.869301
vt 12.211300 -18.769100
vt 12.178900 -18.819201
vt 11.669600 -18.932100
vt 11.669600 -19.047001
vt 11.695600 -18.989500
vt 11.507300 -19.047001
vt 11.507300 -18.932100
vt 11.481300 -18.989500
vt 11.399800 -18.760799
vt 12.127300 -18.869101
vt 12.127300 -18.760799
vt 11.399800 -18.869101
vt 10.439800 -18.999599
vt 10.681200 -18.999599
vt 10.439800 -18.902000
vt 10.681200 -18.902000
vt 10.439800 -18.804399
vt 10.681200 -18.804399
vt 11.189600 -18.652201
vt 12.731500 -18.727301
vt 12.731500 -18.652201
vt 11.189600 -18.727301
vt 13.112600 -18.760201
vt 12.805200 -18.760201
vt 13.112600 -18.797001
vt 12.805200 -18.797001
vt 12.805200 -18.823900
vt 13.112600 -18.823900
vt 13.132800 -18.797501
vt 12.799500 -18.797501
vt 13.132800 -18.847200
vt 12.799500 -18.847200
vt 13.132800 -18.896799
vt 12.799500 -18.896799
vt 13.662700 -18.897800
vt 13.925900 -18.897800
vt 13.662700 -18.847200
vt 13.925900 -18.796499
vt 13.662700 -18.796499
vt 36.064098 -7.242330
vt 36.000099 -7.333850
vt 36.077099 -7.327870
vt 36.000099 -7.236180
vt 35.945900 -7.242330
vt 35.932899 -7.327870
vt 35.857300 -7.315840
vt 35.908901 -7.250020
vt 36.101101 -7.250020
vt 36.152699 -7.315840
vt 36.158798 -7.279920
vt 36.155602 -7.206220
vt 36.098000 -7.240860
vt 36.073101 -7.320650
vt 35.999298 -7.420270
vt 36.088100 -7.417170
vt 35.999298 -7.307740
vt 35.936901 -7.320650
vt 35.921902 -7.417170
vt 36.200699 -7.239520
vt 36.126598 -7.095000
vt 36.160999 -7.083900
vt 36.106499 -7.025210
vt 35.841599 -7.403370
vt 35.901100 -7.336880
vt 35.903702 -7.025210
vt 35.849201 -7.083900
vt 35.883598 -7.095000
vt 36.098099 -7.336880
vt 36.157600 -7.403370
vt 35.851200 -7.279920
vt 35.911999 -7.240860
vt 35.848099 -7.206220
vt 36.168499 -7.336110
vt 36.151199 -7.245440
vt 36.098400 -7.317690
vt 35.786301 -7.314910
vt 35.834499 -7.336110
vt 35.843800 -7.245440
vt 35.904598 -7.317690
vt 36.216599 -7.314910
vt 36.000000 -6.736740
vt 35.940498 -6.738830
vt 36.000000 -6.747780
vt 35.950001 -6.712350
vt 36.059502 -6.738830
vt 36.049999 -6.712350
vt 36.104698 -7.025360
vt 35.999901 -7.103400
vt 35.999901 -7.025410
vt 35.905499 -7.025360
vt 36.000000 -6.751560
vt 35.959000 -6.777660
vt 36.000000 -6.777660
vt 36.041000 -6.777660
vt 36.000000 -7.415650
vt 35.881100 -7.495030
vt 36.000000 -7.499560
vt 35.875198 -7.417050
vt 36.124802 -7.417050
vt 36.118900 -7.495030
vt 36.125500 -6.967740
vt 36.159302 -6.973690
vt 35.884701 -6.967740
vt 35.850899 -6.973690
vt 36.000000 -6.694420
vt 36.071800 -7.090330
vt 36.000401 -7.159420
vt 36.076099 -7.153450
vt 36.000401 -7.089350
vt 35.933899 -7.153450
vt 35.938202 -7.090330
vt 36.141998 -7.082160
vt 36.174099 -7.123880
vt 35.835899 -7.123880
vt 35.868000 -7.082160
vt 36.000000 -7.198250
vt 35.882099 -7.275300
vt 36.000000 -7.279110
vt 35.881401 -7.200660
vt 36.118599 -7.200660
vt 36.117901 -7.275300
vt 36.000000 -6.702140
vt 35.964802 -6.720240
vt 36.000000 -6.728830
vt 35.974800 -6.696000
vt 36.035198 -6.720240
vt 36.025200 -6.696000
vt 36.000000 -6.653140
vt 35.954201 -6.668070
vt 36.000000 -6.682100
vt 35.961399 -6.643720
vt 36.045799 -6.668070
vt 36.038601 -6.643720
vt 35.977001 -6.685360
vt 36.000000 -6.714310
vt 36.000000 -6.685920
vt 35.965500 -6.714310
vt 36.022999 -6.685360
vt 36.034500 -6.714310
vt 36.122799 -7.494000
vt 36.069599 -7.388340
vt 35.986000 -7.499650
vt 35.986000 -7.391900
vt 35.938000 -7.388340
vt 35.897701 -7.494000
vt 35.920399 -7.387100
vt 35.866798 -7.477330
vt 36.083000 -7.387100
vt 36.143799 -7.477330
vt 36.002998 -6.685100
vt 35.937599 -6.613090
vt 35.941299 -6.684760
vt 36.002998 -6.606060
vt 36.056801 -6.684760
vt 36.060501 -6.613090
vt 36.000000 -6.615150
vt 35.971699 -6.607930
vt 36.147598 -7.022820
vt 36.094101 -7.049540
vt 36.091202 -7.031680
vt 36.137199 -6.964560
vt 36.112801 -6.690840
vt 36.140499 -6.647910
vt 35.915901 -7.049540
vt 35.862400 -7.022820
vt 35.918800 -7.031680
vt 35.867001 -6.964560
vt 36.028301 -6.607930
vt 35.865101 -6.647910
vt 35.892899 -6.690840
vt 36.000000 -7.328170
vt 35.908001 -7.220420
vt 35.884399 -7.319950
vt 36.000000 -7.226930
vt 36.115601 -7.319950
vt 36.091999 -7.220420
vt 36.053501 -7.382320
vt 36.122299 -7.431230
vt 36.124500 -7.349740
vt 35.946499 -7.382320
vt 35.875500 -7.349740
vt 35.877701 -7.431230
vt 36.002899 -6.687370
vt 35.941799 -6.620160
vt 35.945301 -6.687050
vt 36.002899 -6.613590
vt 36.053200 -6.687050
vt 36.056599 -6.620160
vt 36.070202 -7.432980
vt 36.155102 -7.488000
vt 36.095798 -7.432920
vt 35.844898 -7.488000
vt 35.929798 -7.432980
vt 35.904202 -7.432920
vt 36.105400 -6.692730
vt 36.131302 -6.652650
vt 35.874199 -6.652650
vt 35.900101 -6.692730
vt 36.052601 -7.220110
vt 36.116199 -7.273040
vt 36.118000 -7.198020
vt 35.947399 -7.220110
vt 35.882000 -7.198030
vt 35.883801 -7.273040
vt 36.003201 -6.684080
vt 35.931198 -6.604870
vt 35.935200 -6.683710
vt 36.003201 -6.597140
vt 36.062401 -6.683710
vt 36.066399 -6.604870
vt 36.125000 -7.278120
vt 36.090000 -7.228040
vt 36.069801 -7.228670
vt 35.875000 -7.278120
vt 35.930199 -7.228670
vt 35.910000 -7.228040
vt 36.123901 -6.690400
vt 36.154400 -6.643170
vt 35.851501 -6.643170
vt 35.882000 -6.690400
vt 35.951698 -6.753220
vt 36.002998 -6.767360
vt 36.046398 -6.753220
vt 35.934299 -6.735390
vt 35.885300 -6.726360
vt 36.071400 -6.735390
vt 36.068901 -6.721440
vt 36.117699 -6.726360
vt 35.891399 -6.784560
vt 35.934101 -6.721440
vt 36.117199 -6.784560
vt 35.779400 -7.100130
vt 35.839401 -7.153460
vt 35.875198 -7.088760
vt 36.220600 -7.100130
vt 36.124802 -7.088760
vt 36.160599 -7.153460
vt 35.955002 -6.750950
vt 36.002899 -6.764150
vt 36.043400 -6.750950
vt 35.938801 -6.734310
vt 35.893101 -6.725880
vt 35.892502 -6.780210
vt 35.938599 -6.721290
vt 36.066700 -6.734310
vt 36.064400 -6.721290
vt 36.109901 -6.725880
vt 36.115700 -6.780210
vt 35.946701 -6.759010
vt 36.003201 -6.774570
vt 36.050900 -6.759010
vt 35.927601 -6.739400
vt 35.873699 -6.729470
vt 36.078400 -6.739400
vt 36.075699 -6.724050
vt 36.129299 -6.729470
vt 35.893299 -6.793490
vt 35.927299 -6.724050
vt 36.115898 -6.793490
vt 36.129902 -7.194590
vt 36.164799 -7.170360
vt 36.107498 -7.105110
vt 35.892502 -7.105110
vt 35.835201 -7.170360
vt 35.870098 -7.194590
vt 36.000000 -7.196860
vt 36.000000 -7.106260
vt 35.892200 -6.784560
vt 36.116402 -6.784560
vt 36.121498 -7.015600
vt 36.189602 -7.027320
vt 36.154499 -6.989600
vt 36.129002 -7.074600
vt 35.820400 -7.027320
vt 35.888500 -7.015600
vt 35.855499 -6.989600
vt 35.881001 -7.074600
vt 36.114899 -6.780210
vt 35.893299 -6.780210
vt 35.896702 -6.793490
vt 36.112400 -6.793490
vt 36.100498 -6.951490
vt 36.000000 -7.028290
vt 36.000000 -6.952040
vt 35.909500 -6.951490
vt 35.821201 -7.016200
vt 35.867001 -7.005380
vt 35.848499 -6.988700
vt 35.859001 -7.048380
vt 36.129601 -7.005380
vt 36.182701 -7.013920
vt 36.155300 -6.986420
vt 36.137600 -7.048380
vt 35.844200 -6.927670
vt 35.905800 -6.931990
vt 35.848301 -6.862600
vt 36.102200 -6.950460
vt 36.160702 -6.927670
vt 36.099098 -6.931990
vt 36.154400 -6.862600
vt 35.907799 -6.950460
vt 35.893101 -6.784560
vt 36.115501 -6.784560
vt 36.061798 -6.952720
vt 36.000198 -7.025720
vt 36.074299 -7.013660
vt 36.000198 -6.953250
vt 35.948101 -6.952720
vt 35.935600 -7.013660
vt 35.905998 -6.951750
vt 35.845501 -6.930080
vt 35.852798 -6.988950
vt 35.906502 -6.934190
vt 35.849499 -6.868230
vt 36.104000 -6.951750
vt 36.159302 -6.930080
vt 36.157200 -6.988950
vt 36.098301 -6.934190
vt 36.153099 -6.868230
vt 36.128601 -7.183680
vt 35.871399 -7.183680
vt 36.107201 -6.958630
vt 36.001301 -7.014620
vt 36.001301 -6.959040
vt 35.889500 -6.958630
vt 36.117901 -6.780210
vt 35.890301 -6.780210
vt 35.936901 -6.924260
vt 35.999298 -6.996900
vt 35.999298 -6.910110
vt 36.073101 -6.924260
vt 35.809299 -6.899520
vt 35.851200 -6.929060
vt 35.855000 -6.849600
vt 35.889400 -6.960170
vt 35.879601 -6.944420
vt 36.114498 -6.957880
vt 36.123501 -6.944420
vt 36.200699 -6.899520
vt 36.148701 -6.849600
vt 36.158798 -6.929060
vt 36.113400 -6.793490
vt 35.895699 -6.793490
vt 36.168499 -6.916140
vt 36.151199 -6.842080
vt 36.098400 -6.921070
vt 35.901100 -6.942080
vt 35.834499 -6.916140
vt 35.841599 -6.986630
vt 35.904598 -6.921070
vt 35.843800 -6.842080
vt 36.098099 -6.942080
vt 36.157600 -6.986630
vt 36.160599 -7.381810
vt 35.839401 -7.381810
vt 36.098000 -6.901510
vt 35.911999 -6.901510
vt 35.927299 -6.945270
vt 35.970001 -6.942830
vt 35.948799 -6.923860
vt 35.964901 -6.980920
vt 36.035099 -6.980920
vt 36.072701 -6.945270
vt 36.029999 -6.942830
vt 36.051201 -6.923860
vt 35.929798 -6.953120
vt 35.971100 -6.953420
vt 35.948502 -6.934540
vt 35.967899 -6.987290
vt 36.032101 -6.987290
vt 36.070202 -6.953120
vt 36.028900 -6.953420
vt 36.051498 -6.934540
vt 36.077099 -6.991610
vt 36.101101 -6.915290
vt 36.064098 -6.903670
vt 36.152699 -6.979120
vt 35.857300 -6.979120
vt 35.932899 -6.991610
vt 35.908901 -6.915290
vt 35.945900 -6.903670
vt 36.000099 -6.995960
vt 36.000099 -6.894410
vt 35.943802 -6.911090
vt 35.945801 -6.878440
vt 35.919300 -6.910170
vt 36.000000 -6.906680
vt 36.021099 -6.902930
vt 36.000000 -6.949470
vt 36.056198 -6.911090
vt 36.080700 -6.910170
vt 36.054199 -6.878440
vt 35.978901 -6.902930
vt 36.024899 -6.900820
vt 36.026798 -6.898150
vt 36.058998 -6.897570
vt 36.052502 -6.859600
vt 35.975101 -6.900820
vt 35.973202 -6.898150
vt 35.941002 -6.897570
vt 35.947498 -6.859600
vt 35.931400 -6.951360
vt 35.970699 -6.949960
vt 35.951000 -6.933610
vt 35.966099 -6.981820
vt 36.033901 -6.981820
vt 36.068600 -6.951360
vt 36.029301 -6.949960
vt 36.049000 -6.933610
vt 35.927898 -6.943420
vt 35.969101 -6.943250
vt 35.946602 -6.923100
vt 35.965599 -6.979110
vt 36.034401 -6.979110
vt 36.072102 -6.943420
vt 36.030899 -6.943250
vt 36.053398 -6.923100
vt 36.023102 -6.918420
vt 36.029598 -6.915020
vt 35.976898 -6.918420
vt 35.970299 -6.915020
vt 36.057701 -6.909290
vt 36.032101 -6.910000
vt 36.049702 -6.874190
vt 35.942299 -6.909290
vt 35.967899 -6.910000
vt 35.950298 -6.874190
vt 36.000000 -6.922700
vt 36.000000 -6.959540
vt 36.000000 -6.899100
vt 36.042000 -6.938450
vt 36.027699 -6.894900
vt 36.000000 -6.945740
vt 35.958000 -6.938450
vt 35.972301 -6.894900
vt 36.055801 -6.917510
vt 35.944199 -6.917510
vt 36.027000 -6.911280
vt 35.973000 -6.911280
vt 36.030399 -6.897340
vt 36.062000 -6.895800
vt 36.057499 -6.859320
vt 35.969601 -6.897340
vt 35.942501 -6.859320
vt 35.938000 -6.895800
vt 36.000000 -6.918970
vt 36.000000 -6.955620
vt 35.978600 -6.915700
vt 36.021400 -6.915700
vt 36.025002 -6.913770
vt 35.974998 -6.913770
vt 36.000000 -6.908320
vt 36.022800 -6.904190
vt 36.000000 -6.950000
vt 35.977200 -6.904190
vt 36.027699 -6.901320
vt 35.972301 -6.901320
vt 37.596199 -7.000000
vt 37.630798 -6.970700
vt 37.596100 -6.978640
vt 37.596100 -7.021360
vt 37.630798 -7.029300
vt 34.616199 -7.125550
vt 34.629200 -6.999900
vt 34.546700 -7.104700
vt 34.547298 -6.999900
vt 34.546700 -6.905520
vt 34.616199 -6.884670
vt 34.803398 -7.071840
vt 34.870300 -7.094090
vt 34.871700 -7.059810
vt 34.812901 -7.141980
vt 34.812901 -6.868020
vt 34.803398 -6.938150
vt 34.870300 -6.915910
vt 34.871700 -6.950190
vt 34.796299 -7.000420
vt 34.872898 -7.000420
vt 36.840000 -6.922650
vt 36.767799 -6.901070
vt 36.767700 -6.936910
vt 36.830601 -6.843430
vt 36.840000 -7.087350
vt 36.848099 -6.999310
vt 36.767700 -7.073090
vt 36.767799 -7.098100
vt 36.830601 -7.155730
vt 36.837299 -6.976220
vt 36.827801 -7.000000
vt 36.864700 -7.000000
vt 36.814499 -6.986950
vt 36.814499 -7.013050
vt 36.776901 -7.000000
vt 36.837299 -7.023780
vt 34.708199 -7.000000
vt 34.696499 -6.983580
vt 34.655399 -7.000000
vt 34.547298 -7.103260
vt 34.478199 -7.160900
vt 34.548901 -7.165460
vt 36.495701 -6.905980
vt 36.555901 -6.936200
vt 36.548100 -6.854440
vt 36.555901 -7.073740
vt 36.495701 -7.103950
vt 36.548100 -7.155500
vt 34.348801 -7.000000
vt 34.333199 -6.979840
vt 34.283100 -7.000000
vt 35.057800 -7.000000
vt 35.044498 -6.986950
vt 35.006901 -7.000000
vt 35.152100 -7.000000
vt 35.087799 -6.881360
vt 35.075901 -7.000000
vt 35.164101 -6.886820
vt 35.087799 -7.118640
vt 35.164101 -7.113180
vt 36.934101 -6.853040
vt 36.897301 -6.809340
vt 36.855900 -6.855030
vt 35.083099 -7.000000
vt 35.014500 -6.875240
vt 35.005001 -7.000000
vt 35.092701 -6.882440
vt 35.014500 -7.124770
vt 35.092701 -7.117560
vt 34.897800 -7.000000
vt 34.884499 -6.984460
vt 34.846901 -7.000000
vt 36.934101 -7.156960
vt 36.855900 -7.148680
vt 36.897301 -7.200660
vt 34.534401 -7.076480
vt 34.462399 -7.101080
vt 34.522999 -7.151100
vt 34.449200 -7.064110
vt 34.534401 -6.933520
vt 34.462399 -6.908920
vt 34.449200 -6.945890
vt 34.522999 -6.858890
vt 34.566399 -6.903730
vt 34.610802 -6.850940
vt 34.548901 -6.839440
vt 34.547298 -6.901640
vt 34.478199 -6.841690
vt 36.987999 -6.933520
vt 36.910500 -6.908920
vt 36.900700 -6.945890
vt 36.976501 -6.858890
vt 36.987999 -7.076480
vt 36.910500 -7.101080
vt 36.976501 -7.151100
vt 36.900700 -7.064110
vt 36.898998 -7.098020
vt 34.696499 -7.016410
vt 34.724400 -7.029910
vt 34.750900 -7.000000
vt 36.898998 -6.911980
vt 36.993099 -7.000060
vt 36.892899 -7.000060
vt 35.044498 -7.013050
vt 35.067299 -7.023780
vt 35.094700 -7.000000
vt 34.537498 -7.000060
vt 34.438801 -7.000060
vt 36.062302 -6.837350
vt 35.996799 -6.779410
vt 36.007198 -6.844930
vt 34.724400 -6.970090
vt 36.007198 -7.155070
vt 35.996799 -7.220590
vt 36.062302 -7.162650
vt 34.469101 -7.156960
vt 34.389000 -7.155600
vt 34.444698 -7.200660
vt 34.884499 -7.015540
vt 34.907299 -7.028310
vt 34.934700 -7.000000
vt 35.067299 -6.976220
vt 35.393299 -7.092040
vt 35.496201 -7.000000
vt 35.390400 -7.000000
vt 35.493599 -7.116770
vt 35.393299 -6.907960
vt 35.493599 -6.883230
vt 34.365700 -7.036740
vt 34.399700 -7.000000
vt 34.333199 -7.020160
vt 35.927299 -6.875190
vt 35.927299 -7.124810
vt 34.469101 -6.853040
vt 34.444698 -6.809340
vt 34.389000 -6.848110
vt 35.379200 -7.120340
vt 35.370098 -7.052600
vt 35.293201 -7.118050
vt 35.379200 -6.879660
vt 35.293201 -6.881950
vt 35.370098 -6.947400
vt 34.907299 -6.971690
vt 34.610802 -7.159280
vt 34.566399 -7.106490
vt 34.446899 -6.911980
vt 34.750999 -6.959260
vt 34.794300 -7.000000
vt 34.750999 -7.040740
vt 36.009602 -7.095800
vt 36.009602 -6.904200
vt 34.365700 -6.963260
vt 36.116901 -7.000000
vt 36.018501 -6.892510
vt 36.022499 -7.000000
vt 36.117401 -6.868670
vt 36.117401 -7.131330
vt 36.018501 -7.107490
vt 36.002800 -7.070190
vt 36.002800 -6.929810
vt 34.446899 -7.098020
vt 35.183899 -6.779410
vt 35.134499 -6.835190
vt 35.189499 -6.839420
vt 35.088001 -6.788910
vt 35.134499 -7.164810
vt 35.183899 -7.220590
vt 35.189499 -7.160580
vt 35.088001 -7.211090
vt 35.292599 -6.831990
vt 35.227100 -6.875480
vt 35.328400 -6.877690
vt 35.292599 -7.168010
vt 35.328400 -7.122310
vt 35.227100 -7.124520
vt 35.437099 -7.130570
vt 35.437099 -6.869430
vt 35.315498 -7.069630
vt 35.442101 -6.986040
vt 35.318501 -6.986040
vt 35.433899 -7.091740
vt 35.433899 -6.921210
vt 35.315498 -6.937990
vt 35.299500 -7.053460
vt 35.299500 -6.946540
vt 36.442902 -6.852770
vt 36.434502 -6.935610
vt 36.434502 -7.074320
vt 36.442902 -7.157170
vt 35.383900 -6.866510
vt 35.314800 -6.920380
vt 35.413200 -6.879180
vt 35.413200 -7.127230
vt 35.314800 -7.083000
vt 35.383900 -7.133490
vt 36.686199 -6.999310
vt 36.694500 -6.921950
vt 36.694500 -7.088050
vt 34.400002 -7.166300
vt 34.318001 -7.151160
vt 34.348701 -7.216650
vt 36.704601 -6.841570
vt 36.704601 -7.157600
vt 34.400002 -6.836690
vt 34.348701 -6.786340
vt 34.318001 -6.843750
vt 35.161900 -7.097300
vt 35.170799 -7.095800
vt 35.254002 -7.124810
vt 35.177601 -7.070190
vt 35.170799 -6.904200
vt 35.161900 -6.902700
vt 35.177601 -6.929810
vt 35.254002 -6.875190
vt 34.926998 -7.071280
vt 34.919899 -7.140470
vt 34.926998 -6.938720
vt 34.919899 -6.869530
vt 34.454201 -6.999310
vt 34.351101 -6.936910
vt 34.345402 -6.999310
vt 34.446899 -6.922650
vt 34.446899 -7.087350
vt 34.351101 -7.073090
vt 34.349899 -6.904590
vt 34.358501 -7.098100
vt 34.434299 -7.155730
vt 34.349899 -7.098400
vt 34.358501 -6.901070
vt 34.434299 -6.843430
vt 37.581001 -7.279920
vt 37.537601 -7.250020
vt 37.532299 -7.315840
vt 37.395000 -7.095000
vt 37.453300 -7.025360
vt 37.433601 -7.025210
vt 37.555302 -7.239520
vt 37.611000 -7.206220
vt 34.376301 -6.932920
vt 34.403900 -6.910170
vt 34.379200 -6.910480
vt 34.403400 -6.951360
vt 37.680901 -7.403370
vt 37.651299 -7.314910
vt 37.606098 -7.416900
vt 37.703201 -7.336110
vt 34.291901 -6.922760
vt 34.322399 -6.895870
vt 34.295399 -6.894970
vt 34.322102 -6.943420
vt 34.492401 -6.892420
vt 34.457100 -6.917510
vt 34.492401 -6.894900
vt 37.595798 -6.777660
vt 37.622002 -6.751560
vt 37.595798 -6.751560
vt 37.383801 -6.967740
vt 37.614399 -6.712350
vt 37.668301 -6.694420
vt 37.634300 -6.680490
vt 37.666801 -6.660540
vt 37.682499 -6.673230
vt 34.460602 -6.888570
vt 34.492401 -6.889210
vt 34.448299 -6.938450
vt 34.492401 -6.940800
vt 34.492401 -6.980010
vt 34.322601 -6.859320
vt 34.560699 -6.934540
vt 34.588001 -6.908390
vt 34.563702 -6.909290
vt 34.588001 -6.953120
vt 34.492401 -6.887780
vt 37.127701 -7.029100
vt 37.187099 -7.082160
vt 37.175201 -7.022820
vt 37.137402 -7.123880
vt 34.492401 -6.846940
vt 35.065899 -6.868500
vt 35.023499 -6.910420
vt 35.102699 -6.899520
vt 35.041801 -6.972780
vt 37.455299 -7.023310
vt 37.461300 -7.072230
vt 37.521801 -7.017160
vt 34.649799 -6.923910
vt 34.682201 -6.896900
vt 34.652901 -6.897610
vt 34.682201 -6.945270
vt 34.588001 -6.874190
vt 34.682201 -6.859600
vt 35.324902 -6.727390
vt 35.271099 -6.689610
vt 35.276600 -6.727560
vt 35.325298 -6.643170
vt 35.232601 -7.029570
vt 35.232101 -6.918030
vt 35.169399 -6.987350
vt 35.175800 -6.917880
vt 37.249001 -6.663090
vt 37.269699 -6.714130
vt 37.284100 -6.683730
vt 37.223000 -6.688650
vt 37.115501 -6.589420
vt 37.120098 -6.615150
vt 37.128799 -6.597540
vt 37.092701 -6.607930
vt 37.077900 -6.643720
vt 37.115299 -6.653140
vt 36.729301 -7.431230
vt 36.772900 -7.349740
vt 36.707401 -7.381440
vt 37.275600 -6.638510
vt 37.302101 -6.652440
vt 36.684898 -6.724470
vt 36.734200 -6.690840
vt 36.685299 -6.647910
vt 36.728600 -6.726360
vt 36.871399 -7.275300
vt 36.912201 -7.200660
vt 36.849602 -7.213220
vt 36.824501 -7.273560
vt 37.451099 -6.974020
vt 35.147900 -6.564980
vt 35.135300 -6.521970
vt 35.110500 -6.555560
vt 35.162701 -6.529190
vt 36.985500 -7.417050
vt 36.877899 -7.488190
vt 36.932701 -7.495030
vt 36.911999 -7.424330
vt 36.816101 -7.435700
vt 36.906502 -6.654310
vt 36.931099 -6.625920
vt 36.908100 -6.625360
vt 36.940899 -6.654310
vt 35.136501 -6.715570
vt 35.138100 -6.646620
vt 35.115200 -6.646070
vt 35.102100 -6.715570
vt 35.142300 -6.629330
vt 35.089699 -6.628990
vt 37.120998 -6.964560
vt 35.231701 -6.842080
vt 36.651699 -7.273040
vt 36.706799 -7.198030
vt 36.637001 -7.220220
vt 36.955299 -6.593140
vt 36.932701 -6.547930
vt 36.917900 -6.583720
vt 36.960098 -6.555150
vt 36.912300 -6.608070
vt 36.957500 -6.622100
vt 37.303501 -6.624880
vt 37.315201 -6.636380
vt 35.368500 -7.016200
vt 35.368198 -6.942480
vt 35.327999 -6.989160
vt 35.332199 -6.942380
vt 35.494999 -6.724120
vt 35.449299 -6.692060
vt 35.453999 -6.724260
vt 35.495300 -6.652650
vt 35.494701 -6.780210
vt 36.514999 -6.724120
vt 36.560902 -6.692730
vt 36.515301 -6.652650
vt 36.555698 -6.725880
vt 35.368000 -6.893830
vt 35.504700 -7.024800
vt 35.504299 -6.931660
vt 35.451900 -6.989550
vt 35.457298 -6.931530
vt 35.664902 -6.724470
vt 35.616100 -6.690130
vt 35.621101 -6.724630
vt 35.665298 -6.647910
vt 35.504002 -6.868230
vt 36.598801 -7.295360
vt 36.540501 -7.247750
vt 37.716900 -6.653610
vt 36.616501 -7.422150
vt 36.652901 -7.477330
vt 36.680500 -7.460660
vt 36.576900 -7.437540
vt 36.955502 -6.529420
vt 36.968800 -6.537540
vt 36.775902 -7.228040
vt 36.774799 -7.278120
vt 36.344898 -6.727390
vt 36.398998 -6.690400
vt 36.345299 -6.643170
vt 36.392899 -6.729470
vt 35.652699 -7.027320
vt 35.652199 -6.929330
vt 35.597099 -6.990230
vt 35.602798 -6.929190
vt 35.327999 -6.986880
vt 35.368198 -6.944420
vt 36.685001 -6.753220
vt 36.742001 -6.684760
vt 36.685001 -6.735390
vt 35.651901 -6.862600
vt 35.324501 -6.793490
vt 36.684601 -6.784560
vt 35.834900 -6.727390
vt 35.781101 -6.689610
vt 35.786598 -6.727560
vt 35.835300 -6.643170
vt 36.764500 -7.231660
vt 37.153099 -6.579090
vt 36.174900 -6.724470
vt 36.224201 -6.690840
vt 36.175301 -6.647910
vt 36.218601 -6.726360
vt 37.473499 -7.288390
vt 36.514702 -6.780210
vt 35.958900 -7.170360
vt 36.003201 -7.100130
vt 35.908501 -7.118550
vt 36.553200 -7.319950
vt 36.459099 -7.264880
vt 36.515099 -6.750950
vt 36.568298 -6.687050
vt 36.514999 -6.734310
vt 35.089500 -6.915290
vt 35.664600 -6.784560
vt 36.685200 -7.387100
vt 36.694401 -7.385870
vt 36.835899 -7.145040
vt 36.803101 -7.167390
vt 37.344601 -6.623160
vt 36.005001 -6.724120
vt 35.959301 -6.692060
vt 35.964001 -6.724260
vt 36.005299 -6.652650
vt 36.004700 -6.780210
vt 36.993099 -6.519090
vt 36.050900 -6.692730
vt 36.045700 -6.725880
vt 36.344501 -6.793490
vt 36.606701 -7.220420
vt 36.345001 -6.759010
vt 36.407700 -6.683710
vt 36.344898 -6.739400
vt 35.882599 -7.049580
vt 35.937698 -7.052350
vt 35.834499 -6.793490
vt 36.126099 -6.690130
vt 36.131100 -6.724630
vt 36.174599 -6.784560
vt 36.623402 -7.222770
vt 35.889000 -6.690400
vt 35.882900 -6.729470
vt 36.174999 -6.753220
vt 36.231998 -6.684760
vt 36.174999 -6.735390
vt 36.562901 -7.175930
vt 36.620800 -7.166230
vt 36.291100 -6.689610
vt 36.296600 -6.727560
vt 35.701500 -6.927670
vt 35.714199 -6.690840
vt 35.708599 -6.726360
vt 35.707802 -6.989600
vt 35.106400 -6.979120
vt 35.140400 -6.929060
vt 36.005100 -6.750950
vt 36.058300 -6.687050
vt 36.005001 -6.734310
vt 36.506401 -7.167020
vt 35.551102 -6.930080
vt 36.865501 -7.368930
vt 36.616100 -7.354320
vt 36.671600 -7.336590
vt 36.469299 -6.692060
vt 36.473999 -6.724260
vt 35.540901 -6.692730
vt 35.535702 -6.725880
vt 35.557098 -6.988950
vt 36.754700 -7.183680
vt 36.701900 -7.243240
vt 35.404099 -6.941270
vt 35.834999 -6.759010
vt 35.897701 -6.683710
vt 35.834900 -6.739400
vt 36.636101 -6.690130
vt 36.641102 -6.724630
vt 35.288200 -6.916140
vt 35.408699 -6.988700
vt 36.905300 -6.540710
vt 36.880501 -6.574300
vt 35.379002 -6.690400
vt 35.372898 -6.729470
vt 37.205700 -6.640380
vt 37.169102 -6.673690
vt 36.859699 -6.607730
vt 35.665001 -6.753220
vt 35.722000 -6.684760
vt 35.665001 -6.735390
vt 36.872101 -6.654310
vt 36.885201 -6.624810
vt 35.295399 -6.986630
vt 37.065300 -6.600710
vt 37.040501 -6.634300
vt 36.586800 -7.355150
vt 37.072300 -6.668070
vt 37.019699 -6.667730
vt 35.495098 -6.750950
vt 35.548302 -6.687050
vt 35.494999 -6.734310
vt 37.080101 -7.093250
vt 37.079800 -7.033660
vt 35.161098 -6.647180
vt 35.170898 -6.715570
vt 37.600300 -6.666560
vt 37.570702 -6.687950
vt 35.185501 -6.510680
vt 35.198799 -6.518800
vt 35.223099 -6.500350
vt 35.185299 -6.574400
vt 35.190102 -6.536410
vt 35.187500 -6.643360
vt 37.357101 -7.032300
vt 37.389198 -6.973690
vt 37.399399 -7.083900
vt 37.170300 -6.711650
vt 37.204498 -6.720240
vt 37.186199 -6.689870
vt 37.210602 -6.696000
vt 35.408699 -6.986420
vt 37.066502 -6.714310
vt 37.068100 -6.685360
vt 37.045200 -6.684810
vt 35.325001 -6.759010
vt 35.387699 -6.683710
vt 35.324902 -6.739400
vt 34.711498 -6.897570
vt 37.553101 -7.240860
vt 37.530899 -7.198060
vt 35.101002 -6.901510
vt 34.612301 -6.909290
vt 37.601601 -6.738830
vt 37.541901 -6.737000
vt 34.714600 -6.923860
vt 34.527599 -6.917510
vt 34.524200 -6.888570
vt 34.615299 -6.934540
vt 34.536400 -6.938450
vt 34.349499 -6.895800
vt 37.554798 -6.777660
vt 34.352600 -6.923100
vt 34.431000 -6.933610
vt 34.428600 -6.911090
vt 37.565701 -7.352500
vt 37.641499 -7.336880
vt 37.599998 -7.291740
vt 37.477001 -7.223520
vt 35.945801 -6.922760
vt 35.968700 -6.943210
vt 35.937000 -6.894970
vt 36.054199 -6.922760
vt 36.031300 -6.943210
vt 36.063000 -6.894970
vt 36.000000 -6.950080
vt 35.951000 -6.932920
vt 35.970699 -6.949110
vt 35.943802 -6.910480
vt 36.049000 -6.932920
vt 36.029301 -6.949110
vt 36.056198 -6.910480
vt 36.000000 -6.954770
vt 35.918301 -6.995750
vt 35.999901 -7.000410
vt 35.923500 -6.911810
vt 35.999901 -6.906940
vt 36.066502 -6.911810
vt 36.071701 -6.995750
vt 35.970402 -6.915020
vt 36.029701 -6.915020
vt 35.948799 -6.923910
vt 35.970001 -6.942890
vt 35.941002 -6.897610
vt 36.051201 -6.923910
vt 36.029999 -6.942890
vt 36.058998 -6.897610
vt 36.000000 -6.949540
vt 35.848900 -6.910420
vt 35.812599 -6.972780
vt 36.141102 -6.910420
vt 36.177399 -6.972780
vt 35.996799 -6.684270
vt 36.068802 -6.604870
vt 35.996799 -6.597140
vt 36.064201 -6.683610
vt 35.933601 -6.604870
vt 35.938202 -6.683610
vt 35.877499 -6.689610
vt 35.845600 -6.643170
vt 36.116600 -6.689610
vt 36.148499 -6.643170
vt 35.997101 -6.687530
vt 36.058201 -6.620160
vt 35.997101 -6.613590
vt 36.054298 -6.686970
vt 35.943401 -6.620160
vt 35.947300 -6.686970
vt 36.098900 -6.942080
vt 36.156601 -6.987350
vt 36.163300 -6.917880
vt 36.095402 -6.921070
vt 35.926899 -6.924260
vt 36.000702 -6.996720
vt 36.000702 -6.910110
vt 35.844299 -6.987350
vt 35.901901 -6.942080
vt 35.833698 -6.917880
vt 35.901600 -6.921070
vt 35.848801 -6.842080
vt 36.063099 -6.924260
vt 36.178799 -7.016200
vt 36.131901 -7.005430
vt 36.140999 -7.048380
vt 36.150200 -6.989160
vt 35.845901 -6.986880
vt 35.817299 -7.013920
vt 35.871399 -7.005430
vt 35.862400 -7.048380
vt 35.895901 -6.692060
vt 35.868698 -6.652650
vt 36.098701 -6.692060
vt 36.125801 -6.652650
vt 36.156200 -6.842080
vt 35.997002 -6.685270
vt 36.062401 -6.613090
vt 35.997002 -6.606060
vt 36.058201 -6.684680
vt 35.939499 -6.613090
vt 35.943600 -6.684680
vt 35.888500 -6.690130
vt 35.859501 -6.647910
vt 35.998699 -7.014510
vt 35.892799 -6.958630
vt 35.998699 -6.959040
vt 36.110500 -6.958630
vt 36.105801 -6.690130
vt 36.134899 -6.647910
vt 36.053299 -6.759010
vt 35.996799 -6.774570
vt 35.949100 -6.759010
vt 35.885502 -6.957880
vt 36.110600 -6.960170
vt 36.072399 -6.739400
vt 36.124599 -6.727560
vt 35.921600 -6.739400
vt 35.872398 -6.727560
vt 35.924301 -6.724050
vt 35.847099 -6.990230
vt 35.810398 -7.027320
vt 35.879501 -7.015680
vt 35.870998 -7.074600
vt 36.179600 -7.027320
vt 36.110500 -7.015680
vt 36.118999 -7.074600
vt 36.142899 -6.990230
vt 35.876499 -6.944420
vt 36.120399 -6.944420
vt 35.999802 -6.953250
vt 36.063801 -7.013730
vt 36.051899 -6.952720
vt 35.999802 -7.025580
vt 36.094002 -6.951750
vt 36.145599 -6.989550
vt 36.152599 -6.931530
vt 36.093498 -6.934190
vt 35.896000 -6.951750
vt 35.926300 -7.013730
vt 35.938202 -6.952720
vt 35.844501 -6.989550
vt 35.842602 -6.931530
vt 35.901699 -6.934190
vt 36.072701 -6.724050
vt 36.104301 -6.793490
vt 35.886600 -6.793490
vt 36.044998 -6.750950
vt 35.997101 -6.764150
vt 35.956600 -6.750950
vt 35.846901 -6.868230
vt 36.150501 -6.868230
vt 36.061199 -6.734310
vt 36.105499 -6.724260
vt 35.933300 -6.734310
vt 35.891499 -6.724260
vt 35.935600 -6.721290
vt 36.000000 -7.028140
vt 35.899502 -6.951490
vt 36.090500 -6.951490
vt 35.897800 -6.950460
vt 35.841202 -6.929190
vt 35.900902 -6.931990
vt 36.092201 -6.950460
vt 36.153900 -6.929190
vt 36.094200 -6.931990
vt 36.151699 -6.862600
vt 36.091099 -6.915290
vt 36.146999 -6.868500
vt 36.088001 -6.901510
vt 35.842999 -6.868500
vt 35.898899 -6.915290
vt 35.902000 -6.901510
vt 35.845600 -6.862600
vt 36.061401 -6.721290
vt 36.109699 -6.780210
vt 36.048302 -6.753220
vt 35.997002 -6.767360
vt 35.953602 -6.753220
vt 35.882099 -6.780210
vt 36.065701 -6.735390
vt 36.113201 -6.724630
vt 35.928600 -6.735390
vt 35.883801 -6.724630
vt 35.931099 -6.721440
vt 35.871201 -7.295360
vt 35.924099 -7.222770
vt 36.128799 -7.295360
vt 36.075901 -7.222770
vt 36.065899 -6.721440
vt 36.106899 -6.784560
vt 36.137798 -7.131250
vt 36.211102 -7.118550
vt 36.131302 -7.049580
vt 35.868698 -7.049580
vt 35.788898 -7.118550
vt 35.862202 -7.131250
vt 35.884499 -6.784560
vt 36.000000 -7.133340
vt 36.000000 -7.044990
vt 35.904202 -7.103870
vt 35.929798 -7.103300
vt 36.095798 -7.103870
vt 36.070202 -7.103300
vt 36.103298 -6.793490
vt 35.887600 -6.793490
vt 36.106701 -6.780210
vt 35.885101 -6.780210
vt 35.844898 -7.048460
vt 36.155102 -7.048460
vt 36.220600 -7.435700
vt 36.124802 -7.441910
vt 35.779400 -7.435700
vt 35.875198 -7.441910
vt 36.107800 -6.784560
vt 35.883598 -6.784560
vt 36.106701 -6.793490
vt 35.884102 -6.793490
vt 35.884300 -6.780210
vt 36.107498 -6.780210
vt 35.872799 -7.355150
vt 35.900398 -7.452920
vt 35.908298 -7.355990
vt 35.847099 -7.437540
vt 36.077599 -7.385870
vt 36.122299 -7.336590
vt 35.876202 -7.243240
vt 35.879700 -7.166230
vt 36.123798 -7.243240
vt 36.145500 -7.437540
vt 36.120800 -7.355150
vt 36.084801 -7.452920
vt 36.078800 -7.355990
vt 36.120300 -7.166230
vt 35.877701 -7.336590
vt 35.922401 -7.385870
vt 35.883202 -7.167020
vt 35.874401 -7.264880
vt 36.000000 -7.174980
vt 36.000000 -7.272990
vt 36.125599 -7.264880
vt 36.116798 -7.167020
vt 35.865601 -7.036720
vt 35.840698 -6.973690
vt 35.802502 -7.032300
vt 35.874500 -6.967740
vt 35.882801 -6.784560
vt 36.108601 -6.784560
vt 36.124100 -7.036720
vt 36.149101 -6.973690
vt 36.115299 -6.967740
vt 36.187302 -7.032300
vt 36.014000 -7.361750
vt 36.014000 -7.458800
vt 36.000000 -6.684810
vt 35.835201 -7.368930
vt 35.902699 -7.432330
vt 35.882401 -7.347740
vt 36.097301 -7.432330
vt 36.164799 -7.368930
vt 36.117599 -7.347740
vt 36.137501 -7.167390
vt 36.113201 -7.145040
vt 35.902199 -7.227030
vt 35.886799 -7.145040
vt 35.862499 -7.167390
vt 36.000000 -7.142470
vt 36.097801 -7.227030
vt 36.000000 -7.225570
vt 35.905899 -7.049540
vt 35.928699 -7.102510
vt 35.940201 -7.034380
vt 36.061298 -7.102510
vt 36.084099 -7.049540
vt 36.049801 -7.034380
vt 36.130501 -7.093250
vt 36.135899 -7.033660
vt 36.081200 -7.031680
vt 35.859501 -7.093250
vt 35.854099 -7.033660
vt 35.908798 -7.031680
vt 36.132999 -6.964560
vt 35.862801 -6.964560
vt 35.999599 -7.102680
vt 35.999599 -7.022360
vt 36.000000 -7.346170
vt 36.000000 -7.431490
vt 36.026199 -6.751560
vt 35.973801 -6.751560
vt 36.000099 -7.038480
vt 36.000099 -6.961670
vt 35.833698 -7.291740
vt 35.901901 -7.336880
vt 35.901600 -7.317690
vt 36.163300 -7.291740
vt 36.095402 -7.317690
vt 36.098900 -7.336880
vt 35.844299 -7.352500
vt 35.906601 -7.448810
vt 35.912701 -7.357780
vt 35.802502 -7.416900
vt 36.083401 -7.448810
vt 36.156601 -7.352500
vt 36.077400 -7.357780
vt 36.198299 -7.416900
vt 35.848900 -7.223520
vt 35.918301 -7.303780
vt 35.923500 -7.220980
vt 35.812599 -7.288390
vt 36.071701 -7.303780
vt 36.141102 -7.223520
vt 36.066502 -7.220980
vt 36.177399 -7.288390
vt 36.000702 -7.455270
vt 36.000702 -7.353900
vt 35.999901 -7.306910
vt 35.999901 -7.214720
vt 37.581001 -6.851170
vt 37.537601 -6.908920
vt 37.553101 -6.911980
vt 37.537601 -7.101080
vt 37.581001 -7.158830
vt 37.553101 -7.098020
vt 34.321899 -7.000000
vt 34.283199 -6.968650
vt 34.321899 -6.965600
vt 34.283199 -7.031340
vt 34.321899 -7.034400
vt 34.403000 -7.000000
vt 34.369202 -6.970700
vt 34.369099 -7.000000
vt 34.403099 -6.966120
vt 34.369202 -7.029300
vt 34.403099 -7.033880
vt 37.606098 -6.801670
vt 37.592201 -6.916630
vt 37.680901 -6.841570
vt 37.685799 -6.921950
vt 37.680901 -7.157600
vt 37.592201 -7.093370
vt 37.606098 -7.197490
vt 37.685799 -7.088050
vt 34.492401 -7.000000
vt 34.448299 -6.957970
vt 34.448299 -7.000000
vt 34.492401 -6.949720
vt 34.448299 -7.042030
vt 34.492401 -7.050280
vt 34.588001 -7.000000
vt 34.552700 -6.971140
vt 34.552601 -7.000000
vt 34.588001 -6.967940
vt 34.552700 -7.028860
vt 34.588001 -7.032060
vt 37.589401 -6.999310
vt 37.693501 -6.999310
vt 34.682301 -7.000000
vt 34.641800 -6.970000
vt 34.641800 -7.000000
vt 34.682201 -6.964880
vt 34.641800 -7.030000
vt 34.682201 -7.035120
vt 37.461300 -6.837470
vt 37.452702 -6.901640
vt 37.521801 -6.841690
vt 35.233002 -6.916630
vt 35.169399 -6.843430
vt 35.160000 -6.922650
vt 35.232601 -6.801670
vt 35.233002 -7.093370
vt 35.169399 -7.155730
vt 35.232601 -7.197490
vt 35.160000 -7.087350
vt 35.233101 -6.999310
vt 35.151901 -6.999310
vt 36.877899 -6.837350
vt 36.985500 -6.875240
vt 36.911999 -6.788910
vt 36.822701 -6.844930
vt 36.816101 -6.779410
vt 36.745998 -6.875190
vt 36.985500 -7.124770
vt 36.877899 -7.162650
vt 36.911999 -7.211090
vt 36.816101 -7.220590
vt 36.822701 -7.155070
vt 36.745998 -7.124810
vt 36.829201 -7.095800
vt 36.829201 -6.904200
vt 35.368801 -7.137590
vt 35.368801 -7.001320
vt 35.321999 -7.128550
vt 35.316799 -7.001320
vt 35.321999 -6.868060
vt 35.368801 -6.859020
vt 35.505001 -7.078760
vt 35.451900 -7.155500
vt 35.504700 -7.192850
vt 35.444099 -7.073740
vt 35.505001 -6.931170
vt 35.451900 -6.854440
vt 35.444099 -6.936200
vt 35.504700 -6.817090
vt 37.461300 -7.167430
vt 37.521801 -7.160900
vt 37.452702 -7.103260
vt 37.433601 -7.106490
vt 37.399399 -7.160990
vt 35.505100 -7.000210
vt 35.437302 -7.000210
vt 35.263100 -6.935790
vt 35.324902 -6.927560
vt 35.271099 -6.883450
vt 36.633999 -7.122780
vt 36.545898 -7.099600
vt 36.576900 -7.152940
vt 36.545898 -6.915240
vt 36.633999 -6.897660
vt 36.576900 -6.854540
vt 36.652901 -6.866820
vt 35.324902 -7.078360
vt 35.263100 -7.061840
vt 35.271099 -7.122470
vt 35.653000 -7.128970
vt 35.653099 -7.000000
vt 35.588902 -7.120530
vt 35.581699 -7.000000
vt 35.588902 -6.889470
vt 35.653000 -6.881020
vt 36.734200 -6.892880
vt 36.685001 -6.934280
vt 36.742001 -6.941270
vt 36.685001 -7.071370
vt 36.734200 -7.112770
vt 36.742001 -7.056840
vt 37.433601 -6.903730
vt 37.399399 -6.849230
vt 35.442600 -6.945740
vt 35.494999 -6.938750
vt 35.449299 -6.901330
vt 35.494999 -7.066720
vt 35.442600 -7.052700
vt 35.449299 -7.104150
vt 36.700500 -6.946540
vt 36.729301 -6.877740
vt 36.694401 -6.922410
vt 35.909401 -7.000000
vt 35.835701 -6.862160
vt 35.826302 -7.000000
vt 35.918800 -6.870120
vt 35.835701 -7.137840
vt 35.918800 -7.129880
vt 37.532299 -7.152730
vt 37.448002 -7.081710
vt 37.473499 -7.187360
vt 37.528900 -7.077090
vt 37.473499 -6.822640
vt 37.448002 -6.928290
vt 37.532299 -6.857270
vt 37.528900 -6.932910
vt 36.638199 -6.986040
vt 36.537800 -6.986040
vt 36.003201 -6.779410
vt 35.958900 -6.835190
vt 36.012798 -6.839420
vt 35.908501 -6.788910
vt 35.958900 -7.164810
vt 36.003201 -7.220590
vt 36.012798 -7.160580
vt 35.908501 -7.211090
vt 35.142300 -6.961540
vt 35.089699 -7.000000
vt 35.115200 -7.000000
vt 35.142300 -7.038450
vt 36.560902 -6.900110
vt 36.514999 -6.938750
vt 36.568298 -6.945280
vt 36.514999 -7.066720
vt 36.560902 -7.105360
vt 36.568298 -7.053160
vt 36.729301 -7.122260
vt 36.700500 -7.053460
vt 36.694401 -7.077590
vt 35.608799 -6.941760
vt 35.665001 -6.934280
vt 35.616100 -6.894180
vt 35.665001 -7.071370
vt 35.608799 -7.056350
vt 35.616100 -7.111470
vt 36.822399 -7.070190
vt 36.822399 -6.929810
vt 36.398998 -6.882020
vt 36.344898 -6.927560
vt 36.407700 -6.935250
vt 36.344898 -7.078360
vt 36.398998 -7.123900
vt 36.407700 -7.062380
vt 37.601601 -6.940490
vt 37.622002 -7.000000
vt 37.657600 -7.000000
vt 37.595798 -6.973790
vt 37.601601 -7.059500
vt 37.595798 -7.026210
vt 36.459099 -7.125560
vt 36.553200 -7.115610
vt 36.456699 -7.000000
vt 36.550999 -7.000000
vt 36.553200 -6.884390
vt 36.459099 -6.874430
vt 36.774799 -6.874950
vt 36.764500 -6.832310
vt 36.701900 -6.876180
vt 36.774799 -7.125050
vt 36.701900 -7.123820
vt 36.764500 -7.167690
vt 35.990398 -7.095800
vt 36.072701 -7.124810
vt 35.997200 -7.070190
vt 37.072300 -6.954220
vt 37.091099 -7.000000
vt 37.117500 -7.000000
vt 37.068100 -6.976990
vt 35.990398 -6.904200
vt 35.997200 -6.929810
vt 36.072701 -6.875190
vt 37.072300 -7.045780
vt 37.068100 -7.023010
vt 36.838100 -6.902700
vt 36.932701 -6.881130
vt 36.838100 -7.097300
vt 36.932701 -7.118870
vt 35.773102 -6.935790
vt 35.834900 -6.927560
vt 35.781101 -6.883450
vt 35.834900 -7.078360
vt 35.773102 -7.061840
vt 35.781101 -7.122470
vt 35.107201 -7.077090
vt 35.019100 -7.000060
vt 35.022900 -7.081710
vt 35.112801 -7.000060
vt 35.107201 -6.932910
vt 35.022900 -6.928290
vt 36.824501 -6.863970
vt 36.775902 -6.909960
vt 36.871399 -6.882080
vt 36.224201 -6.892880
vt 36.174999 -6.934280
vt 36.231998 -6.941270
vt 36.174999 -7.071370
vt 36.224201 -7.112770
vt 36.231998 -7.056840
vt 36.912300 -6.961540
vt 36.931099 -7.000000
vt 36.957500 -7.000000
vt 36.908100 -6.980670
vt 36.912300 -7.038450
vt 36.908100 -7.019320
vt 36.871399 -7.117920
vt 36.780899 -7.097830
vt 36.824501 -7.136030
vt 37.442902 -7.000060
vt 37.532799 -7.000060
vt 36.931801 -7.000000
vt 36.842300 -7.000000
vt 36.769798 -7.069810
vt 36.769798 -6.930190
vt 35.952599 -6.945740
vt 36.005001 -6.938750
vt 35.959301 -6.901330
vt 36.005001 -7.066720
vt 35.952599 -7.052700
vt 35.959301 -7.104150
vt 35.106400 -7.152730
vt 35.041801 -7.187360
vt 36.874500 -7.000000
vt 36.780899 -6.902170
vt 36.788200 -7.000000
vt 35.041801 -6.822640
vt 35.106400 -6.857270
vt 35.716599 -7.121510
vt 35.723999 -7.000000
vt 35.716599 -6.888490
vt 36.050900 -6.900110
vt 36.058300 -6.945280
vt 36.050900 -7.105360
vt 36.058300 -7.053160
vt 37.330700 -7.134360
vt 37.395000 -7.126580
vt 37.357101 -7.197530
vt 36.118801 -6.941760
vt 36.126099 -6.894180
vt 36.118801 -7.056350
vt 36.126099 -7.111470
vt 35.565498 -6.935610
vt 35.572498 -7.000210
vt 35.565498 -7.074320
vt 35.557098 -7.157170
vt 35.557098 -6.852770
vt 35.889000 -6.882020
vt 35.897701 -6.935250
vt 35.889000 -7.123900
vt 35.897701 -7.062380
vt 36.283100 -6.935790
vt 36.291100 -6.883450
vt 36.283100 -7.061840
vt 36.291100 -7.122470
vt 35.415199 -7.129600
vt 35.420502 -7.001320
vt 35.415199 -6.867010
vt 35.714199 -6.892880
vt 35.722000 -6.941270
vt 35.714199 -7.112770
vt 35.722000 -7.056840
vt 35.295399 -7.157600
vt 35.305500 -7.088050
vt 35.295399 -6.841570
vt 35.305500 -6.921950
vt 35.313801 -6.999310
vt 35.161098 -7.000000
vt 35.187500 -7.000000
vt 35.138100 -6.980670
vt 35.138100 -7.019320
vt 37.223000 -6.948500
vt 37.235001 -7.000000
vt 37.269699 -7.000000
vt 37.210602 -6.974840
vt 37.223000 -7.051500
vt 37.210602 -7.025160
vt 37.140598 -7.076130
vt 37.141300 -7.000420
vt 37.073002 -7.071280
vt 37.066002 -7.000420
vt 37.073002 -6.938720
vt 37.140598 -6.933870
vt 36.462601 -6.945740
vt 36.469299 -6.901330
vt 36.462601 -7.052700
vt 36.469299 -7.104150
vt 37.080101 -7.140470
vt 37.137402 -7.174090
vt 35.540901 -7.105360
vt 35.548302 -7.053160
vt 35.540901 -6.900110
vt 35.548302 -6.945280
vt 37.080101 -6.869530
vt 37.137402 -6.835910
vt 37.382999 -6.999900
vt 37.330700 -6.875860
vt 37.311600 -6.999900
vt 37.395000 -6.883640
vt 37.357101 -6.812690
vt 36.859699 -7.000000
vt 36.885201 -7.000000
vt 36.628799 -6.941760
vt 36.636101 -6.894180
vt 36.628799 -7.056350
vt 36.636101 -7.111470
vt 35.379002 -6.882020
vt 35.387699 -6.935250
vt 35.379002 -7.123900
vt 35.387699 -7.062380
vt 37.019699 -7.000000
vt 37.045200 -7.000000
vt 37.541901 -7.000000
vt 37.569599 -7.000000
vt 37.169102 -7.000000
vt 37.186199 -7.000000
vt 34.722599 -6.970000
vt 34.722698 -7.000000
vt 34.722599 -7.030000
vt 34.623299 -6.971140
vt 34.623402 -7.000000
vt 34.623299 -7.028860
vt 34.536400 -6.957970
vt 34.536499 -7.000000
vt 34.536400 -7.042030
vt 34.437698 -6.970700
vt 34.437698 -7.000000
vt 34.437698 -7.029300
vt 34.360901 -6.969060
vt 34.361000 -7.000000
vt 34.360901 -7.030940
vt 34.462399 -7.250020
vt 34.418999 -7.279920
vt 34.467701 -7.315840
vt 34.546700 -7.025360
vt 34.605000 -7.095000
vt 34.566399 -7.025210
vt 37.596100 -6.910170
vt 37.623699 -6.932920
vt 37.620800 -6.910480
vt 37.596600 -6.951360
vt 34.319099 -7.403370
vt 34.348701 -7.314910
vt 34.296799 -7.336110
vt 34.393902 -7.416900
vt 37.677601 -6.895870
vt 37.708099 -6.922760
vt 37.704601 -6.894970
vt 37.677898 -6.943420
vt 37.542900 -6.917510
vt 37.507599 -6.892420
vt 37.507599 -6.894900
vt 34.377998 -6.751560
vt 34.404202 -6.777660
vt 34.404202 -6.751560
vt 34.616199 -6.967740
vt 37.539398 -6.888570
vt 37.507599 -6.889210
vt 37.507599 -6.940800
vt 37.551701 -6.938450
vt 37.507599 -6.980010
vt 37.677399 -6.859320
vt 37.411999 -6.908390
vt 37.439301 -6.934540
vt 37.436298 -6.909290
vt 37.411999 -6.953120
vt 37.507599 -6.887780
vt 34.365700 -6.680490
vt 34.333199 -6.660540
vt 34.331699 -6.694420
vt 34.385601 -6.712350
vt 34.317501 -6.673230
vt 34.283100 -6.653610
vt 34.872299 -7.029100
vt 34.812901 -7.082160
vt 34.862598 -7.123880
vt 34.824799 -7.022820
vt 34.544701 -7.023310
vt 34.478199 -7.017160
vt 34.538700 -7.072230
vt 37.507599 -6.846940
vt 36.976501 -6.910420
vt 36.934101 -6.868500
vt 36.897301 -6.899520
vt 36.958199 -6.972780
vt 37.317799 -6.896900
vt 37.350201 -6.923910
vt 37.347099 -6.897610
vt 37.317799 -6.945270
vt 37.411999 -6.874190
vt 37.317799 -6.859600
vt 36.674702 -6.643170
vt 36.675098 -6.727390
vt 36.728901 -6.689610
vt 36.723400 -6.727560
vt 36.767899 -6.918030
vt 36.830601 -6.987350
vt 36.824200 -6.917880
vt 36.767399 -7.029570
vt 34.715900 -6.683730
vt 34.730301 -6.714130
vt 34.750999 -6.663090
vt 34.777000 -6.688650
vt 35.270699 -7.431230
vt 35.292599 -7.381440
vt 35.227100 -7.349740
vt 34.548901 -6.974020
vt 34.697899 -6.652440
vt 34.724400 -6.638510
vt 35.315102 -6.724470
vt 35.265800 -6.690840
vt 35.271400 -6.726360
vt 35.314701 -6.647910
vt 34.871201 -6.597540
vt 34.884499 -6.589420
vt 34.846901 -6.579090
vt 34.879902 -6.615150
vt 34.907299 -6.607930
vt 34.922100 -6.643720
vt 34.884701 -6.653140
vt 35.087799 -7.200660
vt 35.128601 -7.275300
vt 35.150398 -7.213220
vt 35.175499 -7.273560
vt 36.837299 -6.529190
vt 36.852100 -6.564980
vt 36.864700 -6.521970
vt 36.889500 -6.555560
vt 35.122101 -7.488190
vt 35.014500 -7.417050
vt 35.067299 -7.495030
vt 35.183899 -7.435700
vt 35.088001 -7.424330
vt 35.068901 -6.625920
vt 35.093498 -6.654310
vt 35.091900 -6.625360
vt 35.059101 -6.654310
vt 36.863499 -6.715570
vt 36.884800 -6.646070
vt 36.861900 -6.646620
vt 36.897900 -6.715570
vt 36.857700 -6.629330
vt 36.910301 -6.628990
vt 35.348301 -7.273040
vt 35.362999 -7.220220
vt 35.293201 -7.198020
vt 36.768299 -6.842080
vt 35.044701 -6.593140
vt 35.087700 -6.608070
vt 35.082100 -6.583720
vt 35.042500 -6.622100
vt 35.067299 -6.547930
vt 35.039902 -6.555150
vt 34.879002 -6.964560
vt 36.631802 -6.942480
vt 36.672001 -6.986880
vt 36.667801 -6.942380
vt 36.631500 -7.013920
vt 36.504700 -6.652650
vt 36.505001 -6.724120
vt 36.550701 -6.692060
vt 36.546001 -6.724260
vt 36.505299 -6.780210
vt 35.485001 -6.724120
vt 35.439098 -6.692730
vt 35.444302 -6.725880
vt 35.484699 -6.652650
vt 36.632000 -6.893830
vt 36.495701 -6.931660
vt 36.548100 -6.989550
vt 36.542702 -6.931530
vt 36.495300 -7.024800
vt 36.334702 -6.647910
vt 36.335098 -6.724470
vt 36.383900 -6.690130
vt 36.378899 -6.724630
vt 34.684799 -6.636380
vt 34.696499 -6.624880
vt 34.655399 -6.623160
vt 36.495998 -6.868230
vt 35.347099 -7.477330
vt 35.423100 -7.437540
vt 35.383499 -7.422150
vt 35.319500 -7.460660
vt 35.366001 -7.494000
vt 35.459499 -7.247750
vt 35.401199 -7.295360
vt 35.224098 -7.228040
vt 35.225201 -7.278120
vt 35.655102 -6.727390
vt 35.601002 -6.690400
vt 35.607101 -6.729470
vt 35.654701 -6.643170
vt 36.347801 -6.929330
vt 36.402901 -6.990230
vt 36.397202 -6.929190
vt 36.347301 -7.027320
vt 36.631802 -6.944420
vt 36.672001 -6.989160
vt 36.675499 -6.793490
vt 35.315399 -6.784560
vt 36.348099 -6.862600
vt 35.031200 -6.537540
vt 35.044498 -6.529420
vt 35.006901 -6.519090
vt 36.164700 -6.643170
vt 36.165100 -6.727390
vt 36.218899 -6.689610
vt 36.213402 -6.727560
vt 35.235500 -7.231660
vt 35.485298 -6.780210
vt 35.305599 -7.385870
vt 35.314800 -7.387100
vt 35.825100 -6.724470
vt 35.775799 -6.690840
vt 35.781399 -6.726360
vt 35.824699 -6.647910
vt 34.444698 -7.239520
vt 34.526501 -7.288390
vt 35.996799 -7.100130
vt 36.041100 -7.170360
vt 36.091499 -7.118550
vt 35.446800 -7.319950
vt 35.540901 -7.264880
vt 36.335400 -6.784560
vt 36.910500 -6.915290
vt 35.164101 -7.145040
vt 35.196899 -7.167390
vt 35.994701 -6.652650
vt 35.994999 -6.724120
vt 36.040699 -6.692060
vt 36.035999 -6.724260
vt 35.995300 -6.780210
vt 35.655499 -6.793490
vt 35.949100 -6.692730
vt 35.954300 -6.725880
vt 35.393299 -7.220420
vt 36.165501 -6.793490
vt 36.062302 -7.052350
vt 36.117401 -7.049580
vt 35.825401 -6.784560
vt 35.376598 -7.222770
vt 35.873901 -6.690130
vt 35.868900 -6.724630
vt 36.111000 -6.690400
vt 36.117100 -6.729470
vt 35.379200 -7.166230
vt 35.437099 -7.175930
vt 35.708900 -6.689610
vt 35.703400 -6.727560
vt 36.298500 -6.927670
vt 36.285801 -6.690840
vt 36.291401 -6.726360
vt 36.292198 -6.989600
vt 36.893600 -6.979120
vt 36.859600 -6.929060
vt 35.493599 -7.167020
vt 36.448898 -6.930080
vt 34.600601 -7.083900
vt 34.642899 -7.032300
vt 35.134499 -7.368930
vt 35.383900 -7.354320
vt 35.328400 -7.336590
vt 35.530701 -6.692060
vt 35.526001 -6.724260
vt 36.459099 -6.692730
vt 36.464298 -6.725880
vt 36.442902 -6.988950
vt 35.245300 -7.183680
vt 35.298100 -7.243240
vt 36.595901 -6.941270
vt 36.711800 -6.916140
vt 36.591301 -6.986420
vt 35.094700 -6.540710
vt 35.119499 -6.574300
vt 34.794300 -6.640380
vt 34.830898 -6.673690
vt 35.363899 -6.690130
vt 35.358898 -6.724630
vt 36.620998 -6.690400
vt 36.627102 -6.729470
vt 35.140301 -6.607730
vt 36.704601 -6.986630
vt 35.114799 -6.624810
vt 35.127899 -6.654310
vt 35.413200 -7.355150
vt 34.934700 -6.600710
vt 34.959499 -6.634300
vt 34.927700 -6.668070
vt 34.980301 -6.667730
vt 34.610802 -6.973690
vt 34.919899 -7.093250
vt 34.920200 -7.033660
vt 36.838902 -6.647180
vt 36.829102 -6.715570
vt 34.399700 -6.666560
vt 34.429298 -6.687950
vt 36.814701 -6.574400
vt 36.812500 -6.643360
vt 36.809898 -6.536410
vt 36.591301 -6.988700
vt 34.795502 -6.720240
vt 34.813801 -6.689870
vt 34.789398 -6.696000
vt 34.829700 -6.711650
vt 36.801201 -6.518800
vt 36.814499 -6.510680
vt 36.776901 -6.500350
vt 34.933498 -6.714310
vt 34.954800 -6.684810
vt 34.931900 -6.685360
vt 37.288502 -6.897570
vt 34.469101 -7.198060
vt 34.446899 -7.240860
vt 36.898998 -6.901510
vt 37.387699 -6.909290
vt 37.285400 -6.923860
vt 34.398399 -6.738830
vt 34.458099 -6.737000
vt 37.472401 -6.917510
vt 37.475800 -6.888570
vt 37.384701 -6.934540
vt 37.463600 -6.938450
vt 37.650501 -6.895800
vt 34.445202 -6.777660
vt 37.647400 -6.923100
vt 37.569000 -6.933610
vt 37.571400 -6.911090
vt 34.358501 -7.336880
vt 34.434299 -7.352500
vt 34.400002 -7.291740
vt 34.522999 -7.223520
vt 50.935398 -14.618500
vt 50.960499 -14.747600
vt 50.985600 -14.632700
vt 50.766300 -14.747600
vt 50.885101 -14.570000
vt 50.778801 -14.544900
vt 50.657902 -14.544900
vt 50.557499 -14.747600
vt 50.657902 -14.747600
vt 50.557499 -14.519700
vt 50.156300 -14.613400
vt 49.843700 -15.249100
vt 50.156300 -15.249100
vt 49.843700 -14.613400
vt 50.138901 -14.632700
vt 49.861099 -14.747600
vt 50.138901 -14.747600
vt 49.861099 -14.632700
vt 50.130199 -14.854300
vt 49.869801 -14.854300
vt 50.130199 -14.936000
vt 49.869801 -14.772700
vt 50.130199 -14.772700
vt 49.869801 -14.936000
vt 50.132301 -14.927800
vt 49.867699 -14.927800
vt 50.132301 -14.989900
vt 49.867699 -14.989900
vt 50.121300 -14.891800
vt 49.878700 -14.978300
vt 50.121300 -14.978300
vt 49.878700 -14.891800
vt 49.878700 -15.064800
vt 49.878700 -15.151300
vt 50.121300 -15.064800
vt 50.121300 -15.151300
vt 49.878700 -15.237800
vt 49.878700 -15.281900
vt 50.121300 -15.237800
vt 50.121300 -15.281900
vt 50.121300 -15.354000
vt 49.878700 -15.354000
vt 50.121300 -15.413500
vt 49.878700 -15.413500
vt 50.144501 -14.664800
vt 49.856300 -14.664800
vt 50.144501 -14.751100
vt 49.856300 -14.751100
vt 50.132301 -14.983700
vt 49.867699 -14.983700
vt 50.132301 -15.046300
vt 49.867699 -15.046300
vt 50.132301 -15.102000
vt 49.867699 -15.102000
vt 50.106602 -14.555400
vt 49.894199 -14.555400
vt 50.106602 -14.609400
vt 49.894199 -14.609400
vt 49.894199 -14.714400
vt 50.106602 -14.664800
vt 49.894199 -14.664800
vt 50.106602 -14.714400
vt 48.655998 -15.156300
vt 48.865700 -15.156300
vt 48.655998 -14.843700
vt 48.927502 -14.843700
vt 48.865700 -14.843700
vt 48.927502 -15.156300
vt 49.014400 -15.138900
vt 49.064602 -14.861100
vt 49.014400 -14.861100
vt 49.064602 -15.138900
vt 49.114899 -14.861100
vt 49.114899 -15.138900
vt 49.221199 -15.138900
vt 49.221199 -14.861100
vt 49.342098 -15.138900
vt 49.442501 -14.861100
vt 49.342098 -14.861100
vt 49.442501 -15.138900
vt 50.586399 -14.856300
vt 51.344002 -15.144500
vt 51.344002 -14.856300
vt 50.530399 -14.856300
vt 49.457298 -15.144500
vt 49.457298 -14.856300
vt 51.290001 -14.894200
vt 49.457401 -14.894200
vt 51.290001 -15.106600
vt 49.457401 -15.106600
vt 50.480202 -15.144500
vt 49.887600 -14.856300
vt 49.887600 -15.144500
vt 50.561401 -14.856300
vt 50.536201 -15.144500
vt 50.561401 -15.144500
vt 50.496101 -14.867700
vt 49.457401 -14.867700
vt 50.496101 -15.132300
vt 49.457401 -15.132300
vt 50.959400 -15.106600
vt 51.187099 -14.894200
vt 50.959400 -14.894200
vt 51.187099 -15.106600
vt 50.643002 -15.106600
vt 50.870701 -14.894200
vt 50.643002 -14.894200
vt 50.870701 -15.106600
vt 49.749199 -15.106600
vt 50.486301 -14.894200
vt 49.749199 -14.894200
vt 50.486301 -15.106600
vt 51.344002 -14.613400
vt 51.131500 -15.102200
vt 51.344002 -15.249100
vt 51.066799 -15.028800
vt 51.025700 -14.875900
vt 51.047600 -14.717000
vt 51.134300 -14.613400
vt 51.072498 -14.637500
vt 50.999699 -14.796500
vt 51.009701 -14.955400
vt 51.157001 -15.175600
vt 51.253201 -15.249100
vt 49.413601 -14.636500
vt 49.438599 -14.751100
vt 49.438599 -14.664800
vt 49.271400 -14.855300
vt 49.129200 -14.822300
vt 48.655998 -14.636500
vt 49.463799 -14.664800
vt 49.469601 -14.636500
vt 48.986900 -14.843700
vt 48.844700 -14.822300
vt 48.655998 -14.756000
vt 48.655998 -14.819500
vt 50.542702 -14.636500
vt 50.112400 -14.664800
vt 49.519798 -14.664800
vt 50.112400 -14.751100
vt 49.469601 -14.784600
vt 50.542702 -14.784600
vt 49.413601 -14.822300
vt 50.542599 -14.773700
vt 50.475101 -14.927800
vt 50.542599 -14.902700
vt 50.159500 -14.996400
vt 50.114300 -14.986100
vt 50.035900 -14.983700
vt 49.503899 -14.773700
vt 49.545601 -14.927800
vt 49.503899 -14.890200
vt 49.533600 -14.995800
vt 49.659801 -15.045800
vt 49.554199 -15.063700
vt 49.803501 -15.086700
vt 49.870899 -15.086900
vt 49.979900 -15.046300
vt 49.976501 -15.102000
vt 50.442402 -14.989900
vt 50.903999 -14.854300
vt 50.766300 -14.919700
vt 50.860001 -14.936000
vt 50.766300 -14.772700
vt 50.922798 -14.772700
vt 50.712101 -14.937500
vt 50.657902 -14.772700
vt 50.641399 -14.953800
vt 50.557499 -14.936000
vt 50.557499 -14.772700
vt 50.138500 -15.075900
vt 50.443802 -15.064800
vt 50.442799 -14.978300
vt 50.142101 -14.958100
vt 50.422298 -14.891800
vt 50.182999 -15.178900
vt 50.228298 -15.217600
vt 50.511501 -15.151300
vt 50.248100 -15.304000
vt 50.533901 -15.237800
vt 50.517700 -15.281900
vt 50.245998 -15.390500
vt 50.549900 -15.354000
vt 50.273701 -15.480300
vt 50.238098 -15.427300
vt 50.545700 -15.413500
vt 49.129299 -14.555400
vt 49.040600 -14.609400
vt 49.129299 -14.609400
vt 49.040600 -14.555400
vt 48.709999 -14.535100
vt 49.356998 -14.555400
vt 49.356998 -14.609400
vt 49.513699 -14.555400
vt 49.438599 -14.714400
vt 49.513699 -14.609400
vt 48.709999 -14.714400
vt 48.812901 -14.609400
vt 48.812901 -14.555400
vt 50.250801 -14.609400
vt 50.112400 -14.714400
vt 50.542599 -14.714400
vt 50.542599 -14.535100
vt 50.250801 -14.555400
vt 49.893398 -14.535100
vt 49.893398 -14.714400
vt 50.105801 -14.535100
vt 50.105801 -14.714400
vt 49.843700 -15.175600
vt 50.156300 -15.175600
vt 49.843700 -15.102200
vt 50.156300 -15.102200
vt 49.843700 -15.028800
vt 50.156300 -15.028800
vt 49.843700 -14.955400
vt 50.156300 -14.955400
vt 50.156300 -14.875900
vt 49.843700 -14.875900
vt 50.156300 -14.796500
vt 49.843700 -14.796500
vt 50.156300 -14.717000
vt 49.843700 -14.717000
vt 50.156300 -14.637500
vt 49.843700 -14.637500
vt 49.867699 -14.890200
vt 50.132301 -14.890200
vt 50.132301 -14.773700
vt 49.867699 -14.773700
vt 49.867699 -15.063700
vt 50.132301 -15.063700
vt 49.867699 -14.995800
vt 50.132301 -14.995800
vt 50.143700 -14.756000
vt 49.855499 -14.756000
vt 49.855499 -14.819500
vt 50.143700 -14.819500
vt 50.143700 -14.636500
vt 49.855499 -14.636500
vt 49.855499 -14.751100
vt 50.143700 -14.751100
vt 50.143700 -14.664800
vt 49.855499 -14.664800
vt 49.893398 -14.609400
vt 50.105801 -14.609400
vt 50.105801 -14.555400
vt 49.893398 -14.555400
vt 49.878700 -15.075900
vt 50.121300 -15.075900
vt 50.121300 -14.958100
vt 49.878700 -14.958100
vt 49.878700 -15.178900
vt 50.121300 -15.178900
vt 50.121300 -15.217600
vt 49.878700 -15.217600
vt 49.878700 -15.304000
vt 50.121300 -15.304000
vt 49.878700 -15.390500
vt 50.121300 -15.390500
vt 50.121300 -15.427300
vt 49.878700 -15.427300
vt 50.121300 -15.480300
vt 49.878700 -15.480300
vt 50.105801 -14.664800
vt 49.893398 -14.664800
vt 51.344002 -15.156300
vt 51.344002 -14.843700
vt 51.253201 -14.843700
vt 51.253201 -15.156300
vt 51.157001 -15.156300
vt 51.157001 -14.843700
vt 50.273701 -15.121300
vt 50.545700 -15.121300
vt 50.273701 -14.878700
vt 50.545700 -14.878700
vt 48.655998 -15.144500
vt 48.844700 -14.856300
vt 48.655998 -14.856300
vt 48.844700 -15.144500
vt 48.986900 -14.856300
vt 48.986900 -15.144500
vt 49.129200 -14.856300
vt 49.129200 -15.144500
vt 49.271400 -14.856300
vt 49.271400 -15.144500
vt 49.413601 -14.856300
vt 49.413601 -15.144500
vt 49.469601 -14.856300
vt 49.469601 -15.144500
vt 50.542702 -15.144500
vt 50.542702 -14.856300
vt 49.545601 -15.132300
vt 49.545601 -14.867700
vt 49.503899 -15.132300
vt 49.503899 -14.867700
vt 50.960499 -15.138900
vt 50.922798 -14.869800
vt 50.922798 -15.130200
vt 50.960499 -14.861100
vt 50.766300 -14.869800
vt 50.766300 -15.130200
vt 50.860001 -15.130200
vt 50.860001 -14.869800
vt 50.712101 -14.869800
vt 50.712101 -15.130200
vt 50.641399 -14.869800
vt 50.641399 -15.130200
vt 50.557499 -15.130200
vt 50.557499 -14.869800
vt 50.475101 -15.132300
vt 50.542599 -14.867700
vt 50.475101 -14.867700
vt 50.542599 -15.132300
vt 49.976501 -15.132300
vt 49.870899 -14.867700
vt 49.870899 -15.132300
vt 49.976501 -14.867700
vt 49.803501 -14.867700
vt 49.659801 -14.867700
vt 49.803501 -15.132300
vt 49.659801 -15.132300
vt 49.554199 -14.867700
vt 49.554199 -15.132300
vt 50.114300 -15.132300
vt 50.114300 -14.867700
vt 50.035900 -14.867700
vt 50.035900 -15.132300
vt 50.159500 -15.132300
vt 50.159500 -14.867700
vt 50.442402 -15.132300
vt 50.442402 -14.867700
vt 49.519798 -14.856300
vt 50.112400 -15.144500
vt 50.112400 -14.856300
vt 49.438599 -15.144500
vt 49.463799 -14.856300
vt 49.438599 -14.856300
vt 49.040600 -15.106600
vt 49.040600 -14.894200
vt 48.812901 -14.894200
vt 48.812901 -15.106600
vt 49.129299 -15.106600
vt 49.356998 -15.106600
vt 49.129299 -14.894200
vt 49.356998 -14.894200
vt 50.250801 -14.894200
vt 49.513699 -14.894200
vt 50.250801 -15.106600
vt 49.513699 -15.106600
vt 50.182999 -14.878700
vt 50.182999 -15.121300
vt 50.228298 -15.121300
vt 50.228298 -14.878700
vt 49.438599 -14.894200
vt 48.709999 -14.894200
vt 49.438599 -15.106600
vt 48.709999 -15.106600
vt 50.112400 -15.106600
vt 50.112400 -14.894200
vt 50.542599 -15.106600
vt 50.542599 -14.894200
vt 48.655998 -14.613400
vt 48.952400 -14.717000
vt 48.865700 -14.613400
vt 48.974300 -14.875900
vt 48.933201 -15.028800
vt 48.868500 -15.102200
vt 48.655998 -15.249100
vt 48.842999 -15.175600
vt 48.746799 -15.249100
vt 48.990299 -14.955400
vt 49.000301 -14.796500
vt 48.927502 -14.637500
vt 49.887600 -14.751100
vt 49.457298 -14.636500
vt 49.457298 -14.784600
vt 50.530399 -14.784600
vt 49.887600 -14.664800
vt 50.561401 -14.664800
vt 51.344002 -14.636500
vt 51.013100 -14.843700
vt 51.155300 -14.822300
vt 50.870800 -14.822300
vt 51.344002 -14.756000
vt 50.728600 -14.855300
vt 50.561401 -14.751100
vt 50.586399 -14.822300
vt 50.536201 -14.751100
vt 50.480202 -14.751100
vt 51.344002 -14.819500
vt 49.342098 -14.544900
vt 49.342098 -14.747600
vt 49.442501 -14.747600
vt 49.442501 -14.519700
vt 49.233700 -14.747600
vt 49.114899 -14.570000
vt 49.221199 -14.544900
vt 49.064602 -14.618500
vt 49.039501 -14.747600
vt 49.014400 -14.632700
vt 49.964100 -14.983700
vt 49.457401 -14.773700
vt 49.885700 -14.986100
vt 50.496101 -14.773700
vt 50.454399 -14.927800
vt 50.340199 -15.045800
vt 50.196499 -15.086700
vt 50.129101 -15.086900
vt 50.020100 -15.046300
vt 49.840500 -14.996400
vt 49.524899 -14.927800
vt 49.557598 -14.989900
vt 49.457401 -14.902700
vt 50.023499 -15.102000
vt 50.466400 -14.995800
vt 50.445801 -15.063700
vt 50.496101 -14.890200
vt 49.233700 -14.772700
vt 49.287899 -14.937500
vt 49.342098 -14.772700
vt 49.233700 -14.919700
vt 49.096001 -14.854300
vt 49.077202 -14.772700
vt 49.139999 -14.936000
vt 49.358601 -14.953800
vt 49.442501 -14.936000
vt 49.442501 -14.772700
vt 49.557201 -14.978300
vt 49.857899 -14.958100
vt 49.577702 -14.891800
vt 49.861500 -15.075900
vt 49.556198 -15.064800
vt 49.817001 -15.178900
vt 49.771702 -15.217600
vt 49.488499 -15.151300
vt 49.751900 -15.304000
vt 49.466099 -15.237800
vt 49.482300 -15.281900
vt 49.450100 -15.354000
vt 49.754002 -15.390500
vt 49.761902 -15.427300
vt 49.726299 -15.480300
vt 49.454300 -15.413500
vt 50.561401 -14.714400
vt 50.643002 -14.609400
vt 50.870701 -14.609400
vt 50.959400 -14.609400
vt 51.290001 -14.714400
vt 51.187099 -14.609400
vt 51.290001 -14.535100
vt 51.187099 -14.555400
vt 50.959400 -14.555400
vt 50.870701 -14.555400
vt 50.643002 -14.555400
vt 50.486301 -14.555400
vt 49.457401 -14.535100
vt 49.749199 -14.555400
vt 50.486301 -14.609400
vt 49.749199 -14.609400
vt 49.457401 -14.714400
vt 49.887600 -14.714400
s 1
usemtl Meshpart1Mtl.005
f 4443/1/1 4445/2/2 4444/3/3
f 4445/2/2 4443/1/1 4446/4/1
f 4447/5/4 4444/3/3 4445/2/2
f 4444/3/3 4447/5/4 4448/6/4
f 4449/7/5 4448/6/4 4447/5/4
f 4448/6/4 4449/7/5 4450/8/5
f 4451/9/6 4452/10/6 4454/11/6
f 4451/9/6 4453/12/6 4452/10/6
f 4455/13/6 4453/12/6 4451/9/6
f 4453/12/6 4455/13/6 4456/14/6
f 4452/10/6 4453/12/6 4457/15/6
f 4457/15/6 4453/12/6 4458/16/6
f 4458/16/6 4459/17/6 4457/15/6
f 4459/17/6 4458/16/6 4460/18/6
f 4461/19/6 4457/15/6 4459/17/6
f 4457/15/6 4461/19/6 4462/20/6
f 4463/21/7 4465/22/8 4464/23/7
f 4466/24/8 4465/22/8 4463/21/7
f 4467/25/9 4469/26/10 4468/27/9
f 4469/26/10 4467/25/9 4470/28/10
f 4471/29/11 4473/28/12 4472/30/11
f 4473/28/12 4471/29/11 4474/26/12
f 4475/31/13 4477/32/13 4476/33/14
f 4476/33/14 4477/32/13 4478/34/14
f 4479/35/13 4481/36/15 4480/37/14
f 4480/37/14 4481/36/15 4482/38/14
f 4483/39/16 4485/40/16 4484/24/17
f 4484/24/17 4485/40/16 4486/22/17
f 4487/41/6 4489/42/6 4488/43/6
f 4489/42/6 4487/41/6 4490/44/6
f 4494/45/6 4490/44/6 4487/41/6
f 4493/46/6 4487/41/6 4491/47/6
f 4491/47/6 4487/41/6 4492/48/6
f 4493/46/6 4494/45/6 4487/41/6
f 4494/45/6 4493/46/6 4496/49/6
f 4490/44/6 4494/45/6 4495/50/6
f 4494/45/6 4496/49/6 4497/51/6
f 4498/52/6 4500/53/6 4499/54/18
f 4500/53/6 4498/52/6 4501/55/6
f 4501/55/6 4498/52/6 4502/56/6
f 4503/57/6 4501/55/6 4504/58/6
f 4501/55/6 4503/57/6 4500/53/6
f 4500/53/6 4503/57/6 4505/59/6
f 4506/60/19 4508/61/20 4507/62/21
f 4509/63/22 4507/62/21 4508/61/20
f 4510/64/23 4511/65/24 4509/63/22
f 4507/62/21 4509/63/22 4511/65/24
f 4513/66/21 4516/67/19 4512/68/21
f 4512/68/21 4514/69/24 4513/66/21
f 4514/69/24 4512/68/21 4515/70/24
f 4516/67/19 4513/66/21 4517/71/19
f 4519/72/25 4521/73/26 4518/74/26
f 4518/74/26 4520/75/25 4519/72/25
f 4518/74/26 4521/73/26 4522/76/27
f 4523/77/27 4522/76/27 4521/73/26
f 4520/75/25 4524/78/28 4519/72/25
f 4524/78/28 4520/75/25 4525/79/29
f 4527/80/21 4529/81/21 4526/82/21
f 4526/82/21 4528/83/21 4527/80/21
f 4530/84/30 4531/85/31 4533/86/31
f 4530/84/30 4532/87/32 4531/85/31
f 4533/86/31 4534/88/33 4535/89/33
f 4533/86/31 4531/85/31 4534/88/33
f 4537/90/9 4538/91/34 4536/92/9
f 4537/90/9 4539/93/35 4538/91/34
f 4541/94/21 4544/95/36 4540/96/21
f 4540/96/21 4542/97/37 4541/94/21
f 4542/97/37 4540/96/21 4543/98/37
f 4544/95/36 4541/94/21 4545/99/36
f 4546/100/38 4548/101/21 4547/102/38
f 4548/101/21 4546/100/38 4549/103/21
f 4550/104/39 4549/103/21 4551/105/24
f 4549/103/21 4550/104/39 4548/101/21
f 4552/106/40 4554/107/41 4553/108/42
f 4552/106/40 4555/109/41 4554/107/41
f 4556/110/40 4558/111/43 4557/112/42
f 4556/110/40 4559/113/41 4558/111/43
f 4561/114/44 4562/115/24 4560/116/45
f 4562/115/24 4561/114/44 4563/62/44
f 4564/117/38 4563/62/44 4561/114/44
f 4563/62/44 4564/117/38 4565/118/19
f 4566/119/46 4568/120/47 4567/121/46
f 4569/122/48 4568/120/47 4566/119/46
f 4571/123/49 4572/124/50 4570/125/51
f 4572/124/50 4571/123/49 4573/126/52
f 4573/126/52 4574/127/53 4572/124/50
f 4574/127/53 4573/126/52 4575/128/54
f 4576/129/54 4578/130/54 4577/131/55
f 4579/132/55 4577/131/55 4578/130/54
f 4577/131/55 4579/132/55 4580/133/49
f 4581/134/49 4580/133/49 4579/132/55
f 4586/135/56 4582/136/57 4583/137/58
f 4582/136/57 4584/138/59 4583/137/58
f 4584/138/59 4582/136/57 4585/139/59
f 4587/140/56 4582/136/57 4586/135/56
f 4588/141/60 4587/140/56 4586/135/56
f 4589/142/60 4587/140/56 4588/141/60
f 4590/143/61 4591/144/52 4593/145/52
f 4591/144/52 4590/143/61 4592/146/61
f 4595/147/62 4596/148/52 4594/149/63
f 4596/148/52 4595/147/62 4597/150/52
f 4599/151/64 4600/152/65 4598/153/65
f 4599/151/64 4601/154/64 4600/152/65
f 4602/150/66 4604/144/66 4603/148/66
f 4604/144/66 4602/150/66 4605/145/66
f 4606/155/52 4607/156/52 4609/157/52
f 4606/155/52 4608/158/52 4607/156/52
f 4610/159/52 4608/158/52 4606/155/52
f 4608/158/52 4610/159/52 4611/160/52
f 4612/161/52 4613/162/52 4615/163/52
f 4612/161/52 4614/164/52 4613/162/52
f 4616/165/52 4614/164/52 4612/161/52
f 4614/164/52 4616/165/52 4617/166/52
f 4618/167/52 4620/168/52 4619/169/52
f 4621/170/52 4619/169/52 4620/168/52
f 4622/171/52 4624/172/52 4623/173/67
f 4625/174/68 4624/172/52 4622/171/52
f 4624/172/52 4625/174/68 4626/175/69
f 4627/176/70 4623/173/67 4624/172/52
f 4628/177/52 4630/178/52 4629/179/52
f 4631/180/52 4629/179/52 4630/178/52
f 4632/154/71 4634/151/71 4633/181/72
f 4635/182/73 4633/181/72 4634/151/71
f 4633/181/72 4635/182/73 4636/183/74
f 4637/184/74 4636/183/74 4635/182/73
f 4638/185/75 4639/183/75 4641/184/75
f 4638/185/75 4640/186/75 4639/183/75
f 4642/187/54 4644/188/54 4643/189/76
f 4645/190/77 4643/189/76 4644/188/54
f 4647/191/49 4646/192/49 4645/190/77
f 4643/189/76 4645/190/77 4646/192/49
f 4648/193/49 4649/194/78 4651/126/76
f 4648/193/49 4650/195/79 4649/194/78
f 4651/126/76 4649/194/78 4652/196/54
f 4651/126/76 4652/196/54 4653/197/39
f 4657/57/80 4654/198/80 4655/58/80
f 4654/198/80 4656/55/80 4655/58/80
f 4656/55/80 4654/198/80 4658/199/80
f 4654/198/80 4657/57/80 4659/200/80
f 4660/201/80 4659/200/80 4657/57/80
f 4657/57/80 4661/59/80 4660/201/80
f 4662/53/81 4660/201/80 4661/59/80
f 4660/201/80 4662/53/81 4663/202/82
f 4662/53/81 4664/203/80 4663/202/82
f 4662/53/81 4667/54/80 4664/203/80
f 4664/203/80 4666/52/81 4665/204/83
f 4666/52/81 4664/203/80 4667/54/80
f 4669/205/80 4666/52/81 4668/56/80
f 4666/52/81 4669/205/80 4665/204/83
f 4669/205/80 4656/55/80 4658/199/80
f 4656/55/80 4669/205/80 4668/56/80
f 4670/199/84 4672/204/85 4671/205/86
f 4673/200/87 4672/204/85 4670/199/84
f 4673/200/87 4670/199/84 4674/198/88
f 4673/200/87 4675/202/89 4672/204/85
f 4675/202/89 4673/200/87 4676/201/90
f 4672/204/85 4675/202/89 4677/203/91
f 4678/206/80 4680/207/80 4679/208/80
f 4681/209/80 4679/208/80 4680/207/80
f 4681/209/80 4680/207/80 4682/210/80
f 4682/210/80 4680/207/80 4683/211/81
f 4681/209/80 4682/210/80 4684/212/80
f 4679/208/80 4681/209/80 4685/213/80
f 4686/42/81 4688/41/80 4687/44/81
f 4688/41/80 4686/42/81 4689/43/81
f 4690/45/80 4687/44/81 4688/41/80
f 4693/46/80 4690/45/80 4688/41/80
f 4693/46/80 4688/41/80 4691/47/80
f 4691/47/80 4688/41/80 4692/48/80
f 4690/45/80 4693/46/80 4694/49/80
f 4690/45/80 4694/49/80 4695/51/80
f 4687/44/81 4690/45/80 4696/50/81
f 4697/23/92 4699/21/92 4698/22/93
f 4698/22/93 4699/21/92 4700/24/93
f 4702/25/94 4703/26/95 4701/27/35
f 4704/28/95 4703/26/95 4702/25/94
f 4705/30/96 4707/29/96 4706/28/97
f 4706/28/97 4707/29/96 4708/26/97
f 4710/32/98 4711/33/99 4709/31/98
f 4712/34/100 4711/33/99 4710/32/98
f 4714/36/101 4715/37/100 4713/35/98
f 4716/38/100 4715/37/100 4714/36/101
f 4718/40/102 4719/24/103 4717/39/102
f 4720/22/103 4719/24/103 4718/40/102
f 4721/12/80 4723/13/80 4722/14/80
f 4723/13/80 4721/12/80 4724/9/80
f 4724/9/80 4721/12/80 4725/10/80
f 4725/10/80 4721/12/80 4726/15/80
f 4726/15/80 4721/12/80 4727/16/80
f 4727/16/80 4728/17/80 4726/15/80
f 4728/17/80 4727/16/80 4729/18/80
f 4726/15/80 4728/17/80 4730/19/80
f 4726/15/80 4730/19/80 4731/20/80
f 4724/9/80 4725/10/80 4732/11/80
f 4733/4/80 4735/2/80 4734/1/80
f 4735/2/80 4736/3/80 4734/1/80
f 4735/2/80 4737/5/80 4736/3/80
f 4737/5/80 4739/7/80 4738/6/80
f 4737/5/80 4738/6/80 4736/3/80
f 4739/7/80 4740/8/80 4738/6/80
f 4742/214/104 4743/215/105 4741/216/106
f 4743/215/105 4742/214/104 4744/217/107
f 4744/217/107 4745/218/108 4743/215/105
f 4745/218/108 4744/217/107 4746/219/79
f 4747/220/79 4749/221/109 4748/222/107
f 4750/223/107 4748/222/107 4749/221/109
f 4751/224/104 4752/225/104 4750/223/107
f 4748/222/107 4750/223/107 4752/225/104
f 4754/226/107 4756/227/107 4753/228/107
f 4753/228/107 4755/229/107 4754/226/107
f 4757/230/110 4759/231/111 4758/232/112
f 4758/232/112 4759/231/111 4760/233/112
f 4762/234/113 4763/235/114 4761/236/115
f 4763/235/114 4762/234/113 4764/237/114
f 4765/238/116 4763/235/114 4764/237/114
f 4765/238/116 4766/239/117 4767/240/63
f 4764/237/114 4766/239/117 4765/238/116
f 4768/241/118 4767/240/63 4766/239/117
f 4769/242/107 4771/243/107 4770/244/119
f 4771/243/107 4769/242/107 4772/245/120
f 4773/246/121 4772/245/120 4769/242/107
f 4774/247/122 4770/244/119 4771/243/107
f 4775/248/96 4776/249/123 4778/250/96
f 4775/248/96 4777/251/11 4776/249/123
f 4779/252/104 4781/253/124 4780/254/107
f 4782/255/107 4780/254/107 4781/253/124
f 4780/254/107 4782/255/107 4784/256/79
f 4783/257/125 4784/256/79 4782/255/107
f 4786/258/126 4785/259/127 4787/260/127
f 4786/258/126 4787/260/127 4788/261/128
f 4790/262/126 4789/263/127 4791/264/127
f 4790/262/126 4791/264/127 4792/265/128
f 4794/217/129 4795/266/125 4793/267/79
f 4794/217/129 4796/268/129 4795/266/125
f 4797/269/124 4796/268/129 4794/217/129
f 4797/269/124 4798/270/104 4796/268/129
f 4799/271/130 4801/272/131 4800/273/132
f 4801/272/131 4799/271/130 4802/274/133
f 4803/275/134 4802/274/133 4804/276/135
f 4802/274/133 4803/275/134 4801/272/131
f 4805/277/134 4807/278/134 4806/279/136
f 4808/280/136 4806/279/136 4807/278/134
f 4806/279/136 4808/280/136 4809/281/137
f 4810/282/132 4809/281/137 4808/280/136
f 4811/283/138 4813/284/139 4812/285/138
f 4812/285/138 4813/284/139 4814/286/140
f 4813/284/139 4815/287/141 4814/286/140
f 4814/286/140 4815/287/141 4816/288/142
f 4815/287/141 4817/289/143 4816/288/142
f 4817/289/143 4815/287/141 4818/290/143
f 4820/291/144 4821/292/131 4819/293/144
f 4819/293/144 4821/292/131 4822/294/131
f 4823/295/131 4825/296/131 4824/297/115
f 4825/296/131 4826/298/113 4824/297/115
f 4828/299/145 4827/300/146 4829/301/147
f 4828/299/145 4829/301/147 4830/302/147
f 4831/296/148 4833/295/148 4832/292/148
f 4834/294/148 4832/292/148 4833/295/148
f 4835/303/131 4837/304/131 4836/305/131
f 4837/304/131 4835/303/131 4838/306/131
f 4835/303/131 4839/307/131 4838/306/131
f 4838/306/131 4839/307/131 4840/308/131
f 4841/309/131 4843/310/131 4842/311/131
f 4843/310/131 4841/309/131 4844/312/131
f 4841/309/131 4845/313/131 4844/312/131
f 4844/312/131 4845/313/131 4846/314/131
f 4847/315/131 4849/316/131 4848/317/131
f 4849/316/131 4847/315/131 4850/318/131
f 4851/319/149 4853/320/149 4852/321/131
f 4854/322/131 4852/321/131 4853/320/149
f 4852/321/131 4854/322/131 4855/323/150
f 4856/324/151 4855/323/150 4854/322/131
f 4857/325/131 4859/326/131 4858/327/131
f 4859/326/131 4857/325/131 4860/328/131
f 4861/301/152 4863/329/153 4862/302/152
f 4863/329/153 4861/301/152 4864/330/154
f 4864/330/154 4865/331/155 4863/329/153
f 4865/331/155 4864/330/154 4866/332/155
f 4867/331/156 4868/333/157 4870/334/156
f 4867/331/156 4869/332/157 4868/333/157
f 4871/335/134 4873/336/134 4872/337/158
f 4874/338/159 4872/337/158 4873/336/134
f 4872/337/158 4874/338/159 4875/339/132
f 4876/340/132 4875/339/132 4874/338/159
f 4878/272/159 4879/341/132 4877/342/132
f 4878/272/159 4880/343/159 4879/341/132
f 4881/344/134 4880/343/159 4878/272/159
f 4881/344/134 4882/345/134 4880/343/159
usemtl Meshpart2Mtl.004
f 11/346/160 13/347/161 12/348/162
f 13/347/161 11/346/160 14/349/163
f 15/347/164 17/350/165 16/351/166
f 17/350/165 15/347/164 18/349/167
f 19/352/168 21/351/169 20/353/170
f 21/351/169 22/350/171 20/353/170
f 23/348/172 24/354/173 26/346/174
f 23/348/172 25/355/175 24/354/173
f 28/356/176 29/357/177 27/358/178
f 30/359/179 32/360/180 31/361/181
f 32/360/180 30/359/179 33/362/180
f 34/360/180 36/363/182 35/364/183
f 36/363/182 34/360/180 37/362/180
f 38/365/184 40/357/185 39/356/186
f 41/366/187 43/367/188 42/368/189
f 44/369/190 46/364/191 45/370/192
f 46/364/191 47/363/193 45/370/192
f 48/371/194 50/372/195 49/373/196
f 51/361/197 52/374/198 54/359/199
f 51/361/197 53/375/200 52/374/198
f 55/376/201 57/377/202 56/378/203
f 58/379/204 60/380/205 59/381/206
f 61/379/207 63/374/208 62/375/209
f 63/374/208 61/379/207 64/381/210
f 65/382/211 67/383/212 66/384/213
f 68/383/214 70/385/215 69/384/216
f 71/386/217 73/380/218 72/379/219
f 74/383/220 76/370/221 75/385/222
f 76/370/221 74/383/220 77/369/223
f 78/387/224 80/388/225 79/389/226
f 80/388/225 78/387/224 81/390/224
f 82/387/227 84/391/228 83/392/227
f 84/391/228 82/387/227 85/389/229
f 86/393/230 88/394/231 87/366/232
f 88/394/231 86/393/230 89/395/233
f 90/394/231 92/396/234 91/373/235
f 92/396/234 90/394/231 93/395/231
f 94/397/236 96/398/237 95/399/237
f 98/400/238 97/397/239 99/399/238
f 100/401/240 102/402/241 101/403/242
f 102/402/241 100/401/240 103/404/243
f 104/405/244 106/401/245 105/406/246
f 105/406/246 106/401/245 107/403/240
f 109/407/247 108/368/248 110/408/248
f 112/371/249 111/409/250 113/410/251
f 114/411/252 116/390/253 115/387/254
f 117/412/255 119/413/256 118/414/255
f 119/413/256 117/412/255 120/415/257
f 121/415/257 123/416/258 122/413/256
f 123/416/258 121/415/257 124/417/259
f 126/392/260 125/411/261 127/387/260
f 128/418/262 130/414/263 129/419/264
f 130/414/263 128/418/262 131/412/255
f 133/420/265 134/416/266 132/421/267
f 135/417/266 132/421/267 134/416/266
f 136/422/268 138/423/269 137/424/268
f 138/423/269 136/422/268 139/425/270
f 140/426/271 142/422/268 141/427/272
f 141/427/272 142/422/268 143/424/268
f 144/428/273 146/429/273 145/430/274
f 146/429/273 144/428/273 147/431/275
f 148/428/276 150/432/277 149/433/277
f 150/432/277 148/428/276 151/430/278
f 152/434/279 154/435/280 153/436/281
f 154/435/280 152/434/279 155/437/282
f 156/434/283 158/438/284 157/439/285
f 158/438/284 156/434/283 159/436/284
f 160/440/286 162/441/286 161/442/286
f 162/441/286 160/440/286 163/443/286
f 164/444/287 166/441/288 165/445/287
f 166/441/288 164/444/287 167/442/289
f 168/446/290 170/447/291 169/448/292
f 170/447/291 171/449/293 169/448/292
f 172/448/294 173/450/295 175/451/296
f 172/448/294 174/449/292 173/450/295
f 176/451/297 178/452/298 177/453/299
f 178/452/298 176/451/297 179/450/300
f 180/454/301 182/446/302 181/455/303
f 182/446/302 180/454/301 183/447/304
f 184/456/305 185/457/306 187/458/307
f 184/456/305 186/459/305 185/457/306
f 188/460/308 190/461/309 189/456/310
f 190/461/309 191/459/305 189/456/310
f 193/437/282 192/462/311 194/463/312
f 196/464/313 197/465/314 195/418/315
f 197/465/314 196/464/313 198/466/316
f 199/464/317 200/467/318 198/466/319
f 201/468/320 202/461/321 204/460/322
f 202/461/321 201/468/320 203/469/323
f 206/470/324 207/471/325 205/421/326
f 207/471/325 206/470/324 208/472/327
f 209/471/328 208/472/329 210/473/330
f 211/462/331 213/439/285 212/474/332
f 215/475/333 214/476/334 216/457/335
f 217/458/336 216/457/335 214/476/334
f 218/477/337 219/478/338 221/479/339
f 218/477/337 220/480/337 219/478/338
f 222/481/340 224/482/340 223/477/337
f 224/482/340 225/480/337 223/477/337
f 226/483/341 228/484/342 227/485/343
f 229/486/344 231/487/345 230/488/346
f 232/489/347 233/490/348 235/491/349
f 232/489/347 234/492/350 233/490/348
f 236/493/351 238/494/352 237/489/353
f 238/494/352 239/492/354 237/489/353
f 241/495/355 242/496/356 240/497/357
f 243/498/358 245/499/359 244/500/360
f 246/501/361 247/494/362 249/493/308
f 247/494/362 246/501/361 248/502/323
f 251/503/363 250/504/364 252/490/365
f 253/491/307 252/490/365 250/504/364
f 254/505/366 256/506/367 255/507/368
f 257/508/369 259/509/370 258/510/371
f 260/511/305 261/512/306 263/513/372
f 260/511/305 262/514/305 261/512/306
f 264/515/308 266/516/309 265/511/310
f 266/516/309 267/514/305 265/511/310
f 269/517/373 268/518/374 270/519/375
f 271/520/376 273/521/377 272/522/378
f 274/523/361 275/516/321 277/515/308
f 275/516/321 274/523/361 276/524/323
f 279/525/379 278/526/364 280/512/335
f 281/513/336 280/512/335 278/526/364
f 282/456/380 284/527/381 283/528/380
f 284/527/381 282/456/380 285/458/382
f 286/456/383 288/529/384 287/460/385
f 288/529/384 286/456/383 289/528/383
f 291/530/386 290/476/387 292/531/388
f 293/532/389 295/460/390 294/529/391
f 297/533/392 298/534/393 296/468/394
f 299/456/305 300/457/306 302/458/307
f 299/456/305 301/459/305 300/457/306
f 303/460/308 305/461/309 304/456/310
f 305/461/309 306/459/305 304/456/310
f 307/531/395 309/535/396 308/536/397
f 310/468/398 311/461/399 313/460/322
f 311/461/399 310/468/398 312/469/400
f 315/475/401 314/476/402 316/457/335
f 317/458/336 316/457/335 314/476/402
f 318/534/403 320/533/403 319/537/404
f 322/538/405 321/539/406 323/540/407
f 325/541/408 326/542/409 324/543/410
f 327/489/411 329/544/412 328/545/380
f 329/544/412 327/489/411 330/491/413
f 331/489/414 333/546/384 332/493/415
f 333/546/384 331/489/414 334/545/383
f 336/547/416 335/504/417 337/548/418
f 337/548/419 339/549/420 338/550/421
f 340/551/422 342/493/423 341/546/391
f 344/552/424 345/553/425 343/501/426
f 345/553/425 344/552/424 346/554/427
f 347/489/347 348/490/348 350/491/349
f 347/489/347 349/492/428 348/490/348
f 351/493/429 353/494/430 352/489/305
f 353/494/430 354/492/431 352/489/305
f 356/503/333 355/504/364 357/490/365
f 358/491/307 357/490/365 355/504/364
f 359/501/361 360/494/362 362/493/308
f 360/494/362 359/501/361 361/502/323
f 363/511/380 365/555/432 364/556/380
f 365/555/432 363/511/380 366/513/382
f 367/511/383 369/557/433 368/515/434
f 369/557/433 367/511/383 370/556/383
f 372/558/435 371/526/436 373/559/437
f 374/560/389 376/515/438 375/557/391
f 378/561/439 379/562/440 377/523/441
f 380/559/442 382/563/443 381/564/442
f 383/562/444 385/561/445 384/565/446
f 386/566/447 388/567/448 387/568/449
f 389/569/450 391/570/451 390/571/452
f 392/572/453 394/569/454 393/571/455
f 394/569/454 392/572/453 395/573/453
f 396/568/456 398/572/453 397/566/457
f 398/572/453 396/568/456 399/573/453
f 400/511/305 401/512/306 403/513/307
f 400/511/305 402/514/305 401/512/306
f 404/515/308 406/516/309 405/511/310
f 406/516/309 407/514/305 405/511/310
f 409/525/458 408/526/459 410/512/460
f 411/513/336 410/512/460 408/526/459
f 412/523/398 413/516/321 415/515/322
f 413/516/321 412/523/398 414/524/461
f 416/456/380 418/527/462 417/528/380
f 418/527/462 416/456/380 419/458/382
f 420/456/463 422/529/464 421/460/385
f 422/529/464 420/456/463 423/528/463
f 425/530/386 424/476/417 426/531/465
f 427/532/389 429/460/390 428/529/466
f 431/533/392 432/534/467 430/468/468
f 433/531/469 435/574/470 434/536/469
f 436/534/403 438/533/403 437/575/471
f 440/475/333 439/476/459 441/457/335
f 442/458/336 441/457/335 439/476/459
f 443/468/472 444/461/321 446/460/322
f 444/461/321 443/468/472 445/469/473
f 447/456/305 448/457/306 450/458/372
f 447/456/305 449/459/305 448/457/306
f 451/460/474 453/461/475 452/456/305
f 453/461/475 454/459/305 452/456/305
f 456/576/476 457/577/477 455/578/478
f 457/577/477 456/576/476 458/579/479
f 460/580/480 461/581/481 459/582/482
f 461/581/481 460/580/480 462/583/483
f 463/489/411 465/546/384 464/493/415
f 465/546/384 463/489/411 466/545/383
f 467/489/411 469/544/412 468/545/484
f 469/544/412 467/489/411 470/491/413
f 472/547/485 471/504/486 473/548/487
f 474/551/422 476/493/423 475/546/391
f 478/552/488 479/553/425 477/501/468
f 479/553/425 478/552/488 480/584/489
f 481/548/490 483/585/491 482/550/492
f 485/503/493 484/504/364 486/490/365
f 487/491/307 486/490/365 484/504/364
f 488/501/494 489/494/362 491/493/308
f 489/494/362 488/501/494 490/502/495
f 492/489/305 493/490/348 495/491/349
f 492/489/305 494/492/350 493/490/348
f 496/493/351 498/494/430 497/489/347
f 498/494/430 499/492/431 497/489/347
f 500/559/496 502/586/497 501/564/498
f 503/511/383 505/557/433 504/515/499
f 505/557/433 503/511/383 506/556/383
f 507/511/380 509/555/432 508/556/380
f 509/555/432 507/511/380 510/513/382
f 511/562/500 513/561/501 512/587/502
f 515/558/503 514/526/436 516/559/504
f 517/560/389 519/515/438 518/557/505
f 521/561/506 522/562/506 520/523/507
f 523/588/508 525/589/509 524/576/510
f 525/589/509 523/588/508 526/590/509
f 527/589/509 529/591/511 528/581/512
f 529/591/511 527/589/509 530/590/509
f 532/592/513 533/593/514 531/594/515
f 533/593/514 532/592/513 534/595/516
f 536/596/517 537/597/518 535/598/519
f 537/597/518 536/596/517 538/599/520
f 539/600/521 541/601/522 540/602/523
f 543/525/524 542/526/459 544/512/460
f 545/513/336 544/512/460 542/526/459
f 546/523/472 547/516/321 549/515/308
f 547/516/321 546/523/472 548/524/461
f 550/588/525 552/576/526 551/603/527
f 552/576/526 553/578/528 551/603/527
f 554/604/529 555/603/530 553/578/531
f 555/603/530 554/604/529 556/605/532
f 557/604/533 558/606/534 556/605/535
f 560/581/536 562/591/537 559/607/538
f 559/607/538 561/582/539 560/581/536
f 559/607/538 563/600/540 561/582/539
f 563/600/540 559/607/538 564/601/541
f 565/511/305 566/512/306 568/513/372
f 565/511/305 567/514/305 566/512/306
f 569/515/308 571/516/309 570/511/310
f 571/516/309 572/514/305 570/511/310
f 573/531/469 575/608/542 574/536/543
f 576/534/403 578/533/544 577/609/545
f 579/456/383 581/529/546 580/460/385
f 581/529/546 579/456/383 582/528/463
f 583/456/380 585/527/462 584/528/380
f 585/527/462 583/456/380 586/458/547
f 587/610/548 589/611/549 588/612/550
f 589/611/549 587/610/548 590/613/509
f 591/611/551 593/614/552 592/615/553
f 593/614/552 591/611/551 594/613/509
f 596/530/386 595/476/554 597/531/465
f 598/532/389 600/460/423 599/529/505
f 602/533/555 603/534/467 601/468/426
f 605/616/556 606/617/557 604/618/558
f 606/617/557 605/616/556 607/619/559
f 608/617/560 607/619/561 609/620/562
f 610/615/563 612/614/563 611/616/556
f 613/612/564 615/621/565 614/610/566
f 617/622/567 618/621/568 616/623/569
f 618/621/568 617/622/567 619/624/570
f 620/622/571 621/625/572 619/624/573
f 623/518/574 622/626/575 624/519/576
f 625/627/577 627/522/578 626/521/579
f 628/628/580 630/629/581 629/596/582
f 630/629/581 628/628/580 631/630/509
f 632/629/509 634/631/583 633/593/584
f 634/631/583 632/629/509 635/630/509
f 636/489/414 638/546/384 637/493/415
f 638/546/384 636/489/414 639/545/383
f 640/489/411 642/544/412 641/545/380
f 642/544/412 640/489/411 643/491/413
f 644/551/585 646/493/423 645/546/505
f 648/552/586 649/553/587 647/501/588
f 649/553/587 648/552/586 650/632/589
f 652/547/590 651/504/387 653/548/591
f 653/548/592 655/633/593 654/550/594
f 657/634/595 656/635/596 658/636/596
f 660/635/597 659/637/598 661/636/597
f 662/638/599 664/639/600 663/640/601
f 665/641/602 667/594/603 666/593/584
f 668/642/604 667/594/603 665/641/602
f 669/628/605 671/596/606 670/643/607
f 671/596/606 672/598/608 670/643/607
f 670/643/607 672/598/608 673/644/609
f 674/645/610 676/646/611 675/647/612
f 677/562/500 679/561/444 678/648/613
f 680/559/614 682/649/615 681/564/614
f 683/650/616 685/651/617 684/652/618
f 687/653/619 688/654/620 686/655/621
f 688/654/620 687/653/619 689/656/622
f 690/654/623 689/656/624 691/657/625
f 692/511/463 694/557/433 693/515/499
f 694/557/433 692/511/463 695/556/383
f 696/511/380 698/555/432 697/556/380
f 698/555/432 696/511/380 699/513/382
f 701/650/626 702/658/627 700/659/628
f 702/658/627 701/650/626 703/652/629
f 705/558/630 704/526/436 706/559/614
f 707/560/389 709/515/438 708/557/391
f 711/561/440 712/562/506 710/523/507
f 714/660/631 715/495/632 713/497/633
f 717/499/634 718/661/635 716/500/636
f 719/647/637 721/646/638 720/662/639
f 722/639/640 724/663/641 723/640/642
f 725/664/643 726/665/644 728/666/645
f 725/664/643 727/667/646 726/665/644
f 729/668/647 731/669/648 730/670/649
f 730/670/649 731/669/648 732/671/650
f 733/672/651 734/673/652 736/674/653
f 733/672/651 735/675/654 734/673/652
f 737/676/655 739/677/477 738/678/656
f 738/678/656 739/677/477 740/679/657
f 741/680/658 742/681/659 744/682/660
f 741/680/658 743/683/661 742/681/659
f 745/684/662 747/685/663 746/686/664
f 747/685/663 748/687/665 746/686/664
f 749/688/666 750/687/667 747/685/668
f 750/687/667 749/688/666 751/689/669
f 752/682/670 754/688/666 753/680/671
f 754/688/666 752/682/670 755/689/672
f 756/690/673 758/691/674 757/692/675
f 759/693/676 761/670/677 760/694/678
f 761/670/677 759/693/676 762/695/679
f 763/696/680 765/697/681 764/698/682
f 766/693/683 768/665/684 767/695/685
f 768/665/684 766/693/683 769/699/686
f 771/694/687 773/670/677 770/671/688
f 770/671/688 772/700/689 771/694/687
f 770/671/688 774/701/690 772/700/689
f 774/701/690 770/671/688 775/702/691
f 774/701/690 775/702/691 776/703/692
f 777/665/684 779/699/693 778/666/694
f 778/666/694 779/699/693 780/704/695
f 781/705/696 778/666/694 780/704/695
f 778/666/694 781/705/696 782/706/697
f 781/705/696 783/707/698 782/706/697
f 784/708/699 785/709/700 787/710/701
f 784/708/699 786/711/702 785/709/700
f 788/712/703 790/713/704 789/714/705
f 789/714/705 790/713/704 791/715/706
f 792/716/707 793/717/708 795/718/709
f 792/716/707 794/719/710 793/717/708
f 796/720/711 798/721/712 797/722/713
f 797/722/713 798/721/712 799/723/714
f 800/724/715 801/679/716 803/725/717
f 800/724/715 802/678/718 801/679/716
f 804/673/719 806/726/720 805/674/721
f 805/674/721 806/726/720 807/727/722
f 808/679/716 810/728/723 809/725/724
f 809/725/724 810/728/723 811/729/725
f 811/729/726 813/728/726 812/730/727
f 814/731/728 816/727/729 815/732/730
f 816/727/729 814/731/728 817/674/721
f 815/732/731 819/733/732 818/731/731
f 820/734/509 822/673/733 821/735/734
f 822/673/733 820/734/509 823/726/735
f 824/734/509 826/678/736 825/724/737
f 826/678/736 824/734/509 827/735/738
f 828/736/679 830/737/739 829/738/740
f 830/737/739 828/736/679 831/739/741
f 832/736/683 834/740/742 833/739/743
f 834/740/742 832/736/683 835/741/744
f 837/738/740 838/737/745 836/742/746
f 839/740/747 841/741/748 840/743/749
f 842/744/750 844/696/751 843/698/752
f 845/745/753 847/691/754 846/690/755
f 848/746/756 850/747/757 849/748/758
f 851/749/759 853/750/760 852/751/761
f 854/752/762 856/709/763 855/753/764
f 856/709/763 854/752/762 857/754/765
f 858/752/762 860/714/766 859/755/767
f 860/714/766 858/752/762 861/753/768
f 863/755/769 865/714/770 862/715/771
f 862/715/771 864/756/772 863/755/769
f 862/715/771 866/744/773 864/756/772
f 866/744/773 862/715/771 867/696/774
f 868/709/775 870/754/776 869/710/777
f 869/710/777 870/754/776 871/757/778
f 872/745/779 869/710/777 871/757/778
f 869/710/777 872/745/779 873/690/780
f 874/758/768 876/722/781 875/759/782
f 876/722/781 874/758/768 877/760/768
f 878/758/783 880/717/784 879/760/783
f 880/717/784 878/758/783 881/761/785
f 882/759/786 883/723/787 885/762/788
f 882/759/786 884/722/789 883/723/787
f 883/723/787 886/746/790 885/762/788
f 886/746/790 883/723/787 887/747/757
f 888/717/791 890/761/792 889/718/793
f 889/718/793 890/761/792 891/763/794
f 892/749/795 889/718/793 891/763/794
f 889/718/793 892/749/795 893/751/796
f 894/764/797 896/765/798 895/766/799
f 897/767/800 899/768/801 898/764/797
f 900/769/247 902/770/802 901/771/803
f 901/771/803 902/770/802 903/772/804
f 904/770/802 906/773/805 905/772/804
f 906/773/805 904/770/802 907/774/806
f 908/775/807 909/776/808 911/777/809
f 908/775/807 910/778/315 909/776/808
f 912/779/810 914/780/811 913/781/812
f 914/780/811 915/782/813 913/781/812
f 916/777/814 918/783/815 917/775/816
f 918/783/815 916/777/814 919/784/817
f 920/783/815 922/782/818 921/780/819
f 922/782/818 920/783/815 923/784/820
f 924/785/821 926/786/822 925/787/823
f 926/786/822 924/785/821 927/788/824
f 928/789/825 930/790/826 929/791/827
f 931/792/828 933/789/825 932/791/829
f 933/789/825 931/792/828 934/793/830
f 936/787/831 935/790/832 937/785/833
f 938/794/834 940/795/835 939/796/836
f 940/795/835 938/794/834 941/797/837
f 942/798/838 944/795/839 943/799/840
f 945/795/841 942/798/842 946/800/843
f 946/800/843 947/796/844 945/795/841
f 948/801/845 950/802/846 949/803/847
f 951/804/848 953/805/849 952/806/850
f 955/807/851 954/808/852 956/809/853
f 957/795/854 959/797/855 958/799/856
f 961/810/857 960/811/858 962/812/859
f 963/813/860 965/814/861 964/815/862
f 966/816/863 968/817/855 967/818/864
f 969/819/865 971/820/866 970/821/867
f 971/820/866 969/819/865 972/822/868
f 973/819/865 975/823/869 974/824/870
f 975/823/869 973/819/865 976/821/867
f 977/825/871 979/826/872 978/827/873
f 980/828/874 982/829/875 981/830/874
f 982/829/875 980/828/874 983/831/876
f 984/828/874 986/832/877 985/833/878
f 986/832/877 984/828/874 987/830/874
f 988/834/879 990/835/880 989/836/881
f 991/837/882 993/838/883 992/839/884
f 994/840/885 996/841/886 995/842/887
f 996/841/886 994/840/885 997/843/888
f 998/844/889 1000/845/890 999/846/891
f 1000/845/890 998/844/889 1001/847/892
f 1003/848/893 1005/849/894 1002/850/895
f 1002/850/895 1004/851/896 1003/848/893
f 1004/851/897 1007/850/898 1006/852/899
f 1008/853/900 1010/854/901 1009/855/902
f 1010/854/901 1008/853/900 1011/856/903
f 1012/857/904 1014/858/905 1013/859/906
f 1014/858/905 1012/857/904 1015/860/907
f 1016/861/908 1018/838/909 1017/837/910
f 1019/862/911 1021/801/912 1020/803/913
f 1022/801/914 1019/862/915 1023/863/916
f 1023/863/916 1024/864/917 1022/801/914
f 1025/865/918 1027/825/919 1026/827/920
f 1028/857/921 1030/866/922 1029/860/923
f 1029/860/923 1030/866/922 1031/867/924
f 1032/866/922 1034/855/925 1033/867/926
f 1034/855/925 1032/866/922 1035/853/927
f 1036/868/838 1038/816/928 1037/818/929
f 1039/816/930 1036/868/931 1040/869/932
f 1040/869/932 1041/870/844 1039/816/930
f 1042/871/933 1044/846/934 1043/872/935
f 1044/846/934 1042/871/933 1045/844/936
f 1046/840/937 1048/871/935 1047/843/938
f 1047/843/938 1048/871/935 1049/872/935
f 1051/873/939 1050/874/940 1052/875/941
f 1053/876/942 1055/801/943 1054/864/944
f 1055/801/943 1053/876/942 1056/802/945
f 1057/877/946 1059/878/947 1058/879/948
f 1060/880/949 1062/881/950 1061/882/951
f 1063/883/952 1065/834/953 1064/836/954
f 1066/834/955 1063/883/956 1067/884/957
f 1067/884/957 1068/885/958 1066/834/955
f 1069/886/834 1071/816/959 1070/870/960
f 1071/816/959 1069/886/834 1072/817/961
f 1073/887/962 1075/888/963 1074/889/964
f 1075/888/963 1073/887/962 1076/890/965
f 1077/888/963 1079/891/966 1078/889/967
f 1079/891/966 1077/888/963 1080/892/968
f 1082/893/969 1084/894/970 1081/813/971
f 1081/813/971 1083/895/972 1082/893/969
f 1083/895/973 1086/813/974 1085/815/975
f 1087/875/976 1089/874/977 1088/896/978
f 1090/877/979 1092/897/980 1091/878/981
f 1093/898/982 1095/899/983 1094/900/984
f 1096/901/985 1098/902/986 1097/903/987
f 1099/904/988 1101/905/989 1100/906/990
f 1102/907/991 1104/834/992 1103/885/993
f 1104/834/992 1102/907/991 1105/835/994
f 1106/908/995 1108/909/996 1107/806/997
f 1107/806/997 1108/909/996 1109/804/998
f 1110/910/999 1112/898/1000 1111/900/1001
f 1113/911/1002 1115/864/1003 1114/912/1004
f 1115/864/1003 1113/911/1002 1116/876/942
f 1118/913/1005 1120/912/1006 1117/864/1007
f 1117/864/1007 1119/863/916 1118/913/1005
f 1121/879/1008 1123/914/1009 1122/877/1010
f 1125/915/1011 1126/873/1012 1124/875/1013
f 1127/916/1014 1129/813/1015 1128/894/1016
f 1129/813/1015 1127/916/1014 1130/814/1017
f 1131/917/1018 1133/918/1019 1132/919/1020
f 1133/918/1019 1131/917/1018 1134/920/1021
f 1135/921/1022 1137/917/1018 1136/922/1023
f 1136/922/1023 1137/917/1018 1138/919/1024
f 1139/923/1025 1141/897/1026 1140/877/1027
f 1142/924/1028 1144/875/1013 1143/896/1029
f 1145/925/1030 1147/881/1031 1146/880/1032
f 1149/926/1033 1148/927/1034 1150/928/1035
f 1151/929/1036 1152/831/1037 1154/927/1038
f 1152/831/1037 1151/929/1036 1153/829/1039
f 1155/930/1040 1157/931/1041 1156/932/1042
f 1158/933/1043 1159/833/1044 1161/832/1045
f 1159/833/1044 1158/933/1043 1160/930/1046
f 1162/934/1047 1164/935/1048 1163/936/1049
f 1165/937/1050 1167/938/1051 1166/939/1052
f 1168/873/1053 1170/915/1054 1169/920/1055
f 1171/921/1056 1173/922/1057 1172/879/1058
f 1175/890/1059 1176/887/962 1174/940/1060
f 1177/941/1061 1179/891/966 1178/892/1062
f 1180/942/1063 1182/943/1064 1181/944/1065
f 1182/943/1064 1180/942/1063 1183/945/1063
f 1184/944/1065 1185/946/1066 1187/947/1067
f 1184/944/1065 1186/943/1064 1185/946/1066
f 1188/938/1068 1190/948/1069 1189/939/1070
f 1191/936/1071 1193/935/1072 1192/949/1073
f 1194/950/1074 1196/951/563 1195/807/1075
f 1197/952/1076 1199/953/1077 1198/811/565
f 1200/954/1078 1202/955/1079 1201/956/1080
f 1203/955/1081 1204/946/1082 1201/956/1080
f 1205/947/1083 1204/946/1082 1203/955/1081
f 1207/957/1084 1208/958/1085 1206/959/1086
f 1209/945/1087 1210/958/1088 1207/957/1089
f 1210/958/1088 1209/945/1087 1211/942/1090
f 1212/960/1091 1214/787/1092 1213/961/1093
f 1215/791/1094 1217/960/1091 1216/962/1095
f 1218/963/1096 1220/964/1097 1219/965/1098
f 1221/966/621 1223/961/1099 1222/786/1100
f 1223/961/1099 1224/787/1101 1222/786/1100
f 1225/962/1102 1226/792/1103 1228/791/1104
f 1225/962/1102 1227/967/1105 1226/792/1103
f 1229/968/1106 1231/969/1107 1230/970/1108
f 1233/971/1109 1232/930/1110 1234/972/1111
f 1235/930/1112 1236/932/1113 1234/972/1114
f 1236/932/1115 1238/973/1116 1237/974/1117
f 1240/975/1118 1241/927/1119 1239/976/1120
f 1242/927/1121 1240/975/1122 1243/928/1123
f 1243/928/635 1245/977/1124 1244/978/1125
f 1247/845/1126 1248/847/892 1246/898/1127
f 1250/842/887 1251/841/1128 1249/880/1129
f 1253/979/1130 1252/776/1131 1254/980/1132
f 1256/781/1133 1255/981/1134 1257/982/1135
f 1258/983/1136 1260/984/1137 1259/985/1138
f 1260/984/1137 1258/983/1136 1261/986/1139
f 1262/987/1140 1264/983/1141 1263/988/1142
f 1263/988/1142 1264/983/1141 1265/985/1143
f 1266/989/1144 1268/968/1144 1267/970/1145
f 1269/987/1146 1271/990/1147 1270/991/1148
f 1271/990/1147 1269/987/1146 1272/988/1142
f 1274/992/1149 1275/964/1150 1273/963/1151
f 1276/986/1152 1278/993/1153 1277/984/1154
f 1278/993/1153 1276/986/1152 1279/994/1155
f 1281/995/1156 1282/996/173 1280/997/175
f 1284/998/1157 1285/999/1158 1283/1000/1159
f 1286/1001/1160 1288/995/1161 1287/1002/1162
f 1289/1003/1163 1291/1004/1164 1290/1005/1165
f 1291/1004/1164 1289/1003/1163 1292/1006/1166
f 1293/1007/1167 1295/1008/1168 1294/1009/1169
f 1295/1008/1168 1293/1007/1167 1296/1010/1170
f 1297/1011/1171 1299/1012/1172 1298/1013/1173
f 1299/1012/1172 1297/1011/1171 1300/1014/1174
f 1301/1015/1175 1303/1016/1176 1302/1017/1177
f 1305/1018/1178 1304/1019/1179 1306/1020/1179
f 1307/1021/1180 1309/1000/1181 1308/999/1182
f 1311/1022/254 1310/1023/1183 1312/1024/1184
f 1310/1023/1183 1313/1025/1185 1312/1024/1184
f 1313/1025/1185 1310/1023/1183 1314/1026/1186
s 0
f 1315/1027/1187 1317/1015/52 1316/1028/1188
s 1
f 1317/1015/1189 1315/1027/1190 1318/1016/1191
f 1319/1029/1192 1321/1030/1193 1320/1016/1194
f 1321/1030/1193 1319/1029/1192 1322/1031/1195
f 1323/1012/1196 1325/1032/1197 1324/1013/1198
f 1326/1033/1199 1328/1034/1200 1327/1035/1201
f 1328/1034/1200 1326/1033/1199 1329/1036/1202
f 1330/1016/1203 1332/1037/1204 1331/1027/1205
f 1332/1037/1204 1330/1016/1203 1333/1030/1206
f 1334/1038/1207 1336/1039/1208 1335/1040/1209
f 1336/1039/1208 1334/1038/1207 1337/1041/265
f 1338/1027/1210 1340/1028/1211 1339/1042/1212
f 1344/1043/1213 1341/1044/1214 1342/1045/1215
f 1341/1044/1214 1343/1046/1214 1342/1045/1215
f 1345/1047/1216 1347/1048/1217 1346/1049/1218
f 1348/1037/1219 1350/1042/1220 1349/1027/1221
f 1351/1050/1222 1353/1051/1223 1352/1052/1224
f 1353/1051/1223 1351/1050/1222 1354/1053/1225
f 1355/1034/1226 1357/1054/1227 1356/1035/1228
f 1358/1051/1229 1360/1055/1230 1359/1052/1231
f 1362/1056/1232 1361/1057/1233 1364/1058/1234
f 1362/1056/1232 1363/1059/1235 1361/1057/1233
f 1366/1060/1236 1367/1061/1237 1365/1062/1238
f 1365/1062/1238 1367/1061/1237 1368/1063/1239
f 1369/1064/1240 1371/1065/1241 1370/1066/1242
f 1371/1065/1241 1369/1064/1240 1372/1067/1243
f 1373/1068/1244 1375/1069/1245 1374/1070/1246
f 1375/1069/1245 1373/1068/1244 1376/1071/1247
f 1375/1069/1248 1378/1072/282 1377/1073/279
f 1379/1074/1249 1381/1075/1250 1380/1076/1251
f 1382/1077/1252 1384/1066/1253 1383/1078/1254
f 1384/1066/1253 1382/1077/1252 1385/1064/1255
f 1386/1079/1256 1388/1080/1257 1387/1081/1258
f 1388/1080/1257 1386/1079/1256 1389/1082/1259
f 1391/1083/1260 1393/1084/1261 1390/1085/1262
f 1390/1085/1262 1392/1086/1263 1391/1083/1260
f 1394/1087/1264 1396/1047/1265 1395/1049/1266
f 1397/1088/1267 1399/1089/1268 1398/1090/1269
f 1399/1089/1268 1397/1088/1267 1400/1091/1270
f 1401/1092/1271 1403/1093/1272 1402/1094/1273
f 1405/1093/1274 1404/1095/1275 1406/1096/1276
f 1407/1097/1277 1409/1098/1278 1408/1099/1279
f 1409/1098/1278 1407/1097/1277 1410/1100/1280
f 1412/1101/1281 1414/1102/1282 1411/1103/1283
f 1411/1103/1283 1413/1104/1281 1412/1101/1281
f 1415/1105/1284 1417/1090/1285 1416/1106/1286
f 1417/1090/1285 1415/1105/1284 1418/1088/1287
f 1419/1038/1288 1421/1040/1289 1420/1107/1290
f 1422/1063/1291 1424/1061/1292 1423/1108/1293
f 1425/1109/1294 1427/1110/1295 1426/1111/1296
f 1428/1112/1297 1430/1113/1298 1429/1114/1299
f 1430/1113/1298 1428/1112/1297 1431/1115/1300
f 1432/1116/1301 1433/1112/1297 1429/1114/1302
f 1432/1116/1301 1434/1117/1303 1433/1112/1297
f 1435/1118/1304 1437/1078/1305 1436/1119/1306
f 1437/1078/1305 1435/1118/1304 1438/1077/1307
f 1439/1120/1308 1441/1121/1309 1440/1122/1310
f 1440/1122/1310 1441/1121/1309 1442/1123/1311
f 1444/1124/1312 1443/1125/1313 1446/1126/1314
f 1444/1124/1312 1445/1127/1315 1443/1125/1313
f 1446/1126/1316 1448/1128/1317 1447/1124/1318
f 1449/1129/1319 1451/1130/1257 1450/1131/1320
f 1451/1130/1257 1449/1129/1319 1452/1132/1321
f 1453/1123/1322 1455/1121/1323 1454/1133/1324
f 1457/1134/1325 1458/1135/1326 1456/1136/1327
f 1456/1136/1327 1458/1135/1326 1459/1137/1328
f 1461/1138/1329 1460/1139/1330 1463/1140/1331
f 1461/1138/1329 1462/1141/1332 1460/1139/1330
f 1464/1137/1333 1466/1135/1334 1465/1142/1335
f 1467/1111/1336 1469/1143/1337 1468/1109/1338
f 1469/1143/1337 1467/1111/1336 1470/1144/1339
f 1471/1025/1340 1473/1026/1341 1472/1145/1342
f 1474/1146/1343 1476/1147/1344 1475/1148/1345
f 1477/1149/1346 1476/1147/1344 1474/1146/1343
f 1478/1076/1347 1475/1148/1348 1480/1074/1349
f 1478/1076/1347 1479/1146/1350 1475/1148/1348
f 1481/1150/1351 1483/1115/1352 1482/1151/1353
f 1483/1115/1352 1481/1150/1351 1484/1113/1354
f 1485/1086/1355 1487/1152/1356 1486/1153/1357
f 1488/1154/1358 1490/1155/1359 1489/1156/524
f 1490/1155/1359 1488/1154/1358 1491/1157/1360
f 1492/1158/1361 1494/1159/1362 1493/1160/1363
f 1493/1160/1363 1494/1159/1362 1495/1161/1364
f 1496/1162/1365 1498/1163/1366 1497/1123/1367
f 1500/1164/432 1501/1165/382 1499/1166/1368
f 1502/1161/1369 1504/1159/1370 1503/1167/1371
f 1505/1058/1372 1507/1168/1373 1506/1056/1374
f 1508/1079/1375 1510/1169/1376 1509/1082/1377
f 1512/1170/1378 1511/1171/1233 1514/1172/1379
f 1512/1170/1378 1513/1173/1315 1511/1171/1233
f 1515/1086/1380 1516/1174/1381 1518/1153/1382
f 1515/1086/1380 1517/1085/1383 1516/1174/1381
f 1519/1163/1384 1521/1133/1385 1520/1123/1386
f 1522/1068/1387 1524/1070/1246 1523/1175/1388
f 1525/1176/1389 1527/1177/1257 1526/1178/524
f 1527/1177/1257 1525/1176/1389 1528/1179/1390
f 1529/1001/1391 1531/997/1392 1530/995/1393
f 1531/997/1392 1529/1001/1391 1532/1180/1394
f 1533/1129/1395 1535/1181/1396 1534/1132/1397
f 1537/1182/1398 1536/1183/1399 1538/1184/1400
f 1539/1105/1401 1541/1103/1402 1540/1102/1402
f 1542/1144/1403 1544/1185/1404 1543/1143/1405
f 1542/1144/1403 1545/1186/1406 1544/1185/1404
f 1547/1187/432 1548/1188/382 1546/1189/1407
f 1550/1043/1408 1549/1044/1409 1551/1190/1410
f 1552/1140/1411 1554/1191/1412 1553/1138/1413
f 1555/1148/1414 1557/1192/1415 1556/1147/1416
f 1557/1192/1415 1555/1148/1414 1558/1193/1417
f 1559/1074/1418 1558/1193/1417 1555/1148/1414
f 1560/1194/1419 1562/1085/1420 1561/1084/1421
f 1562/1085/1420 1560/1194/1419 1563/1195/1422
f 1564/1118/1423 1566/1119/1424 1565/1196/1425
f 1568/1197/1426 1567/1198/1330 1570/1199/1427
f 1568/1197/1426 1569/1200/1315 1567/1198/1330
f 1570/1199/1428 1572/1201/1429 1571/1197/1430
f 1573/1150/1431 1575/1151/1353 1574/1202/1432
f 1576/1197/1433 1578/1203/1257 1577/1200/1320
f 1578/1203/1257 1576/1197/1433 1579/1204/1434
f 1580/1154/1435 1582/1205/1436 1581/1157/1437
f 1583/1143/1438 1585/1206/1439 1584/1185/1440
f 1587/1207/432 1588/1208/382 1586/1209/1368
f 1590/1210/1441 1589/1184/1442 1591/1211/939
f 1592/1172/1443 1594/1212/1444 1593/1170/1445
f 1596/1176/1329 1595/1213/1330 1598/1214/1312
f 1596/1176/1329 1597/1178/1235 1595/1213/1330
f 1599/1176/1446 1601/1215/1447 1600/1179/1448
f 1602/1109/1449 1604/1216/1450 1603/1143/1451
f 1605/1170/1452 1607/1217/1257 1606/1173/524
f 1607/1217/1257 1605/1170/1452 1608/1218/1453
f 1609/1183/1454 1611/1211/1455 1610/1184/1456
f 1612/1197/1395 1614/1201/1457 1613/1204/1397
f 1616/1219/432 1617/1220/382 1615/1221/1368
f 1618/1111/1458 1620/1222/1459 1619/1144/1460
f 1620/1222/1459 1618/1111/1458 1621/1223/1461
f 1618/1111/1458 1622/1110/1462 1621/1223/1461
f 1624/1154/1232 1623/1224/1233 1626/1225/1463
f 1624/1154/1232 1625/1156/1235 1623/1224/1233
f 1627/1214/1318 1629/1215/1464 1628/1176/1413
f 1630/1159/1465 1632/1226/1466 1631/1167/1467
f 1633/1138/1468 1635/1227/1469 1634/1141/1320
f 1635/1227/1469 1633/1138/1468 1636/1228/1470
f 1637/1229/1471 1639/1159/1472 1638/1158/1473
f 1639/1159/1472 1637/1229/1471 1640/1226/1474
f 1641/1170/1475 1643/1212/1476 1642/1218/1477
f 1644/1045/1478 1646/1230/1479 1645/1231/1480
f 1646/1230/1479 1644/1045/1478 1647/1046/1481
f 1649/1232/432 1650/1233/382 1648/1234/1482
f 1651/1144/1483 1653/1235/1484 1652/1186/1485
f 1653/1235/1484 1651/1144/1483 1654/1222/1486
f 1655/1225/1487 1657/1205/1488 1656/1154/1374
f 1658/1135/1489 1660/1236/1490 1659/1142/1491
f 1661/1138/1492 1663/1191/1493 1662/1228/1494
f 1664/1237/1495 1666/1096/1033 1665/1095/1496
f 1667/1076/1497 1669/1238/1498 1668/1146/1499
f 1669/1238/1498 1667/1076/1497 1670/1239/1500
f 1672/1129/1501 1671/1240/1330 1674/1241/1502
f 1672/1129/1501 1673/1131/1315 1671/1240/1330
f 1674/1241/1503 1676/1181/1504 1675/1129/1505
f 1677/1216/1506 1679/1222/1507 1678/1206/1508
f 1680/1124/1509 1682/1242/1359 1681/1127/1320
f 1682/1242/1359 1680/1124/1509 1683/1243/1510
f 1684/1244/1511 1686/1135/1512 1685/1134/1513
f 1686/1135/1512 1684/1244/1511 1687/1236/1514
f 1688/1195/1515 1690/1174/1516 1689/1085/1517
f 1690/1174/1516 1688/1195/1515 1691/1245/1518
f 1690/1174/1516 1691/1245/1518 1692/1246/1519
f 1693/1121/1520 1695/1247/1521 1694/1133/1522
f 1697/1248/432 1698/1249/382 1696/1250/1368
f 1699/1124/1523 1701/1128/1524 1700/1243/1525
f 1703/1079/1329 1702/1251/1330 1705/1252/1526
f 1703/1079/1329 1704/1081/1332 1702/1251/1330
f 1706/1061/1527 1708/1253/1528 1707/1108/1529
f 1709/1254/1530 1711/1121/1531 1710/1120/1532
f 1711/1121/1531 1709/1254/1530 1712/1247/1533
f 1713/1114/1534 1715/1255/1535 1714/1256/1536
f 1715/1255/1535 1713/1114/1534 1716/1113/1270
f 1717/1056/1537 1719/1257/1359 1718/1059/524
f 1719/1257/1359 1717/1056/1537 1720/1258/1538
f 1721/1259/1004 1723/1067/1539 1722/1064/1540
f 1723/1067/1539 1721/1259/1004 1724/1260/1539
f 1725/1252/1541 1727/1169/1542 1726/1079/1413
f 1728/1116/1543 1730/1256/1534 1729/1261/1544
f 1730/1256/1534 1728/1116/1543 1731/1114/1534
f 1732/1056/1545 1734/1168/1546 1733/1258/1547
f 1736/1262/432 1737/1263/382 1735/1264/1368
f 1738/1265/1548 1740/1097/1548 1739/1266/1549
f 1740/1097/1548 1741/1099/1550 1739/1266/1549
f 1742/1267/1551 1744/1061/1552 1743/1060/1553
f 1744/1061/1552 1742/1267/1551 1745/1253/1554
f 1746/1072/1555 1748/1268/1556 1747/1269/1557
f 1748/1268/1556 1746/1072/1555 1749/1071/1558
f 1750/1245/1559 1752/1152/1560 1751/1195/1561
f 1754/1216/1562 1753/1223/985 1755/1222/1563
f 1756/1146/1564 1758/1270/1565 1757/1149/1566
f 1758/1270/1565 1756/1146/1564 1759/1238/1567
f 1760/1193/1568 1762/1238/1569 1761/1192/1570
f 1760/1193/1571 1764/1239/1572 1763/1238/1573
f 1765/1247/1574 1767/1133/1575 1766/1163/1576
f 1768/1271/1577 1770/1269/1578 1769/1272/1579
f 1770/1269/1578 1768/1271/1577 1771/1072/1580
f 1773/1273/432 1774/1274/382 1772/1275/1407
f 1775/1041/1581 1777/1038/1582 1776/1276/1583
f 1776/1276/1583 1777/1038/1582 1778/1277/1584
f 1779/1101/1585 1781/1278/1586 1780/1102/1587
f 1781/1278/1586 1779/1101/1585 1782/1279/1585
f 1783/1022/1588 1785/1280/1589 1784/1281/1588
f 1785/1280/1589 1783/1022/1588 1786/1024/1590
f 1787/1282/1431 1789/1283/1353 1788/1284/1591
f 1790/1285/1592 1792/1091/1298 1791/1088/1593
f 1792/1091/1298 1790/1285/1592 1793/1286/1300
f 1794/1105/1594 1795/1285/1592 1791/1088/1595
f 1796/1287/1596 1795/1285/1592 1794/1105/1594
f 1798/1288/1597 1799/1047/1598 1797/1289/1599
f 1797/1289/1599 1799/1047/1598 1800/1087/1600
f 1801/1290/1601 1803/1047/1602 1802/1288/1603
f 1803/1047/1602 1801/1290/1601 1804/1048/1604
f 1805/1291/1605 1807/1292/1605 1806/1293/1605
f 1807/1292/1605 1808/1294/1606 1806/1293/1605
f 1810/1247/1607 1811/1163/1608 1809/1295/1609
f 1812/1277/1610 1814/1038/1611 1813/1107/1612
f 1815/1116/1613 1817/1266/1614 1816/1099/1615
f 1818/1296/1616 1820/1297/1617 1819/1298/1618
f 1821/1282/1619 1823/1286/1352 1822/1283/1620
f 1823/1286/1352 1821/1282/1619 1824/1091/1621
f 1826/1299/432 1827/1300/382 1825/1301/1368
f 1828/1302/1622 1830/1055/1623 1829/1051/1624
f 1831/1303/1625 1833/1304/1626 1832/996/1627
f 1835/1190/1628 1836/1231/1629 1834/1305/1630
f 1836/1231/1629 1835/1190/1628 1837/1230/1631
f 1838/1306/1632 1840/1054/1633 1839/1034/1634
f 1841/1307/1635 1843/1281/1636 1842/1308/1637
f 1843/1281/1636 1841/1307/1635 1844/1022/1636
f 1845/1053/1638 1847/1309/1639 1846/1051/1640
f 1847/1309/1639 1848/1302/1641 1846/1051/1640
f 1849/1030/1642 1851/1310/1300 1850/1037/1643
f 1851/1310/1300 1852/1311/1644 1850/1037/1643
f 1852/1311/1645 1854/1042/1646 1853/1037/1647
f 1855/1036/1648 1857/1312/1649 1856/1034/1650
f 1857/1312/1649 1858/1306/1651 1856/1034/1650
f 1859/1310/1652 1861/1030/1653 1860/1313/1654
f 1862/1031/1655 1860/1313/1654 1861/1030/1653
f 1863/1314/1656 1865/1032/1657 1864/1012/1658
f 1867/1020/1659 1866/1315/1659 1868/1018/1659
f 1869/1028/1660 1871/1311/1661 1870/1042/1662
f 1872/1014/1663 1874/1316/1664 1873/1012/1665
f 1874/1316/1664 1875/1314/1666 1873/1012/1665
f 1876/1006/1667 1878/1317/1668 1877/1004/1669
f 1878/1317/1668 1879/1318/1670 1877/1004/1669
s 0
f 1880/1015/1671 1881/1311/1672 1883/1028/52
s 1
f 1880/1015/1673 1882/1310/1674 1881/1311/1675
f 1884/1310/1676 1886/1015/1677 1885/1017/740
f 1887/1319/1148 1889/1320/1678 1888/1321/1679
f 1893/1321/1680 1890/1319/1681 1891/1008/1682
f 1890/1319/1681 1892/1009/1683 1891/1008/1682
f 1895/1001/1684 1896/1322/1685 1894/1180/1686
f 1895/1001/1684 1897/1304/1687 1896/1322/1685
f 1902/749/1688 1898/1323/1689 1899/763/1690
f 1898/1323/1689 1900/761/1691 1899/763/1690
f 1900/761/1691 1898/1323/1689 1901/1324/1692
f 1903/1325/1693 1898/1323/1689 1902/749/1688
f 1904/1326/1694 1906/759/1695 1905/1327/1696
f 1906/759/1695 1904/1326/1694 1907/762/1697
f 1904/1326/1694 1908/746/1698 1907/762/1697
f 1908/746/1698 1904/1326/1694 1909/1328/1699
f 1910/758/1700 1911/1327/1696 1913/759/1701
f 1910/758/1700 1912/1329/1702 1911/1327/1696
f 1914/761/1703 1916/1324/1692 1915/758/1704
f 1916/1324/1692 1917/1329/1704 1915/758/1704
f 1922/745/1705 1918/1330/1706 1919/757/1707
f 1918/1330/1706 1920/754/1708 1919/757/1707
f 1920/754/1708 1918/1330/1706 1921/1331/1709
f 1923/1332/1710 1918/1330/1706 1922/745/1705
f 1924/1333/1711 1926/755/1712 1925/1334/1713
f 1926/755/1712 1924/1333/1711 1927/756/1714
f 1924/1333/1711 1928/744/1715 1927/756/1714
f 1928/744/1715 1924/1333/1711 1929/1335/1716
f 1930/752/797 1932/1336/797 1931/1334/798
f 1933/1331/801 1935/1336/797 1934/752/797
f 1936/1325/1693 1938/749/1688 1937/750/1717
f 1939/1328/1718 1941/748/1719 1940/746/1720
f 1943/1334/1721 1944/713/1722 1942/1333/1163
f 1944/713/1722 1943/1334/1721 1945/712/1723
f 1947/708/1724 1948/1331/1725 1946/1330/1726
f 1948/1331/1725 1947/708/1724 1949/711/1727
f 1950/736/1728 1951/737/1729 1953/738/1730
f 1950/736/1728 1952/739/1731 1951/737/1729
f 1954/741/1732 1956/740/1733 1955/736/1734
f 1956/740/1733 1957/739/1735 1955/736/1734
f 1959/1327/1736 1960/721/1737 1958/1326/1738
f 1960/721/1737 1959/1327/1736 1961/720/1739
f 1963/716/1740 1964/1324/1741 1962/1323/1742
f 1964/1324/1741 1963/716/1740 1965/719/1743
f 1967/740/1744 1968/741/1177 1966/743/1745
f 1970/737/1746 1969/742/1747 1971/738/1730
f 1972/1332/1748 1974/745/1749 1973/691/1750
f 1975/1335/1751 1977/698/1752 1976/744/1753
f 1978/697/1754 1980/698/1755 1979/1335/1756
f 1981/692/1757 1983/1332/1758 1982/691/1759
f 1984/734/1760 1985/678/1761 1987/724/1762
f 1984/734/1760 1986/735/1763 1985/678/1761
f 1988/726/1764 1990/673/1765 1989/734/1766
f 1990/673/1765 1991/735/1767 1989/734/1766
f 1992/1337/1768 1994/1338/1769 1993/1339/1768
f 1993/1339/1768 1994/1338/1769 1995/1340/1769
f 1996/1338/1770 1998/1341/1771 1997/1340/1769
f 1998/1341/1771 1996/1338/1770 1999/1342/1771
f 2000/674/1772 2002/726/1773 2001/1343/1774
f 2002/726/1773 2000/674/1772 2003/673/1775
f 2004/679/1776 2006/724/1777 2005/678/1778
f 2006/724/1777 2004/679/1776 2007/1344/1779
f 2008/1343/1780 2010/731/1781 2009/674/1782
f 2010/731/1781 2008/1343/1780 2011/732/1783
f 2012/1344/1784 2014/728/1785 2013/729/1786
f 2014/728/1785 2012/1344/1784 2015/679/1787
f 2020/705/1788 2016/1345/1789 2017/704/1790
f 2016/1345/1789 2018/699/1691 2017/704/1790
f 2018/699/1691 2016/1345/1789 2019/1346/1692
f 2021/1347/1791 2016/1345/1789 2020/705/1788
f 2022/1348/1792 2024/694/1793 2023/1349/1696
f 2024/694/1793 2022/1348/1792 2025/700/1794
f 2022/1348/1792 2026/701/1795 2025/700/1794
f 2026/701/1795 2022/1348/1792 2027/1350/1796
f 2028/693/1797 2029/1349/1696 2031/694/1701
f 2028/693/1797 2030/1351/1798 2029/1349/1696
f 2032/699/1703 2034/1346/1692 2033/693/1799
f 2034/1346/1692 2035/1351/1799 2033/693/1799
f 2036/677/1800 2038/678/1801 2037/676/1802
f 2038/678/1801 2036/677/1800 2039/679/1803
f 2040/672/1804 2042/673/1805 2041/674/1806
f 2042/673/1805 2040/672/1804 2043/675/1807
f 2044/731/1781 2046/732/1781 2045/733/1808
f 2047/728/1809 2049/730/1810 2048/729/1809
f 2050/1352/1811 2052/1337/1812 2051/1339/1812
f 2052/1337/1812 2050/1352/1811 2053/1353/1813
f 2054/1342/1814 2056/1354/1214 2055/1341/1814
f 2056/1354/1214 2054/1342/1814 2057/1355/1815
f 2058/669/1816 2060/1349/1817 2059/668/1818
f 2060/1349/1817 2058/669/1816 2061/1348/1819
f 2062/664/1820 2064/1346/1821 2063/1345/1822
f 2064/1346/1821 2062/664/1820 2065/667/1823
f 2066/1347/1791 2068/705/1824 2067/707/1825
f 2069/1350/1796 2071/703/1826 2070/701/1827
f 2072/1356/1828 2074/1357/1829 2073/1358/1828
f 2074/1357/1829 2072/1356/1828 2075/1359/1830
f 2076/1360/1831 2078/1356/1828 2077/1358/1828
f 2078/1356/1828 2076/1360/1831 2079/1361/1832
f 2080/1362/1833 2082/1360/1834 2081/1363/1835
f 2082/1360/1834 2080/1362/1833 2083/1361/1836
f 2084/1357/1837 2086/1364/1838 2085/1365/1839
f 2086/1364/1838 2084/1357/1837 2087/1359/1840
f 2088/1366/1828 2090/1367/1841 2089/1368/1842
f 2090/1367/1841 2088/1366/1828 2091/1369/1830
f 2092/1370/1843 2094/1366/1828 2093/1368/1844
f 2094/1366/1828 2092/1370/1843 2095/1371/1832
f 2097/1372/1845 2096/1373/1846 2098/1374/1847
f 2098/1374/1847 2099/1375/1847 2097/1372/1845
f 2101/1376/1848 2100/1377/826 2102/1378/826
f 2103/1379/1849 2105/1380/1850 2104/1381/1851
f 2104/1381/1851 2105/1380/1850 2106/1382/1852
f 2106/1382/1853 2108/1383/1854 2107/1381/1855
f 2109/1377/832 2111/1384/831 2110/1378/832
f 2112/1385/1856 2114/1386/1857 2113/1387/1858
f 2114/1386/1857 2112/1385/1856 2115/1388/1859
f 2116/1389/1860 2118/1390/1861 2117/1391/1862
f 2117/1391/1862 2118/1390/1861 2119/1392/1863
f 2120/1393/1833 2122/1370/1834 2121/1394/1864
f 2122/1370/1834 2120/1393/1833 2123/1371/1836
f 2124/1367/1837 2126/1395/1865 2125/1396/1866
f 2126/1395/1865 2124/1367/1837 2127/1369/1867
f 2128/1375/1868 2130/1374/1868 2129/1397/1869
f 2131/1398/1828 2133/1399/1870 2132/1400/1871
f 2133/1399/1870 2131/1398/1828 2134/1401/1867
f 2135/1402/1872 2137/1398/1873 2136/1400/1874
f 2137/1398/1873 2135/1402/1872 2138/1403/1836
f 2139/1404/1875 2141/1402/1876 2140/1405/1877
f 2141/1402/1876 2139/1404/1875 2142/1403/1878
f 2143/1391/1879 2145/1406/1880 2144/1407/1881
f 2144/1407/1881 2145/1406/1880 2146/1408/1880
f 2147/1406/1880 2149/1409/1882 2148/1408/1880
f 2147/1406/1880 2150/1386/1883 2149/1409/1882
f 2151/1399/1837 2153/1410/1884 2152/1411/1839
f 2153/1410/1884 2151/1399/1837 2154/1401/1840
f 2155/1356/1885 2156/1412/1886 2158/1359/1887
f 2155/1356/1885 2157/1413/1888 2156/1412/1886
f 2159/1361/1889 2161/1414/1890 2160/1356/1885
f 2161/1414/1890 2162/1413/1891 2160/1356/1885
f 2163/1415/1892 2165/1391/1893 2164/1407/1894
f 2165/1391/1893 2163/1415/1892 2166/1389/1365
f 2167/1388/1895 2169/1416/1896 2168/1386/1883
f 2171/1417/1897 2170/1359/1898 2172/1412/1886
f 2173/1364/1899 2175/1417/1900 2174/1418/1901
f 2177/1361/1902 2176/1419/1903 2178/1414/1904
f 2180/1420/1905 2181/1421/1906 2179/1362/1907
f 2182/1422/1908 2184/1423/1909 2183/1424/1910
f 2183/1424/1910 2184/1423/1909 2185/1425/1911
f 2186/1426/1912 2188/1427/1913 2187/1428/1914
f 2188/1427/1913 2186/1426/1912 2189/1429/1915
f 2191/1430/1916 2190/1389/1917 2192/1415/1918
f 2194/1388/1895 2193/1431/1919 2195/1416/1920
f 2196/1432/1921 2198/1433/1922 2197/1434/1923
f 2198/1433/1922 2196/1432/1921 2199/1435/1728
f 2200/1433/852 2201/1436/1924 2197/1434/852
f 2203/1436/1924 2202/1437/1925 2204/1438/1926
f 2204/1438/1926 2205/1439/1927 2203/1436/1924
f 2206/1440/858 2208/1441/1928 2207/1442/1928
f 2209/1443/1929 2211/1440/858 2210/1444/1930
f 2210/1444/1930 2211/1440/858 2212/1445/1931
f 2213/1446/1932 2215/1447/1933 2214/1418/1934
f 2216/1441/1935 2218/1435/1799 2217/1442/1936
f 2217/1442/1936 2218/1435/1799 2219/1432/1937
f 2220/1356/1828 2222/1357/1829 2221/1358/1828
f 2222/1357/1829 2220/1356/1828 2223/1359/1830
f 2224/1360/1831 2226/1356/1828 2225/1358/1828
f 2226/1356/1828 2224/1360/1831 2227/1361/1832
f 2228/1421/1938 2230/1420/1905 2229/1448/1939
f 2231/1362/1875 2233/1360/1834 2232/1363/1877
f 2233/1360/1834 2231/1362/1875 2234/1361/1836
f 2235/1357/1837 2237/1364/1940 2236/1365/1839
f 2237/1364/1940 2235/1357/1837 2238/1359/1941
f 2239/1366/1942 2240/1449/1943 2242/1369/1887
f 2239/1366/1942 2241/1450/1888 2240/1449/1943
f 2243/1371/1944 2245/1451/1890 2244/1366/1942
f 2245/1451/1890 2246/1450/1891 2244/1366/1942
f 2247/1445/1945 2249/1452/1946 2248/1444/1947
f 2250/1439/1948 2252/1438/1949 2251/1453/1950
f 2254/1454/1951 2253/1369/1887 2255/1449/1952
f 2256/1395/1953 2258/1454/1954 2257/1455/1955
f 2260/1371/1956 2259/1456/1957 2261/1451/1890
f 2263/1457/1958 2264/1458/1959 2262/1393/1960
f 2265/1424/1961 2267/1459/1962 2266/1460/1963
f 2266/1460/1963 2267/1459/1962 2268/590/1880
f 2269/1459/1921 2271/1461/1964 2270/590/1880
f 2271/1461/1964 2269/1459/1921 2272/1427/1965
f 2273/1462/1966 2275/1424/1967 2274/1460/1968
f 2275/1424/1967 2273/1462/1966 2276/1422/1969
f 2276/1422/1970 2278/1462/1971 2277/1463/1972
f 2277/1463/1972 2278/1462/1971 2279/1464/1973
f 2280/1427/1974 2282/1465/1975 2281/1461/1964
f 2282/1465/1975 2280/1427/1974 2283/1429/1976
f 2282/1465/1975 2283/1429/1976 2284/1466/1977
f 2284/1466/1977 2285/1467/1978 2282/1465/1975
f 2285/1467/1979 2287/1466/1980 2286/1468/1981
f 2288/1469/1982 2290/1470/1983 2289/1471/1984
f 2291/1366/1828 2293/1367/1841 2292/1368/1842
f 2293/1367/1841 2291/1366/1828 2294/1369/1830
f 2295/1370/1843 2297/1366/1828 2296/1368/1844
f 2297/1366/1828 2295/1370/1843 2298/1371/1832
f 2299/1472/1985 2301/1473/1986 2300/1474/1987
f 2302/1464/1988 2304/1475/1989 2303/1463/1990
f 2305/1476/1991 2307/1477/1992 2306/1455/1993
f 2308/1398/1888 2309/1478/1943 2311/1401/1994
f 2308/1398/1888 2310/1479/1995 2309/1478/1943
f 2312/1403/1956 2314/1480/1890 2313/1398/1891
f 2314/1480/1890 2315/1479/1996 2313/1398/1891
f 2316/1393/1833 2318/1370/1876 2317/1394/1835
f 2318/1370/1876 2316/1393/1833 2319/1371/1836
f 2320/1458/1997 2322/1457/1998 2321/1481/1999
f 2323/1367/1837 2325/1395/1233 2324/1396/1839
f 2325/1395/1233 2323/1367/1837 2326/1369/1941
f 2328/1482/2000 2327/1401/1898 2329/1478/1886
f 2330/1410/2001 2332/1482/2002 2331/1483/2003
f 2334/1403/2004 2333/1484/1903 2335/1480/2005
f 2337/1485/2006 2338/1486/2006 2336/1404/1960
f 2340/478/2007 2339/1487/2008 2341/1488/2009
f 2342/1489/2010 2344/482/2011 2343/1490/2012
f 2345/1491/2013 2347/1492/2014 2346/1483/2015
f 2348/1493/2016 2350/1494/2017 2349/1495/2018
f 2352/1496/2019 2351/1497/2020 2353/1498/2021
f 2354/1486/2022 2356/1485/2022 2355/1499/2023
f 2357/1398/2024 2359/1399/1870 2358/1400/1874
f 2359/1399/1870 2357/1398/2024 2360/1401/1867
f 2361/1402/1872 2363/1398/1873 2362/1400/1874
f 2363/1398/1873 2361/1402/1872 2364/1403/2025
f 2365/1399/1837 2367/1410/1884 2366/1411/1839
f 2367/1410/1884 2365/1399/1837 2368/1401/1840
f 2369/1500/2026 2371/1495/2027 2370/1501/2026
f 2371/1495/2027 2369/1500/2026 2372/1493/2028
f 2373/1498/2029 2375/1500/2026 2374/1496/2030
f 2374/1496/2030 2375/1500/2026 2376/1501/2026
f 2377/570/2031 2379/1502/2032 2378/569/2033
f 2380/539/2034 2381/1503/2035 2379/1502/2036
f 2383/1504/2037 2384/567/2038 2382/568/2039
f 2385/1505/2040 2386/543/2041 2383/1504/2042
f 2387/1356/1885 2388/1412/1943 2390/1359/1887
f 2387/1356/1885 2389/1413/1888 2388/1412/1943
f 2391/1361/1889 2393/1414/1890 2392/1356/1885
f 2393/1414/1890 2394/1413/1891 2392/1356/1885
f 2395/510/2043 2397/508/2044 2396/1488/2045
f 2398/505/2046 2400/506/2047 2399/1490/2048
f 2401/1404/1875 2403/1402/1876 2402/1405/1835
f 2403/1402/1876 2401/1404/1875 2404/1403/1878
f 2406/1417/2000 2405/1359/2049 2407/1412/1886
f 2408/1364/1899 2410/1417/1900 2409/1418/2050
f 2412/1361/2051 2411/1419/2052 2413/1414/2053
f 2415/1420/2054 2416/1421/1938 2414/1362/1907
f 2417/1446/1932 2419/1506/2055 2418/1418/1932
f 2420/1421/1938 2422/1420/2056 2421/1507/2057
f 2423/1357/1837 2425/1364/1884 2424/1365/1839
f 2425/1364/1884 2423/1357/1837 2426/1359/1840
f 2427/1362/1833 2429/1360/1876 2428/1363/2058
f 2429/1360/1876 2427/1362/1833 2430/1361/1836
f 2431/1356/1828 2433/1357/1829 2432/1358/1828
f 2433/1357/1829 2431/1356/1828 2434/1359/1830
f 2435/1360/1831 2437/1356/1828 2436/1358/1828
f 2437/1356/1828 2435/1360/1831 2438/1361/1832
f 2439/1371/2059 2441/1451/1890 2440/1366/1942
f 2441/1451/1890 2442/1450/1996 2440/1366/1942
f 2443/1366/2060 2444/1449/1943 2446/1369/1887
f 2443/1366/2060 2445/1450/2061 2444/1449/1943
f 2448/1454/1951 2447/1369/1887 2449/1449/2062
f 2450/1395/2063 2452/1454/2064 2451/1455/2065
f 2454/1371/2066 2453/1456/1957 2455/1451/1890
f 2457/1457/1959 2458/1458/2067 2456/1393/1960
f 2459/1476/2068 2461/1508/2069 2460/1455/2070
f 2462/1458/2071 2464/1457/1997 2463/1509/2072
f 2466/1503/2073 2467/1510/2074 2465/1502/2075
f 2468/1511/2076 2470/1505/2077 2469/1504/1011
f 2471/1366/1828 2473/1367/2078 2472/1368/1842
f 2473/1367/2078 2471/1366/1828 2474/1369/1830
f 2475/1370/1843 2477/1366/1828 2476/1368/1844
f 2477/1366/1828 2475/1370/1843 2478/1371/1832
f 2480/1512/2079 2479/660/2080 2481/1513/2081
f 2483/1514/2082 2484/1515/2083 2482/661/2084
f 2485/1403/2066 2487/1480/2085 2486/1398/1996
f 2487/1480/2085 2488/1479/2086 2486/1398/1996
f 2489/1398/2087 2490/1478/1943 2492/1401/1994
f 2489/1398/2087 2491/1479/1995 2490/1478/1943
f 2493/1393/1833 2495/1370/2088 2494/1394/2089
f 2495/1370/2088 2493/1393/1833 2496/1371/1836
f 2497/1367/2090 2499/1395/2091 2498/1396/2092
f 2499/1395/2091 2497/1367/2090 2500/1369/1867
f 2501/1491/2093 2503/1516/2094 2502/1483/2095
f 2505/1482/2000 2504/1401/1994 2506/1478/1886
f 2507/1410/2096 2509/1482/2097 2508/1483/2098
f 2510/1486/2022 2512/1485/2099 2511/1517/2100
f 2514/1403/2101 2513/1484/2102 2515/1480/2103
f 2517/1485/2104 2518/1486/2105 2516/1404/1960
f 2519/1399/1837 2521/1410/1884 2520/1411/1839
f 2521/1410/1884 2519/1399/1837 2522/1401/1840
f 2523/1398/2024 2525/1399/1829 2524/1400/1871
f 2525/1399/1829 2523/1398/2024 2526/1401/1867
f 2527/1402/1872 2529/1398/1873 2528/1400/1874
f 2529/1398/1873 2527/1402/1872 2530/1403/2025
f 2531/1446/2106 2533/1518/2107 2532/1418/2108
f 2534/1421/2109 2536/1420/2109 2535/1519/2110
f 2537/1361/1944 2539/1414/1890 2538/1356/1885
f 2539/1414/1890 2540/1413/1891 2538/1356/1885
f 2541/1356/1885 2542/1412/1952 2544/1359/1887
f 2541/1356/1885 2543/1413/1888 2542/1412/1952
f 2545/1404/1875 2547/1402/1834 2546/1405/1835
f 2547/1402/1834 2545/1404/1875 2548/1403/1878
f 2550/1417/1897 2549/1359/2049 2551/1412/1886
f 2552/1364/1899 2554/1417/2111 2553/1418/2112
f 2556/1361/1902 2555/1419/1903 2557/1414/1904
f 2559/1420/2109 2560/1421/2109 2558/1362/2113
f 2561/1458/2114 2563/1457/2115 2562/1520/2116
f 2564/1476/2117 2566/1521/2118 2565/1455/2070
f 2567/1522/2119 2568/1523/2120 2570/1524/2121
f 2568/1523/2120 2567/1522/2119 2569/1525/2122
f 2571/1526/2123 2573/1527/2124 2572/483/2125
f 2574/1371/2126 2576/1451/1890 2575/1366/1942
f 2576/1451/1890 2577/1450/1891 2575/1366/1942
f 2578/1366/1942 2579/1449/1943 2581/1369/1887
f 2578/1366/1942 2580/1450/2087 2579/1449/1943
f 2582/627/2127 2584/1528/2128 2583/521/2129
f 2585/1529/2130 2587/1488/1562 2586/508/2131
f 2588/626/2132 2590/519/2133 2589/1530/2134
f 2592/1531/2135 2591/1532/2136 2593/1533/2137
f 2594/1534/2138 2593/1533/2137 2591/1532/2136
f 2596/1490/2139 2595/1535/2140 2597/505/2141
f 2599/1454/2142 2598/1369/1887 2600/1449/2143
f 2601/1395/1953 2603/1454/2144 2602/1455/2145
f 2605/1371/1956 2604/1456/1957 2606/1451/1890
f 2608/1457/2146 2609/1458/2147 2607/1393/1960
f 2611/1536/2148 2610/1537/2149 2612/486/2150
f 2613/1538/2151 2615/1539/2152 2614/1540/2153
f 2615/1539/2152 2616/1541/2153 2614/1540/2153
f 2617/1540/2153 2618/1542/2154 2620/1543/1484
f 2617/1540/2153 2619/1541/2153 2618/1542/2154
f 2621/1544/2155 2623/1545/2156 2622/1546/2157
f 2623/1545/2156 2621/1544/2155 2624/1547/2158
f 2625/1486/2159 2627/1485/2159 2626/1548/2160
f 2628/1491/2161 2630/1549/2162 2629/1483/2163
f 2631/1550/2164 2633/1551/2165 2632/1552/2164
f 2633/1551/2165 2631/1550/2164 2634/1553/2166
f 2635/1554/2167 2636/1533/2168 2638/1534/2169
f 2635/1554/2167 2637/1555/2170 2636/1533/2168
f 2639/1524/2171 2641/1523/2172 2640/1554/2173
f 2641/1523/2172 2642/1555/2174 2640/1554/2173
f 2643/1403/2066 2645/1480/1890 2644/1398/1891
f 2645/1480/1890 2646/1479/2175 2644/1398/1891
f 2647/1398/2176 2648/1478/1886 2650/1401/1994
f 2647/1398/2176 2649/1479/1888 2648/1478/1886
f 2651/441/2177 2653/445/2177 2652/1556/2178
f 2655/1556/2179 2654/443/2180 2656/441/2180
f 2658/1482/2000 2657/1401/1994 2659/1478/1886
f 2660/1410/2181 2662/1482/2097 2661/1483/2182
f 2664/1403/2101 2663/1484/2102 2665/1480/2103
f 2667/1485/2183 2668/1486/2184 2666/1404/2185
f 2669/1557/2186 2671/1558/2187 2670/1559/2188
f 2672/1560/1120 2674/1561/2189 2673/1562/2190
f 2675/518/2191 2677/1563/2192 2676/1564/2193
f 2678/1565/2194 2680/1566/2195 2679/1567/2196
f 2681/1568/2197 2683/1569/2198 2682/1564/2199
f 2683/1569/2198 2681/1568/2197 2684/1570/2200
f 2685/1565/2201 2687/1568/2200 2686/1566/2202
f 2687/1568/2200 2685/1565/2201 2688/1570/2200
f 2689/1571/2203 2691/1572/2204 2690/1573/2205
f 2692/1574/2206 2694/1575/2207 2693/1576/2208
f 2696/1575/2209 2698/1577/1135 2695/1578/2210
f 2695/1578/2210 2697/1579/2211 2696/1575/2209
f 2699/1580/1132 2701/1571/2212 2700/1581/2213
f 2700/1581/2213 2701/1571/2212 2702/1582/2214
f 2703/1579/2215 2705/1578/2216 2704/1583/2217
f 2706/1582/2218 2708/1584/2219 2707/1581/2218
f 2709/1585/2220 2711/1576/2221 2710/1586/2222
f 2711/1576/2221 2709/1585/2220 2712/1574/2223
f 2713/1572/2224 2715/1585/2220 2714/1573/2225
f 2714/1573/2225 2715/1585/2220 2716/1586/2226
f 2717/1587/2227 2719/1560/2228 2718/1562/2229
f 2719/1560/2228 2717/1587/2227 2720/1588/2230
f 2721/1558/2231 2723/1587/2227 2722/1559/2232
f 2723/1587/2227 2721/1558/2231 2724/1588/2230
f 2725/399/2233 2727/1589/2234 2726/397/2233
f 2728/1590/2235 2730/399/2235 2729/397/2236
f 2731/1591/2237 2733/1552/2238 2732/1592/2237
f 2733/1552/2238 2731/1591/2237 2734/1550/2164
f 2735/1544/2158 2737/1591/2239 2736/1547/2240
f 2736/1547/2240 2737/1591/2239 2738/1592/2239
f 2740/1593/2241 2739/1594/2242 2741/1595/2243
f 2743/1596/2244 2744/1597/2244 2742/1598/2245
f 2745/1599/2246 2747/1600/2247 2746/1601/2248
f 2747/1600/2247 2745/1599/2246 2748/1602/2249
f 2749/1603/2250 2751/1604/2251 2750/1605/2250
f 2751/1604/2251 2749/1603/2250 2752/1606/2252
f 2753/1607/2253 2755/1608/2254 2754/1609/2255
f 2755/1608/2254 2753/1607/2253 2756/1610/2256
f 2757/1611/2257 2759/1612/2258 2758/1613/2259
f 2759/1612/2258 2757/1611/2257 2760/1614/2258
f 2761/1600/2260 2763/1615/2261 2762/1601/2260
f 2762/1601/2260 2763/1615/2261 2764/1616/2261
f 2765/1615/2261 2767/1605/2262 2766/1616/2261
f 2767/1605/2262 2765/1615/2261 2768/1603/2262
f 2769/1608/2255 2771/1617/2263 2770/1609/2255
f 2770/1609/2255 2771/1617/2263 2772/1618/2263
f 2773/1617/2264 2775/1613/2259 2774/1618/2264
f 2775/1613/2259 2773/1617/2264 2776/1611/2265
f 2778/1619/2266 2777/1620/2267 2779/1621/2268
f 2781/1622/173 2780/1623/2269 2782/1624/2270
f 2783/1625/2271 2785/1626/2272 2784/815/2271
f 2785/1626/2272 2783/1625/2271 2786/1627/2273
f 2787/1628/2274 2789/1625/2275 2788/815/2276
f 2789/1625/2275 2787/1628/2274 2790/1629/2277
f 2791/1630/2278 2793/1631/2279 2792/1632/2280
f 2793/1631/2279 2791/1630/2278 2794/1633/2281
f 2795/1634/2282 2797/1630/2283 2796/1632/2280
f 2797/1630/2283 2795/1634/2282 2798/1635/2284
f 2799/1636/2285 2801/1637/2286 2800/1638/2287
f 2802/1639/2286 2800/1638/2287 2801/1637/2286
f 2804/1640/2288 2805/1641/2289 2803/1642/2290
f 2805/1641/2289 2804/1640/2288 2806/1643/2291
f 2807/1644/2292 2809/1645/2293 2808/1646/2294
f 2809/1645/2293 2807/1644/2292 2810/1647/2295
f 2811/1648/2296 2813/1644/2297 2812/1646/2298
f 2813/1644/2297 2811/1648/2296 2814/1649/2299
f 2815/1650/2300 2817/1651/2301 2816/1652/2302
f 2817/1651/2301 2815/1650/2300 2818/1653/2303
f 2819/1654/2304 2821/1650/2300 2820/1652/2305
f 2821/1650/2300 2819/1654/2304 2822/1655/2306
f 2823/1643/2307 2825/1656/2308 2824/1641/2307
f 2825/1656/2308 2823/1643/2307 2826/1657/2308
f 2827/1656/2308 2829/1639/2309 2828/1637/2309
f 2829/1639/2309 2827/1656/2308 2830/1657/2308
f 2831/1658/2292 2833/1659/2310 2832/1660/2292
f 2833/1659/2310 2831/1658/2292 2834/1661/2311
f 2835/1662/2312 2837/1658/2313 2836/1660/2313
f 2837/1658/2313 2835/1662/2312 2838/1663/2314
f 2839/1664/2315 2841/1665/2316 2840/1666/2317
f 2842/1667/2318 2844/1668/2319 2843/1669/2318
f 2844/1668/2319 2842/1667/2318 2845/1670/1236
f 2846/1671/2320 2848/1672/2321 2847/1673/2322
f 2848/1672/2321 2846/1671/2320 2849/1674/2320
f 2850/1671/2320 2852/1675/2323 2851/1674/2320
f 2851/1674/2320 2852/1675/2323 2853/1676/2323
f 2854/1675/2323 2856/1669/2318 2855/1676/2323
f 2856/1669/2318 2854/1675/2323 2857/1667/2318
f 2859/1677/2324 2858/1678/1271 2860/1679/2325
f 2862/1680/2326 2861/1677/2327 2863/1681/2328
f 2862/1680/2329 2865/1681/2330 2864/1682/2331
f 2866/1683/2332 2868/1684/2333 2867/1685/2334
f 2869/1686/2335 2871/1684/2336 2870/1687/2337
f 2870/1687/2338 2873/1688/2339 2872/1686/2340
f 2874/1684/2341 2876/1689/2342 2875/1687/2343
f 2878/1690/2344 2879/1677/2345 2877/1680/2346
f 2880/1691/2347 2882/1692/2323 2881/1693/2348
f 2881/1693/2348 2882/1692/2323 2883/1694/2323
f 2884/1692/2323 2886/1695/2349 2885/1694/2323
f 2886/1695/2349 2884/1692/2323 2887/1696/2350
f 2888/1697/2351 2890/1698/2352 2889/1699/2353
f 2890/1698/2352 2888/1697/2351 2891/1700/2354
f 2892/1701/2355 2894/1702/2356 2893/1703/2357
f 2894/1702/2356 2892/1701/2355 2895/1704/2358
f 2896/1705/2359 2898/1706/2360 2897/1707/2361
f 2899/1708/2362 2900/1705/2363 2897/1707/2364
f 2900/1705/2363 2899/1708/2362 2901/1709/2365
f 2902/1697/2354 2904/1710/2366 2903/1700/2354
f 2903/1700/2354 2904/1710/2366 2905/1711/2367
f 2906/1710/2368 2908/1703/2357 2907/1711/2369
f 2908/1703/2357 2906/1710/2368 2909/1701/2355
f 2910/1712/1887 2912/1713/2002 2911/1714/2370
f 2914/1715/2371 2915/1716/2372 2913/1717/2373
f 2919/1718/2374 2917/1719/2375 2916/1720/2376
f 2917/1719/2375 2918/1721/2377 2916/1720/2376
f 2920/1722/2378 2922/1723/2059 2921/1724/2379
f 2923/1725/2380 2925/1726/2381 2924/1727/2382
f 2924/1727/2382 2925/1726/2381 2926/1728/2383
f 2927/1726/2384 2929/1729/2385 2928/1728/2386
f 2929/1729/2385 2927/1726/2384 2930/1730/2387
f 2931/1731/387 2933/1732/503 2932/1733/2388
f 2934/1734/2389 2936/1735/588 2935/1736/415
f 2937/1664/2390 2939/1737/2391 2938/1665/2392
f 2939/1737/2391 2937/1664/2390 2940/1738/2393
f 2941/1739/2394 2943/1740/2002 2942/1741/1953
f 2944/1742/2395 2946/1743/2396 2945/1744/1907
f 2948/1745/2397 2949/1746/2398 2947/1747/2399
f 2950/1748/2400 2952/1749/2401 2951/1750/2400
f 2952/1749/2401 2950/1748/2400 2953/1751/2402
f 2954/1748/2400 2956/1752/2403 2955/1753/2404
f 2956/1752/2403 2954/1748/2400 2957/1750/2400
f 2958/1754/2405 2960/1755/2406 2959/1756/2407
f 2960/1755/2406 2958/1754/2405 2961/1757/2408
f 2963/1758/1394 2964/1759/2409 2962/1760/2410
f 2965/1761/2411 2962/1760/2410 2964/1759/2409
f 2966/1716/2412 2968/1762/2413 2967/1763/2414
f 2968/1762/2413 2966/1716/2412 2969/1715/2415
f 2970/1762/2416 2972/1718/2417 2971/1763/2418
f 2972/1718/2417 2970/1762/2416 2973/1719/2419
f 2974/1764/2420 2976/1765/2421 2975/1766/2422
f 2977/1767/2423 2978/1751/2424 2980/1765/2421
f 2978/1751/2424 2977/1767/2423 2979/1749/2425
f 2982/1768/2426 2981/1769/2427 2983/1770/2428
f 2984/1771/2429 2985/1753/2430 2987/1752/2431
f 2985/1753/2430 2984/1771/2429 2986/1768/2432
f 2988/1772/2433 2990/1773/2434 2989/1774/1402
f 2992/1775/2435 2991/1774/2436 2993/1773/2437
f 2994/1776/387 2996/1777/386 2995/1778/2438
f 2997/1779/2439 2999/1780/507 2998/1781/2440
f 3001/1782/2441 3002/1783/2442 3000/1784/2443
f 3003/1785/2444 3005/1786/2002 3004/1787/2445
f 3006/1788/2446 3008/1789/2059 3007/1790/2447
f 3009/1791/2448 3011/1688/2449 3010/1687/2450
f 3012/1792/2451 3014/1680/2452 3013/1682/2453
f 3015/1793/2454 3017/1794/503 3016/1795/413
f 3018/1796/2389 3020/1797/468 3019/1798/415
f 3021/1799/2455 3023/1800/2456 3022/1801/2456
f 3023/1800/2456 3021/1799/2455 3024/1802/2457
f 3025/1800/2458 3026/1803/2459 3028/1801/2458
f 3025/1800/2458 3027/1804/2460 3026/1803/2459
f 3029/1805/2461 3031/1806/2462 3030/1807/2463
f 3031/1806/2462 3032/1808/2463 3030/1807/2463
f 3033/1807/2463 3034/1809/2464 3036/1810/2465
f 3033/1807/2463 3035/1808/2466 3034/1809/2464
f 3037/1811/2467 3039/1812/2468 3038/1813/2469
f 3040/1814/2470 3042/1815/2471 3041/1816/2470
f 3044/1768/2472 3045/1770/2473 3043/1817/2036
f 3045/1770/2474 3047/1818/2475 3046/1819/2476
f 3048/1820/2477 3050/1821/2478 3049/1822/2479
f 3050/1821/2478 3048/1820/2477 3051/1823/2480
f 3053/1765/2481 3052/1824/2482 3054/1766/2483
f 3054/1766/2484 3056/1825/2485 3055/1826/2486
f 3057/1827/2487 3059/1821/2488 3058/1828/2489
f 3059/1821/2488 3057/1827/2487 3060/1822/2490
f 3061/1677/2491 3063/1829/2492 3062/1830/2493
f 3061/1677/2491 3064/1690/2494 3063/1829/2492
f 3065/1689/2495 3067/1684/2496 3066/1831/2497
f 3066/1831/2497 3067/1684/2496 3068/1832/2498
f 3069/1833/1887 3071/1834/2002 3070/1835/2370
f 3072/1836/2395 3074/1837/2059 3073/1838/2499
f 3075/1839/2500 3077/1840/2501 3076/1841/2502
f 3077/1840/2501 3075/1839/2500 3078/1842/2503
f 3079/1840/2501 3081/1843/2504 3080/1844/2505
f 3081/1843/2504 3079/1840/2501 3082/1842/2506
f 3083/1845/2507 3085/1846/2508 3084/1847/2509
f 3086/1848/2510 3088/1849/503 3087/1850/413
f 3089/1851/2511 3091/1852/588 3090/1853/415
f 3092/1854/2512 3094/1855/2513 3093/1856/2514
f 3094/1855/2513 3092/1854/2512 3095/1857/2515
f 3096/1855/2516 3097/1858/2517 3099/1856/2518
f 3096/1855/2516 3098/1859/2519 3097/1858/2517
f 3100/1860/2520 3102/1861/2521 3101/1862/2522
f 3103/1757/2408 3105/1863/2523 3104/1755/2408
f 3105/1863/2523 3103/1757/2408 3106/1864/2523
f 3107/1863/2524 3109/1761/2525 3108/1759/2525
f 3109/1761/2525 3107/1863/2524 3110/1864/2523
f 3111/1865/2526 3113/1829/2527 3112/1866/2526
f 3113/1829/2527 3111/1865/2526 3114/1830/2528
f 3115/1832/2529 3117/1865/2526 3116/1831/2530
f 3116/1831/2530 3117/1865/2526 3118/1866/2526
f 3119/1867/2531 3121/1815/2532 3120/1814/2533
f 3122/1868/2534 3124/1811/2535 3123/1813/2536
f 3125/1869/2394 3127/1870/2537 3126/1871/2096
f 3128/1872/2052 3130/1873/2396 3129/1874/1907
f 3132/1875/2538 3133/1841/2500 3131/1876/2539
f 3133/1841/2500 3132/1875/2538 3134/1839/2500
f 3135/1877/2540 3137/1878/2541 3136/1879/2542
f 3137/1878/2541 3135/1877/2540 3138/1847/2543
f 3139/1860/2544 3141/1877/2545 3140/1861/2546
f 3140/1861/2546 3141/1877/2545 3142/1879/2545
f 3143/1880/1481 3145/1844/2504 3144/1881/2547
f 3146/1843/2504 3144/1881/2547 3145/1844/2504
f 3147/1882/2548 3149/1726/2549 3148/1725/2550
f 3149/1726/2549 3147/1882/2548 3150/1883/2551
f 3151/1726/2552 3153/1884/2553 3152/1730/2554
f 3153/1884/2553 3151/1726/2552 3154/1883/2555
f 3155/1885/2510 3157/1870/435 3156/1886/2438
f 3158/1872/2511 3160/1887/507 3159/1888/2556
f 3162/1889/2557 3161/1709/2558 3164/1890/2559
f 3162/1889/2557 3163/1891/2560 3161/1709/2558
f 3165/1892/1887 3167/1849/2064 3166/1893/2561
f 3168/1851/2052 3170/1894/2059 3169/1895/2499
f 3171/1710/2562 3173/1896/2563 3172/1701/2564
f 3173/1896/2563 3171/1710/2562 3174/1897/2565
f 3175/1898/2566 3177/1710/2567 3176/1697/2568
f 3177/1710/2567 3175/1898/2566 3178/1897/2569
f 3179/1899/2570 3181/1697/2571 3180/1699/2572
f 3181/1697/2571 3179/1899/2570 3182/1898/2566
f 3184/1704/2573 3185/1701/2563 3183/1900/2574
f 3186/1896/2563 3183/1900/2574 3185/1701/2563
f 3187/1901/387 3189/1834/503 3188/1902/413
f 3190/1836/2511 3192/1903/588 3191/1904/415
f 3193/1905/1887 3195/1794/2002 3194/1906/1953
f 3196/1796/2378 3198/1907/2059 3197/1908/2499
f 3199/1909/2575 3201/1692/2576 3200/1691/2577
f 3201/1692/2576 3199/1909/2575 3202/1910/2576
f 3203/1692/2576 3205/1911/2578 3204/1696/2579
f 3205/1911/2578 3203/1692/2576 3206/1910/2576
f 3207/1912/2454 3209/1786/503 3208/1913/413
f 3210/1788/2389 3212/1914/468 3211/1915/2580
f 3213/1916/2581 3215/1671/2582 3214/1673/2583
f 3215/1671/2582 3213/1916/2581 3216/1917/2584
f 3218/1670/2585 3219/1667/2586 3217/1918/1551
f 3220/1919/2586 3217/1918/1551 3219/1667/2586
f 3221/1917/2587 3223/1675/2588 3222/1671/2589
f 3223/1675/2588 3221/1917/2587 3224/1920/2588
f 3225/1675/2588 3227/1919/2590 3226/1667/2586
f 3227/1919/2590 3225/1675/2588 3228/1920/2588
f 3229/1772/2591 3231/1921/1586 3230/1922/2592
f 3231/1921/1586 3229/1772/2591 3232/1923/2593
f 3233/1921/2594 3234/1775/2595 3236/1922/2596
f 3233/1921/2594 3235/1924/2597 3234/1775/2595
f 3237/1925/2598 3239/1926/2599 3238/1927/2600
f 3239/1926/2599 3237/1925/2598 3240/1928/2601
f 3241/1926/2602 3242/1929/2603 3244/1927/2602
f 3241/1926/2602 3243/1930/2604 3242/1929/2603
f 3245/1931/2605 3247/1932/2400 3246/1933/2606
f 3246/1933/2606 3247/1932/2400 3248/1934/2400
f 3249/1932/2400 3251/1935/2607 3250/1934/2400
f 3251/1935/2607 3249/1932/2400 3252/1936/2607
f 3253/1937/2394 3255/1777/2537 3254/1938/2096
f 3256/1779/2378 3258/1939/2608 3257/1940/2185
f 3259/1941/2609 3261/1931/2610 3260/1933/2606
f 3261/1931/2610 3259/1941/2609 3262/1942/2611
f 3263/1742/2612 3265/1943/2613 3264/1944/2556
f 3266/1945/387 3268/1740/2614 3267/1946/382
f 3269/1936/2615 3271/1947/2616 3270/1935/2617
f 3271/1947/2616 3269/1936/2615 3272/1948/2618
f 3273/1949/2619 3275/1950/2620 3274/1951/2621
f 3275/1950/2620 3273/1949/2619 3276/1952/2622
f 3279/1953/2623 3275/1950/2624 3277/1738/2625
f 3275/1950/2624 3278/1952/2626 3277/1738/2625
f 3280/1854/2627 3282/1954/2628 3281/1955/2629
f 3284/1858/2630 3283/1955/2631 3285/1954/2632
f 3286/1956/2633 3288/1732/2002 3287/1957/2561
f 3289/1734/2446 3291/1958/2126 3290/1959/2499
f 3292/1960/2454 3294/1713/503 3293/1961/413
f 3295/1722/2511 3297/1962/588 3296/1963/415
f 3298/1964/2634 3300/1823/2635 3299/1820/2636
f 3300/1823/2635 3298/1964/2634 3301/1965/2637
f 3302/1964/2638 3304/1828/2639 3303/1965/2640
f 3302/1964/2638 3305/1827/2641 3304/1828/2639
f 3306/1949/2642 3308/1889/2643 3307/1890/2643
f 3308/1889/2643 3306/1949/2642 3309/1951/2644
f 3310/1966/2645 3312/1802/2646 3311/1799/2647
f 3312/1802/2646 3310/1966/2645 3313/1967/2648
f 3314/1966/2649 3316/1804/2649 3315/1967/2650
f 3314/1966/2649 3317/1803/2651 3316/1804/2649
f 3318/1928/2652 3320/1968/2653 3319/1969/2654
f 3321/1925/2652 3320/1968/2653 3318/1928/2652
f 3322/1968/2655 3324/1930/2656 3323/1969/2655
f 3322/1968/2655 3325/1929/2657 3324/1930/2656
f 3326/1658/2658 3327/1970/2659 3329/1661/2660
f 3326/1658/2658 3328/1971/2661 3327/1970/2659
f 3330/1663/2662 3332/1972/2663 3331/1658/2664
f 3332/1972/2663 3333/1971/2665 3331/1658/2664
f 3334/1650/2666 3335/1973/2667 3337/1653/2668
f 3334/1650/2666 3336/1974/2669 3335/1973/2667
f 3338/1655/2670 3340/1975/2671 3339/1650/2666
f 3340/1975/2671 3341/1974/2672 3339/1650/2666
f 3342/1644/2669 3343/1976/2673 3345/1647/2674
f 3342/1644/2669 3344/1977/2675 3343/1976/2673
f 3346/1649/2676 3348/1978/2677 3347/1644/2678
f 3348/1978/2677 3349/1977/2678 3347/1644/2678
f 3350/1630/2679 3351/1979/2680 3353/1633/2681
f 3350/1630/2679 3352/1980/2682 3351/1979/2680
f 3354/1635/2683 3356/1981/2684 3355/1630/2685
f 3356/1981/2684 3357/1980/2685 3355/1630/2685
f 3358/1625/2686 3359/1982/2687 3361/1627/2688
f 3358/1625/2686 3360/1983/2686 3359/1982/2687
f 3362/1629/2689 3364/1984/2690 3363/1625/2691
f 3364/1984/2690 3365/1983/2692 3363/1625/2691
f 3367/1985/2267 3368/1986/2693 3366/1987/168
f 3369/1988/2694 3371/1989/2695 3370/1990/2696
f 3372/1991/2697 3374/1992/1726 3373/1993/2698
f 3374/1992/1726 3372/1991/2697 3375/1994/2699
f 3376/1995/2288 3378/1996/2700 3377/1997/2701
f 3378/1996/2700 3376/1995/2288 3379/1998/2290
f 3380/1999/2702 3382/2000/2703 3381/2001/2704
f 3382/2000/2703 3380/1999/2702 3383/2002/2705
f 3384/2003/2706 3386/2004/2707 3385/2005/1730
f 3387/2006/2708 3389/2007/2708 3388/2008/2708
f 3390/1990/2709 3392/2009/2710 3391/1988/2711
f 3393/2010/2712 3395/2004/2713 3394/2003/2714
f 3395/2004/2713 3393/2010/2712 3396/2011/2715
f 3397/2012/2716 3399/2013/2717 3398/2003/2718
f 3399/2013/2717 3397/2012/2716 3400/2014/2719
f 3401/1999/2720 3403/2001/2721 3402/2015/2722
f 3404/2016/2723 3406/2017/2724 3405/2018/2725
f 3406/2017/2724 3404/2016/2723 3407/2019/2726
f 3408/2020/2727 3410/2003/2728 3409/2010/2729
f 3410/2003/2728 3408/2020/2727 3411/2012/2730
f 3413/2021/2731 3415/2022/2732 3412/2023/2733
f 3412/2023/2733 3414/2024/260 3413/2021/2731
f 3416/2025/2734 3412/2023/2733 3415/2022/2732
f 3416/2025/2735 3418/2022/2736 3417/2026/2737
f 3419/2027/2738 3421/2028/2739 3420/2029/2740
f 3421/2028/2739 3419/2027/2738 3422/2030/2741
f 3423/2031/2742 3425/2032/2743 3424/2033/2744
f 3426/2010/2745 3428/2034/2746 3427/2011/2747
f 3429/2035/1811 3432/2036/2748 3430/2037/2749
f 3430/2037/2749 3431/2038/1811 3429/2035/1811
f 3433/2020/2750 3435/2010/2751 3434/2034/2752
f 3436/2039/2753 3438/2040/2754 3437/2041/2755
f 3438/2040/2754 3436/2039/2753 3439/2042/2756
f 3440/2016/2757 3442/2018/2758 3441/2043/2759
f 3443/2039/2760 3445/2041/2761 3444/2044/2762
f 3447/2045/2763 3448/2046/2764 3446/2047/1833
f 3446/2047/1833 3448/2046/2764 3449/2048/2765
f 3451/2049/2766 3450/2050/2767 3453/2051/2768
f 3451/2049/2766 3452/2052/2769 3450/2050/2767
f 3454/2053/2770 3456/2054/2771 3455/2055/2772
f 3456/2054/2771 3457/2056/2773 3455/2055/2772
f 3458/2057/2774 3460/2058/2775 3459/2059/2776
f 3461/2060/2777 3463/2032/2778 3462/2031/2779
f 3464/2061/2780 3466/2053/2781 3465/2062/2782
f 3466/2053/2781 3467/2055/2783 3465/2062/2782
f 3468/2063/2784 3470/2064/2785 3469/2065/2786
f 3470/2064/2785 3468/2063/2784 3471/2066/2787
f 3472/2067/2788 3474/2068/2789 3473/2069/2790
f 3472/2067/2788 3476/2070/2791 3475/2068/2792
f 3476/2070/2791 3477/2071/2793 3475/2068/2792
f 3478/2072/285 3476/2070/2794 3479/2073/283
f 3480/2074/2795 3482/2075/2796 3481/2076/2797
f 3482/2075/2796 3483/2077/2798 3481/2076/2797
f 3484/2078/2799 3486/2079/2800 3485/2080/2801
f 3486/2079/2800 3487/2081/2802 3485/2080/2801
f 3489/2082/2333 3488/2083/2803 3490/2084/2804
f 3492/2085/2340 3491/2086/2805 3493/2082/2806
f 3494/2087/2807 3496/2088/2808 3495/2089/2808
f 3496/2088/2808 3494/2087/2807 3497/2090/2809
f 3498/2091/2810 3500/2092/2811 3499/2093/2811
f 3500/2092/2811 3498/2091/2810 3501/2094/2810
f 3502/2079/2812 3504/2095/2813 3503/2081/2814
f 3504/2095/2813 3505/2096/2815 3503/2081/2814
f 3506/2097/2816 3508/2098/2817 3507/2099/2818
f 3509/2051/2819 3511/2100/2820 3510/2049/2821
f 3512/2101/2822 3514/2102/2823 3513/2103/2824
f 3514/2102/2823 3512/2101/2822 3515/2104/2825
f 3516/2101/2822 3513/2103/2824 3517/2105/2826
f 3518/2106/2827 3516/2101/2822 3517/2105/2826
f 3519/2027/2828 3521/2107/2829 3520/2030/2830
f 3522/2108/2831 3524/2109/2832 3523/2110/2833
f 3522/2108/2831 3525/2111/2834 3524/2109/2832
f 3527/2112/2835 3528/2113/2836 3526/2114/1833
f 3526/2114/1833 3528/2113/2836 3529/2115/2837
f 3529/2115/2838 3531/2113/2839 3530/2116/2840
f 3532/2117/2786 3534/2118/2841 3533/2119/2842
f 3534/2118/2841 3532/2117/2786 3535/2120/2843
f 3536/2110/2844 3538/2121/2845 3537/2108/2846
f 3540/2122/2847 3539/2123/2848 3542/2124/2849
f 3540/2122/2847 3541/2125/2850 3539/2123/2848
f 3544/2126/2763 3545/2127/2851 3543/2128/2852
f 3543/2128/2852 3545/2127/2851 3546/2129/2853
f 3547/2130/2854 3549/2131/2855 3548/2132/2856
f 3550/2061/2857 3551/2131/2858 3547/2130/2859
f 3552/2062/2860 3551/2131/2858 3550/2061/2857
f 3553/2124/2861 3555/2133/2862 3554/2122/2863
f 3557/2134/2864 3559/2135/2865 3556/2136/2866
f 3556/2136/2866 3558/2137/2867 3557/2134/2864
f 3559/2135/2868 3561/2134/2869 3560/2138/2870
f 3558/2137/2867 3563/2058/2871 3562/2057/2872
f 3564/2136/2873 3563/2058/2871 3558/2137/2867
f 3565/2139/2874 3567/2098/2875 3566/2140/2876
f 3566/2140/2876 3567/2098/2875 3568/2097/2877
f 3570/2141/2878 3571/2077/2879 3569/2142/2880
f 3572/2143/2881 3574/2144/2882 3573/2145/2883
f 3574/2144/2882 3572/2143/2881 3575/2146/2787
f 3576/2147/2884 3578/2148/2885 3577/2149/2886
f 3576/2147/2884 3579/2150/2887 3578/2148/2885
f 3580/2151/2888 3582/2152/2889 3581/2110/2890
f 3583/2048/2891 3585/2046/2892 3584/2153/2893
f 3586/2063/2894 3588/2065/2895 3587/2154/2896
f 3589/2149/2897 3591/2155/2898 3590/2147/2899
f 3592/2156/2900 3594/2157/2901 3593/2158/2902
f 3592/2156/2900 3596/2106/2903 3595/2157/2904
f 3596/2106/2903 3597/2105/2905 3595/2157/2904
f 3599/2159/2763 3600/2160/2906 3598/2161/1833
f 3598/2161/1833 3600/2160/2906 3601/2162/2907
f 3602/2163/2908 3603/2077/2909 3605/2142/2910
f 3602/2163/2908 3604/2076/2911 3603/2077/2909
f 3606/2151/2912 3608/2110/2913 3607/2121/2914
f 3609/2117/2895 3611/2119/2915 3610/2164/2916
f 3612/2165/2917 3614/2137/2918 3613/2166/2919
f 3614/2137/2918 3612/2165/2917 3615/2057/2920
f 3616/2134/2921 3613/2166/2919 3614/2137/2918
f 3617/2167/2784 3619/2168/2785 3618/2169/2786
f 3619/2168/2785 3617/2167/2784 3620/2170/2922
f 3621/1987/2405 3623/2171/2923 3622/1986/2924
f 3623/2171/2923 3621/1987/2405 3624/2172/2925
f 3625/2173/2926 3627/2174/2927 3626/2175/2928
f 3628/2092/2436 3630/2095/2929 3629/2093/2436
f 3631/2176/2462 3632/2139/2930 3634/2140/2931
f 3631/2176/2462 3633/2177/2932 3632/2139/2930
f 3635/2129/2933 3637/2127/2934 3636/2178/2935
f 3639/2179/2936 3638/2035/2937 3640/2036/2938
f 3641/2180/2939 3643/2076/2940 3642/2181/2941
f 3643/2076/2940 3641/2180/2939 3644/2074/2942
f 3646/2182/2835 3647/2183/2943 3645/2184/1833
f 3645/2184/1833 3647/2183/2943 3648/2185/2944
f 3648/2185/2945 3650/2183/2946 3649/2186/2947
f 3651/2143/2948 3653/2145/2949 3652/2187/2950
f 3654/2183/2786 3656/2188/2785 3655/2189/2951
f 3656/2188/2785 3654/2183/2786 3657/2182/2843
f 3659/2176/2952 3660/2190/2953 3658/2140/2954
f 3661/2162/2955 3663/2160/2956 3662/2191/2957
f 3664/2192/948 3666/2175/2958 3665/2193/2959
f 3667/2167/2960 3669/2169/2895 3668/2194/2961
f 3671/2140/2962 3672/2195/2963 3670/2097/2964
f 3674/2170/2835 3675/2167/2965 3673/2196/1833
f 3673/2196/1833 3675/2167/2965 3676/2197/2966
f 3676/2197/2967 3678/2167/2968 3677/2194/2969
f 3679/2160/2970 3681/2198/2971 3680/2199/2972
f 3681/2198/2971 3679/2160/2970 3682/2159/2843
f 3684/2192/2973 3683/2173/2974 3685/2175/2975
f 3686/2183/2976 3688/2189/2977 3687/2186/2978
f 3689/2098/2979 3690/2200/2980 3693/2099/2981
f 3689/2098/2979 3691/2201/2982 3690/2200/2980
f 3691/2201/2982 3689/2098/2979 3692/2139/2983
f 3695/2146/2763 3696/2143/2984 3694/2202/1833
f 3694/2202/1833 3696/2143/2984 3697/2203/2985
f 3698/2147/2986 3700/2155/2987 3699/2204/2988
f 3701/2127/2989 3703/2205/2882 3702/2206/2990
f 3703/2205/2882 3701/2127/2989 3704/2126/2991
f 3705/2160/2992 3707/2199/2948 3706/2191/2993
f 3708/2147/2994 3710/2207/2995 3709/2150/2996
f 3710/2207/2995 3708/2147/2994 3711/2204/2997
f 3712/2208/2998 3714/2037/2999 3713/2209/3000
f 3714/2037/2999 3712/2208/2998 3715/2038/3001
f 3716/2203/3002 3718/2143/3003 3717/2187/3004
f 3719/2139/3005 3721/2210/2151 3720/2201/3006
f 3721/2210/2151 3719/2139/3005 3722/2177/3007
f 3723/2122/3008 3725/2133/3009 3724/2211/3010
f 3726/2127/3011 3728/2206/3012 3727/2178/3013
f 3729/2031/3014 3731/2212/3015 3730/2213/3016
f 3731/2212/3015 3729/2031/3014 3732/2033/3017
f 3734/2085/1041 3733/2214/1040 3735/2086/3018
f 3736/2215/3019 3738/2058/3020 3737/2136/3021
f 3738/2058/3020 3736/2215/3019 3739/2216/1051
f 3741/2120/2763 3742/2117/3022 3740/2217/1833
f 3740/2217/1833 3742/2117/3022 3743/2218/3023
f 3743/2218/3024 3745/2117/3025 3744/2164/3026
f 3747/2190/3027 3746/2201/3028 3748/2195/3029
f 3749/2113/3030 3751/2219/2882 3750/2220/3031
f 3751/2219/2882 3749/2113/3030 3752/2112/2843
f 3753/2122/3032 3755/2221/2570 3754/2125/3033
f 3755/2221/2570 3753/2122/3032 3756/2211/3034
f 3757/2181/3035 3759/2163/3036 3758/2222/3036
f 3759/2163/3036 3757/2181/3035 3760/2076/3037
f 3759/2163/3036 3761/2223/3038 3758/2222/3036
f 3762/2108/3039 3764/2121/3040 3763/2224/3041
f 3765/2113/3042 3767/2220/3043 3766/2116/3044
f 3768/2049/3045 3770/2100/3046 3769/2225/3047
f 3771/2108/3034 3773/2226/3048 3772/2111/3049
f 3773/2226/3048 3771/2108/3034 3774/2224/3050
f 3775/2105/3051 3777/2103/3052 3776/2227/2801
f 3777/2103/3052 3778/2228/3053 3776/2227/2801
f 3779/2055/3054 3781/2056/3055 3780/2229/1006
f 3781/2056/3055 3782/2230/3055 3780/2229/1006
f 3784/2066/2835 3785/2063/3056 3783/2231/2852
f 3783/2231/2852 3785/2063/3056 3786/2232/3057
f 3786/2232/3058 3788/2063/2968 3787/2154/3059
f 3789/2046/3060 3791/2233/2882 3790/2234/2972
f 3791/2233/2882 3789/2046/3060 3792/2045/2843
f 3794/2102/3061 3796/2235/3062 3793/2228/3052
f 3793/2228/3052 3795/2103/3052 3794/2102/3061
f 3797/2046/3063 3799/2234/3064 3798/2153/3065
f 3800/2049/3066 3802/2236/3067 3801/2052/3068
f 3802/2236/3067 3800/2049/3066 3803/2225/3069
f 3804/2088/3070 3806/2237/3071 3805/2089/3072
f 3806/2237/3071 3804/2088/3070 3807/2238/3070
f 3808/2136/3073 3810/2239/3074 3809/2215/3075
f 3810/2239/3074 3808/2136/3073 3811/2135/3076
f 3813/2166/3077 3812/2215/3078 3814/2165/3079
f 3815/2216/3080 3814/2165/2123 3816/2215/3081
f 3817/2071/3082 3819/2072/3083 3818/2240/3084
f 3819/2072/3083 3820/2241/3085 3818/2240/3084
f 3822/2141/3086 3821/2222/3087 3823/2181/3088
f 3824/2200/3089 3826/2195/3090 3825/2201/3091
f 3827/2224/3092 3829/2151/3093 3828/2121/3094
f 3831/2242/3095 3833/2243/3096 3830/2241/3097
f 3830/2241/3097 3832/2072/3098 3831/2242/3095
f 3834/2244/3099 3836/2031/3100 3835/2213/3101
f 3837/2060/3102 3836/2031/3100 3834/2244/3099
f 3839/2027/3103 3838/2029/3104 3840/2245/3105
f 3839/2027/3103 3840/2245/3105 3841/2246/3106
f 3842/2247/3107 3844/2091/3108 3843/2093/3109
f 3844/2091/3108 3842/2247/3107 3845/2248/3110
f 3846/2021/3111 3848/2024/3112 3847/2249/3113
f 3848/2024/3112 3849/2250/3112 3847/2249/3113
f 3850/2251/3114 3852/2095/3115 3851/2079/3116
f 3852/2095/3115 3850/2251/3114 3853/2252/3117
f 3854/2251/3114 3851/2079/3116 3855/2078/2826
f 3856/2253/3118 3854/2251/3114 3855/2078/2826
f 3857/2254/3119 3859/2151/3120 3858/2224/3121
f 3860/2255/3122 3862/2256/3122 3861/2257/3122
f 3862/2256/3122 3860/2255/3122 3863/2258/3122
f 3864/2246/3123 3866/2107/3124 3865/2027/3125
f 3867/2237/3126 3869/2102/2630 3868/2089/3127
f 3870/2259/2900 3872/2260/2901 3871/2261/3128
f 3870/2259/3129 3874/2253/2903 3873/2260/3130
f 3874/2253/2903 3875/2078/2905 3873/2260/3130
f 3876/2262/3131 3878/2263/3132 3877/2264/3133
f 3879/2265/3134 3881/2039/3135 3880/2044/3136
f 3882/2266/3137 3884/2267/3138 3883/1985/3139
f 3886/2209/3140 3887/2179/3141 3885/2268/3142
f 3887/2179/3141 3886/2209/3140 3888/2208/662
f 3889/2269/3143 3891/2016/3144 3890/2043/3145
f 3893/2039/3146 3894/2270/650 3892/2042/3147
f 3893/2039/3146 3895/2265/3148 3894/2270/650
f 3897/2271/3149 3899/2272/3150 3896/2250/3151
f 3896/2250/3151 3898/2024/3151 3897/2271/3149
f 3900/2020/3152 3902/2273/3153 3901/2012/3154
f 3900/2020/3152 3903/2274/3155 3902/2273/3153
f 3903/2274/3156 3905/2020/3157 3904/2034/3158
f 3906/2016/3159 3908/2275/3160 3907/2019/2996
f 3906/2016/3159 3909/2269/3161 3908/2275/3160
f 3910/2012/3162 3912/2276/3163 3911/2014/3164
f 3912/2276/3163 3910/2012/3162 3913/2273/3165
f 3914/2277/3166 3916/1999/3167 3915/2015/3168
f 3917/2008/3169 3919/2007/3170 3918/2278/3170
f 3920/2011/3171 3922/2034/3172 3921/2274/3173
f 3923/1999/3174 3925/2279/3175 3924/2002/3176
f 3923/1999/3174 3926/2277/3177 3925/2279/3175
f 3927/1991/3178 3929/2280/3179 3928/1994/3180
f 3927/1991/3178 3930/2281/3181 3929/2280/3179
f 3931/2274/3182 3933/2004/3183 3932/2011/3184
f 3931/2274/3182 3934/2273/3185 3933/2004/3183
f 3936/2004/3186 3937/2273/3185 3935/2005/748
f 3939/2282/3187 3938/2283/1155 3940/2284/3188
f 3942/1996/3189 3941/2283/3190 3944/2284/3191
f 3942/1996/3189 3943/1998/3190 3941/2283/3190
f 3945/2172/2256 3947/2285/2256 3946/2171/3192
f 3947/2285/2256 3948/2266/3193 3946/2171/3192
usemtl Meshpart3Mtl.004
f 1/2286/52 3/2287/52 2/2288/52
f 3/2287/52 1/2286/52 4/2289/52
f 5/2290/52 4/2289/52 1/2286/52
f 4/2289/52 5/2290/52 6/2291/52
f 4/2289/52 6/2291/52 7/2292/52
f 7/2292/52 9/2293/52 8/2294/52
f 4/2289/52 7/2292/52 8/2294/52
f 9/2293/52 7/2292/52 10/2295/52
f 3949/2296/3194 3951/2297/3195 3950/2298/3195
f 3951/2297/3195 3949/2296/3194 3952/2299/3194
f 3953/2300/3196 3955/2301/3197 3954/2302/3197
f 3955/2301/3197 3953/2300/3196 3956/2303/3196
f 3957/2304/3198 3959/2305/3199 3958/2306/3200
f 3957/2304/3198 3960/2307/3201 3959/2305/3199
f 3961/2308/3201 3960/2307/3201 3957/2304/3198
f 3958/2306/3200 3959/2305/3199 3962/2309/3202
f 3963/2310/110 3965/2311/110 3964/2312/3203
f 3964/2312/3203 3965/2311/110 3966/2313/3203
f 3967/2314/3204 3969/2315/3205 3968/2316/3205
f 3969/2315/3205 3967/2314/3204 3970/2317/3206
f 3971/2318/3207 3968/2316/3205 3969/2315/3205
f 3973/2319/3208 3972/2320/3209 3971/2318/3207
f 3968/2316/3205 3971/2318/3207 3972/2320/3209
f 3972/2320/3209 3973/2319/3208 3974/2321/3210
f 3975/2322/3211 3974/2321/3210 3973/2319/3208
f 3977/2323/3212 3976/2324/3211 3975/2322/3211
f 3974/2321/3210 3975/2322/3211 3976/2324/3211
f 3976/2324/3211 3977/2323/3212 3978/2325/3212
f 3978/2325/3212 3977/2323/3212 3979/2326/3213
f 3979/2326/3213 3977/2323/3212 3980/2327/3213
f 3979/2326/3213 3980/2327/3213 3981/2328/3214
f 3981/2328/3214 3980/2327/3213 3982/2329/3214
f 3983/2330/3195 3985/2331/3195 3984/2332/3194
f 3984/2332/3194 3985/2331/3195 3986/2333/3194
f 3987/2334/3215 3989/2335/3215 3988/2336/3216
f 3988/2336/3216 3989/2335/3215 3990/2337/3216
f 3990/2337/3216 3991/2338/3217 3988/2336/3216
f 3991/2338/3217 3990/2337/3216 3992/2339/3217
f 3994/2340/3195 3993/2341/3195 3995/2342/3194
f 3995/2342/3194 3993/2341/3195 3996/2343/3194
f 3998/2342/3194 3999/2341/3195 3997/2343/3194
f 4000/2340/3195 3999/2341/3195 3998/2342/3194
f 4002/2342/3194 4003/2341/3195 4001/2343/3194
f 4004/2340/3195 4003/2341/3195 4002/2342/3194
f 4005/2344/3195 4006/2345/3195 4008/2346/3195
f 4006/2345/3195 4005/2344/3195 4007/2347/3218
f 4009/2348/3219 4011/2349/3220 4010/2350/3219
f 4011/2349/3220 4013/2351/3221 4012/2352/3220
f 4011/2349/3220 4012/2352/3220 4010/2350/3219
f 4014/2353/3221 4013/2351/3221 4011/2349/3220
f 4015/2354/3222 4017/2355/3223 4016/2356/3222
f 4017/2355/3223 4015/2354/3222 4018/2357/3223
f 4018/2357/3223 4019/2358/3224 4017/2355/3223
f 4019/2358/3224 4018/2357/3223 4020/2359/3225
f 4019/2358/3224 4020/2359/3225 4021/2360/3226
f 4021/2360/3226 4022/2361/3226 4019/2358/3224
f 4022/2361/3226 4021/2360/3226 4023/2362/3226
f 4023/2362/3226 4025/2363/3227 4024/2364/3228
f 4023/2362/3226 4024/2364/3228 4022/2361/3226
f 4026/2365/3227 4025/2363/3227 4023/2362/3226
f 4028/2366/3229 4029/2367/3230 4027/2368/3231
f 4030/2369/21 4029/2367/3230 4028/2366/3229
f 4031/2370/21 4029/2367/3230 4030/2369/21
f 4031/2370/21 4030/2369/21 4032/2371/21
f 4033/2372/21 4035/2373/21 4034/2374/21
f 4036/2375/21 4034/2374/21 4035/2373/21
f 4038/2376/21 4039/2377/3232 4037/2378/3232
f 4038/2376/21 4040/2379/3233 4039/2377/3232
f 4040/2379/3233 4038/2376/21 4041/2380/21
f 4042/2381/3219 4040/2379/3233 4041/2380/21
f 4043/2382/21 4045/2383/21 4044/2384/21
f 4046/2385/21 4044/2384/21 4045/2383/21
f 4047/2386/3232 4049/2387/3219 4048/2388/3232
f 4047/2386/3232 4050/2389/3219 4049/2387/3219
f 4051/2390/3232 4053/2391/3219 4052/2392/3232
f 4051/2390/3232 4054/2393/3219 4053/2391/3219
f 4055/2394/3232 4057/2395/3219 4056/2396/3232
f 4055/2394/3232 4058/2397/3219 4057/2395/3219
f 4059/2398/52 4061/2399/52 4060/2400/52
f 4059/2398/52 4062/2401/52 4061/2399/52
f 4062/2401/52 4059/2398/52 4063/2402/52
f 4063/2402/52 4059/2398/52 4064/2403/52
f 4064/2403/52 4059/2398/52 4065/2404/52
f 4064/2403/52 4065/2404/52 4066/2405/52
f 4063/2402/52 4064/2403/52 4067/2406/52
f 4062/2401/52 4063/2402/52 4068/2407/52
f 4069/2408/52 4060/2400/52 4061/2399/52
f 4060/2400/52 4069/2408/52 4070/2409/52
f 4071/2410/52 4072/2411/52 4075/2412/52
f 4071/2410/52 4073/2413/52 4072/2411/52
f 4073/2413/52 4071/2410/52 4074/2414/52
f 4078/2415/52 4074/2414/52 4071/2410/52
f 4076/2416/52 4071/2410/52 4075/2412/52
f 4077/2417/52 4071/2410/52 4076/2416/52
f 4074/2414/52 4078/2415/52 4079/2418/52
f 4078/2415/52 4080/2419/52 4079/2418/52
f 4080/2419/52 4078/2415/52 4081/2420/52
f 4081/2420/52 4082/2421/52 4080/2419/52
f 4083/2422/52 4077/2417/52 4084/2423/52
f 4084/2423/52 4077/2417/52 4085/2424/52
f 4085/2424/52 4077/2417/52 4076/2416/52
f 4086/2425/52 4083/2422/52 4084/2423/52
f 4087/2426/52 4088/2427/52 4086/2425/52
f 4086/2425/52 4072/2411/52 4087/2426/52
f 4083/2422/52 4086/2425/52 4088/2427/52
f 4072/2411/52 4089/2428/52 4087/2426/52
f 4089/2428/52 4072/2411/52 4073/2413/52
f 4090/2429/52 4092/2430/52 4091/2431/52
f 4090/2429/52 4093/2432/52 4092/2430/52
f 4093/2432/52 4090/2429/52 4094/2433/52
f 4090/2429/52 4095/2434/52 4094/2433/52
f 4095/2434/52 4090/2429/52 4096/2435/52
f 4097/2436/52 4095/2434/52 4096/2435/52
f 4096/2435/52 4098/2437/52 4097/2436/52
f 4097/2436/52 4100/2438/52 4099/2439/52
f 4095/2434/52 4097/2436/52 4099/2439/52
f 4099/2439/52 4100/2438/52 4101/2440/52
f 4095/2434/52 4099/2439/52 4102/2441/52
f 4095/2434/52 4102/2441/52 4103/2442/52
f 4095/2434/52 4103/2442/52 4104/2443/52
f 4103/2442/52 4105/2444/52 4104/2443/52
f 4093/2432/52 4106/2445/52 4092/2430/52
f 4107/2446/52 4109/2447/52 4108/2448/52
f 4110/2449/52 4109/2447/52 4107/2446/52
f 4110/2449/52 4107/2446/52 4111/2450/52
f 4112/2451/52 4110/2449/52 4113/2452/52
f 4110/2449/52 4112/2451/52 4109/2447/52
f 4114/2453/52 4113/2452/52 4115/2454/52
f 4112/2451/52 4113/2452/52 4114/2453/52
f 4115/2454/52 4113/2452/52 4116/2455/52
f 4118/2456/52 4121/2457/52 4117/2458/52
f 4117/2458/52 4119/2459/52 4118/2456/52
f 4119/2459/52 4117/2458/52 4120/2460/52
f 4121/2457/52 4122/2461/52 4123/2462/52
f 4121/2457/52 4118/2456/52 4122/2461/52
f 4121/2457/52 4123/2462/52 4124/2463/52
f 4125/2464/52 4124/2463/52 4123/2462/52
f 4124/2463/52 4125/2464/52 4126/2465/52
f 4125/2464/52 4127/2466/52 4126/2465/52
f 4127/2466/52 4125/2464/52 4128/2467/52
f 4127/2466/52 4128/2467/52 4129/2468/52
f 4131/2469/52 4129/2468/52 4130/2470/52
f 4129/2468/52 4128/2467/52 4130/2470/52
f 4129/2468/52 4131/2469/52 4132/2471/52
f 4133/2472/52 4135/2473/52 4134/2474/52
f 4136/2475/52 4135/2473/52 4133/2472/52
f 4133/2472/52 4137/2476/52 4136/2475/52
f 4137/2476/52 4133/2472/52 4138/2477/52
f 4139/2478/52 4141/2412/52 4138/2477/52
f 4137/2476/52 4138/2477/52 4140/2479/52
f 4141/2412/52 4140/2479/52 4138/2477/52
f 4141/2412/52 4139/2478/52 4144/2480/52
f 4140/2479/52 4141/2412/52 4142/2481/52
f 4141/2412/52 4143/2423/52 4142/2481/52
f 4135/2473/52 4145/2482/52 4144/2480/52
f 4135/2473/52 4144/2480/52 4134/2474/52
f 4144/2480/52 4139/2478/52 4134/2474/52
f 4145/2482/52 4135/2473/52 4146/2483/52
f 4145/2482/52 4146/2483/52 4137/2476/52
f 4147/2484/52 4137/2476/52 4146/2483/52
f 4137/2476/52 4147/2484/52 4136/2475/52
f 4148/2485/52 4143/2423/52 4149/2486/52
f 4148/2485/52 4142/2481/52 4143/2423/52
f 4149/2486/52 4150/2487/52 4148/2485/52
f 4151/2488/52 4148/2485/52 4150/2487/52
f 4151/2488/52 4140/2479/52 4152/2489/52
f 4140/2479/52 4151/2488/52 4137/2476/52
f 4148/2485/52 4151/2488/52 4152/2489/52
f 4153/2450/3234 4155/2289/3234 4154/2449/3235
f 4156/2287/3234 4155/2289/3234 4153/2450/3234
f 4157/2294/3234 4154/2449/3235 4155/2289/3234
f 4159/2293/3234 4158/2452/3234 4157/2294/3234
f 4154/2449/3235 4157/2294/3234 4158/2452/3234
f 4158/2452/3234 4159/2293/3234 4160/2455/3234
f 4161/2490/80 4163/2491/80 4162/2492/80
f 4163/2491/80 4164/2493/80 4162/2492/80
f 4165/2494/3236 4167/2495/3236 4166/2496/3237
f 4166/2496/3237 4167/2495/3236 4168/2497/3237
f 4166/2496/3237 4168/2497/3237 4169/2498/3238
f 4169/2498/3238 4168/2497/3237 4170/2499/3238
f 4169/2498/3238 4170/2499/3238 4171/2500/3239
f 4171/2500/3239 4170/2499/3238 4172/2501/3240
f 4171/2500/3239 4172/2501/3240 4173/2502/3241
f 4173/2502/3241 4174/2503/3242 4171/2500/3239
f 4174/2503/3242 4173/2502/3241 4175/2504/3243
f 4175/2504/3243 4176/2505/3243 4174/2503/3242
f 4176/2505/3243 4175/2504/3243 4177/2506/3244
f 4177/2506/3244 4178/2507/3245 4176/2505/3243
f 4178/2507/3245 4177/2506/3244 4179/2508/3246
f 4179/2508/3246 4180/2509/3246 4178/2507/3245
f 4182/2510/80 4184/2511/80 4181/2512/80
f 4181/2512/80 4183/2513/80 4182/2510/80
f 4185/2514/3247 4187/2515/3247 4186/2516/3241
f 4186/2516/3241 4187/2515/3247 4188/2517/3241
f 4186/2516/3241 4188/2517/3241 4189/2311/3248
f 4189/2311/3248 4188/2517/3241 4190/2310/3248
f 4192/2518/80 4194/2519/80 4191/2520/3249
f 4191/2520/3249 4193/2521/3250 4192/2518/80
f 4194/2519/80 4192/2518/80 4195/2522/3251
f 4195/2522/3251 4196/2523/3252 4194/2519/80
f 4198/2524/3251 4200/2525/3251 4197/2526/3253
f 4197/2526/3253 4199/2527/3253 4198/2524/3251
f 4202/2528/3251 4204/2529/3251 4201/2530/3253
f 4201/2530/3253 4203/2531/3253 4202/2528/3251
f 4205/2528/3251 4207/2529/3251 4206/2531/3253
f 4206/2531/3253 4207/2529/3251 4208/2530/3253
f 4209/2528/3251 4211/2529/3251 4210/2531/3253
f 4210/2531/3253 4211/2529/3251 4212/2530/3253
f 4214/2532/3254 4216/2533/3254 4213/2534/3255
f 4213/2534/3255 4215/2535/3255 4214/2532/3254
f 4216/2533/3254 4214/2532/3254 4217/2536/3256
f 4217/2536/3256 4218/2537/3256 4216/2533/3254
f 4220/2538/3257 4219/2539/3257 4221/2540/3258
f 4222/2541/3258 4221/2540/3258 4223/2542/3259
f 4221/2540/3258 4222/2541/3258 4220/2538/3257
f 4223/2542/3259 4224/2543/3259 4222/2541/3258
f 4223/2542/3259 4225/2544/3260 4224/2543/3259
f 4226/2545/3261 4225/2544/3260 4223/2542/3259
f 4226/2545/3261 4227/2546/3262 4225/2544/3260
f 4227/2546/3262 4226/2545/3261 4228/2547/3263
f 4230/2548/3253 4229/2549/3253 4231/2491/3253
f 4231/2491/3253 4232/2493/3253 4230/2548/3253
f 4234/2550/3264 4233/2551/3264 4235/2552/3265
f 4235/2552/3265 4236/2553/3266 4234/2550/3264
f 4236/2553/3266 4235/2552/3265 4237/2554/3267
f 4237/2554/3267 4235/2552/3265 4238/2555/3267
f 4239/2556/3268 4241/2557/3268 4240/2558/3268
f 4241/2557/3268 4242/2559/3268 4240/2558/3268
f 4243/2560/3269 4244/2561/3270 4246/2562/3269
f 4243/2560/3269 4245/2563/3270 4244/2561/3270
f 4245/2563/3270 4247/2564/107 4244/2561/3270
f 4248/2565/107 4247/2564/107 4245/2563/3270
f 4248/2565/107 4249/2566/3271 4247/2564/107
f 4250/2567/3271 4249/2566/3271 4248/2565/107
f 4250/2567/3271 4251/2568/107 4249/2566/3271
f 4252/2569/3272 4251/2568/107 4250/2567/3271
f 4252/2569/3272 4253/2570/3273 4251/2568/107
f 4254/2571/3273 4253/2570/3273 4252/2569/3272
f 4254/2571/3273 4255/2572/3274 4253/2570/3273
f 4256/2573/3274 4255/2572/3274 4254/2571/3273
f 4256/2573/3274 4257/2574/107 4255/2572/3274
f 4258/2575/107 4255/2572/3274 4257/2574/107
f 4259/2576/3275 4261/2577/3275 4260/2578/3275
f 4260/2578/3275 4261/2577/3275 4262/2579/3275
f 4263/2580/3276 4265/2581/3277 4264/2582/3278
f 4265/2581/3277 4263/2580/3276 4266/2583/3276
f 4268/2584/3279 4270/2585/3279 4267/2586/3280
f 4267/2586/3280 4269/2587/3281 4268/2584/3279
f 4270/2585/3279 4268/2584/3279 4271/2588/3282
f 4271/2588/3282 4272/2589/3283 4270/2585/3279
f 4272/2589/3283 4271/2588/3282 4273/2590/3284
f 4273/2590/3284 4274/2591/3284 4272/2589/3283
f 4274/2591/3284 4273/2590/3284 4275/2592/3249
f 4275/2592/3249 4273/2590/3284 4276/2593/3285
f 4277/2594/7 4279/2595/3286 4278/2596/7
f 4279/2595/3286 4277/2594/7 4280/2597/3286
f 4281/2598/3287 4283/2599/3288 4282/2600/3288
f 4283/2599/3288 4281/2598/3287 4284/2601/3287
f 4285/2602/3289 4282/2600/3288 4283/2599/3288
f 4287/2603/3271 4286/2604/3289 4285/2602/3289
f 4282/2600/3288 4285/2602/3289 4286/2604/3289
f 4286/2604/3289 4287/2603/3271 4288/2605/3271
f 4289/2606/3290 4288/2605/3271 4287/2603/3271
f 4288/2605/3271 4289/2606/3290 4290/2607/3290
f 4292/2608/3291 4294/2609/3291 4291/2610/3292
f 4291/2610/3292 4293/2611/3292 4292/2608/3291
f 4294/2609/3291 4292/2608/3291 4295/2612/3293
f 4295/2612/3293 4296/2613/3293 4294/2609/3291
f 4295/2612/3293 4297/2614/3294 4296/2613/3293
f 4297/2614/3294 4298/2615/3294 4296/2613/3293
f 4300/2616/107 4301/2617/3295 4299/2618/3295
f 4301/2617/3295 4300/2616/107 4302/2619/3296
f 4302/2619/3296 4300/2616/107 4303/2620/107
f 4302/2619/3296 4303/2620/107 4304/2621/3264
f 4306/2622/3295 4305/2623/3295 4307/2624/3264
f 4308/2625/3264 4306/2622/3295 4307/2624/3264
f 4312/2626/3264 4309/2627/3295 4310/2628/3264
f 4309/2627/3295 4311/2629/3295 4310/2628/3264
f 4314/2630/3295 4315/2631/3264 4313/2632/3295
f 4316/2633/3264 4313/2632/3295 4315/2631/3264
f 4318/2634/3297 4317/2635/3297 4319/2636/3298
f 4319/2636/3298 4320/2637/3298 4318/2634/3297
f 4321/2638/3264 4323/2639/107 4322/2640/3264
f 4324/2641/107 4322/2640/3264 4323/2639/107
f 4325/2640/3264 4327/2642/3295 4326/2638/3264
f 4328/2643/3295 4326/2638/3264 4327/2642/3295
f 4330/2644/107 4331/2643/3295 4329/2642/3299
f 4331/2643/3295 4330/2644/107 4332/2645/107
f 4333/2646/131 4335/2647/131 4334/2648/131
f 4335/2647/131 4333/2646/131 4336/2649/131
f 4333/2646/131 4337/2650/131 4336/2649/131
f 4337/2650/131 4333/2646/131 4338/2651/131
f 4338/2651/131 4333/2646/131 4339/2652/131
f 4338/2651/131 4339/2652/131 4340/2653/131
f 4340/2653/131 4339/2652/131 4341/2654/131
f 4336/2649/131 4337/2650/131 4342/2655/131
f 4335/2647/131 4336/2649/131 4343/2656/131
f 4334/2648/131 4335/2647/131 4344/2657/131
f 4346/2658/131 4348/2659/131 4345/2660/131
f 4345/2660/131 4347/2661/131 4346/2658/131
f 4348/2659/131 4346/2658/131 4349/2662/131
f 4350/2663/131 4348/2659/131 4349/2662/131
f 4348/2659/131 4350/2663/131 4351/2664/131
f 4351/2664/131 4352/2665/131 4353/2666/131
f 4352/2665/131 4351/2664/131 4355/2667/131
f 4351/2664/131 4353/2666/131 4354/2668/131
f 4355/2667/131 4351/2664/131 4350/2663/131
f 4350/2663/131 4356/2669/131 4355/2667/131
f 4356/2669/131 4350/2663/131 4357/2670/131
f 4357/2670/131 4358/2671/131 4356/2669/131
f 4358/2671/131 4359/2672/131 4347/2661/131
f 4359/2672/131 4358/2671/131 4357/2670/131
f 4359/2672/131 4360/2673/131 4347/2661/131
f 4360/2673/131 4346/2658/131 4347/2661/131
f 4354/2668/131 4353/2666/131 4361/2674/131
f 4363/2675/131 4365/2676/131 4362/2677/131
f 4362/2677/131 4364/2678/131 4363/2675/131
f 4363/2675/131 4366/2679/131 4365/2676/131
f 4368/2680/131 4366/2679/131 4367/2681/131
f 4367/2681/131 4366/2679/131 4363/2675/131
f 4369/2682/131 4366/2679/131 4368/2680/131
f 4366/2679/131 4369/2682/131 4370/2683/131
f 4371/2684/131 4370/2683/131 4369/2682/131
f 4372/2685/131 4373/2686/131 4380/2687/131
f 4372/2685/131 4374/2688/131 4373/2686/131
f 4375/2689/131 4374/2688/131 4372/2685/131
f 4372/2685/131 4376/2690/131 4375/2689/131
f 4376/2690/131 4372/2685/131 4377/2691/131
f 4372/2685/131 4378/2692/131 4377/2691/131
f 4378/2692/131 4372/2685/131 4379/2693/131
f 4373/2686/131 4381/2694/131 4380/2687/131
f 4381/2694/131 4382/2695/131 4383/2696/131
f 4381/2694/131 4373/2686/131 4382/2695/131
f 4382/2695/131 4373/2686/131 4384/2697/131
f 4379/2693/131 4385/2698/131 4378/2692/131
f 4386/2699/131 4376/2690/131 4387/2700/131
f 4386/2699/131 4375/2689/131 4376/2690/131
f 4374/2688/131 4375/2689/131 4388/2701/131
f 4389/2702/131 4391/2703/131 4390/2704/131
f 4391/2703/131 4389/2702/131 4392/2705/131
f 4389/2702/131 4393/2706/131 4392/2705/131
f 4393/2706/131 4389/2702/131 4394/2707/131
f 4392/2705/131 4393/2706/131 4395/2708/131
f 4390/2704/131 4391/2703/131 4396/2709/131
f 4390/2704/131 4396/2709/131 4397/2710/131
f 4397/2710/131 4398/2711/131 4390/2704/131
f 4399/2712/131 4401/2713/131 4400/2714/131
f 4401/2713/131 4399/2712/131 4402/2715/131
f 4402/2715/131 4399/2712/131 4403/2716/131
f 4402/2715/131 4403/2716/131 4404/2717/131
f 4403/2716/131 4405/2718/131 4404/2717/131
f 4405/2718/131 4403/2716/131 4406/2719/131
f 4406/2719/131 4407/2720/131 4405/2718/131
f 4407/2720/131 4406/2719/131 4408/2721/131
f 4407/2720/131 4408/2721/131 4409/2722/131
f 4411/2723/131 4410/2724/131 4409/2722/131
f 4407/2720/131 4409/2722/131 4410/2724/131
f 4410/2724/131 4411/2723/131 4412/2725/131
f 4412/2725/131 4411/2723/131 4413/2726/131
f 4414/2727/131 4413/2726/131 4411/2723/131
f 4415/2728/131 4417/2729/131 4416/2663/131
f 4417/2729/131 4415/2728/131 4418/2730/131
f 4415/2728/131 4419/2731/131 4418/2730/131
f 4419/2731/131 4415/2728/131 4420/2732/131
f 4420/2732/131 4422/2733/131 4419/2731/131
f 4421/2734/131 4422/2733/131 4420/2732/131
f 4422/2733/131 4421/2734/131 4423/2735/131
f 4421/2734/131 4424/2736/131 4423/2735/131
f 4424/2736/131 4425/2737/131 4419/2731/131
f 4421/2734/131 4425/2737/131 4424/2736/131
f 4419/2731/131 4425/2737/131 4418/2730/131
f 4425/2737/131 4421/2734/131 4426/2738/131
f 4426/2738/131 4421/2734/131 4427/2739/131
f 4427/2739/131 4417/2729/131 4426/2738/131
f 4427/2739/131 4430/2740/131 4428/2741/131
f 4417/2729/131 4427/2739/131 4429/2742/131
f 4427/2739/131 4421/2734/131 4430/2740/131
f 4430/2740/131 4431/2743/131 4428/2741/131
f 4431/2743/131 4430/2740/131 4432/2744/131
f 4433/2745/131 4431/2743/131 4432/2744/131
f 4434/2662/131 4431/2743/131 4433/2745/131
f 4434/2662/131 4416/2663/131 4429/2742/131
f 4429/2742/131 4431/2743/131 4434/2662/131
f 4429/2742/131 4416/2663/131 4417/2729/131
f 4435/2707/3300 4437/2679/3300 4436/2683/3300
f 4437/2679/3300 4435/2707/3300 4438/2702/3300
f 4438/2702/3300 4439/2704/3301 4437/2679/3300
f 4439/2704/3301 4441/2711/3300 4440/2676/3301
f 4440/2676/3301 4437/2679/3300 4439/2704/3301
f 4442/2677/3300 4440/2676/3301 4441/2711/3300
